Snapshot_Month,Store_ID,Product_ID,Opening_Stock,Receipts,Units_Sold,Closing_Stock,Stockout_Days,Inventory_Value
2025-01-01,ST001,PR0001,19,36,23,32,0,7669.44
2025-01-01,ST001,PR0002,9,41,23,27,0,6271.83
2025-01-01,ST001,PR0003,32,50,7,75,0,23383.5
2025-01-01,ST001,PR0004,58,55,7,106,0,37722.22
2025-01-01,ST001,PR0005,6,45,25,26,0,12922.0
2025-01-01,ST001,PR0006,49,17,33,33,0,18063.54
2025-01-01,ST001,PR0007,58,32,0,90,0,59005.8
2025-01-01,ST001,PR0008,48,48,16,80,0,42124.8
2025-01-01,ST001,PR0009,57,42,48,51,0,33804.33
2025-01-01,ST001,PR0010,33,51,4,80,0,48484.8
2025-01-01,ST001,PR0011,29,39,16,52,0,36963.16
2025-01-01,ST001,PR0012,40,21,34,27,0,23117.4
2025-01-01,ST001,PR0013,51,9,14,46,0,34264.02
2025-01-01,ST001,PR0014,8,0,8,0,3,0.0
2025-01-01,ST001,PR0015,37,34,18,53,0,12751.27
2025-01-01,ST001,PR0016,31,11,25,17,0,4919.12
2025-01-01,ST001,PR0017,61,25,0,86,0,26194.74
2025-01-01,ST001,PR0018,45,10,15,40,0,16486.4
2025-01-01,ST001,PR0019,27,1,5,23,0,11725.86
2025-01-01,ST001,PR0020,57,42,23,76,0,31527.08
2025-01-01,ST001,PR0021,27,3,13,17,0,10822.88
2025-01-01,ST001,PR0022,43,49,18,74,0,49901.16
2025-01-01,ST001,PR0023,37,47,24,60,0,38477.4
2025-01-01,ST001,PR0024,48,42,8,82,0,52641.54
2025-01-01,ST001,PR0025,65,51,36,80,0,75052.0
2025-01-01,ST001,PR0026,51,4,5,50,0,40027.0
2025-01-01,ST001,PR0027,52,28,21,59,0,45322.03
2025-01-01,ST001,PR0028,22,45,22,45,0,6475.5
2025-01-01,ST001,PR0029,59,33,44,48,0,12380.64
2025-01-01,ST001,PR0030,63,8,36,35,0,10353.7
2025-01-01,ST001,PR0031,4,29,33,0,3,0.0
2025-01-01,ST001,PR0032,13,49,19,43,0,18651.68
2025-01-01,ST001,PR0033,45,3,23,25,0,11545.0
2025-01-01,ST001,PR0034,57,0,17,40,0,24240.0
2025-01-01,ST001,PR0035,55,53,34,74,0,40162.02
2025-01-01,ST001,PR0036,38,21,6,53,0,33867.53
2025-01-01,ST001,PR0037,55,33,8,80,0,61625.6
2025-01-01,ST001,PR0038,19,13,23,9,0,6968.7
2025-01-01,ST001,PR0039,27,1,28,0,11,0.0
2025-01-01,ST001,PR0040,35,51,25,61,0,53676.34
2025-01-01,ST001,PR0041,36,38,33,41,0,40318.99
2025-01-01,ST001,PR0042,12,40,20,32,0,4497.6
2025-01-01,ST001,PR0043,64,34,34,64,0,13026.56
2025-01-01,ST001,PR0044,60,28,10,78,0,20382.18
2025-01-01,ST001,PR0045,16,17,10,23,0,6579.15
2025-01-01,ST001,PR0046,38,12,30,20,0,7146.8
2025-01-01,ST001,PR0047,42,28,27,43,0,16567.47
2025-01-01,ST001,PR0048,16,26,42,0,12,0.0
2025-01-01,ST001,PR0049,17,6,15,8,0,4794.0
2025-01-01,ST001,PR0050,8,14,22,0,2,0.0
2025-01-01,ST001,PR0051,28,38,20,46,0,29862.74
2025-01-01,ST001,PR0052,27,46,10,63,0,41416.83
2025-01-01,ST001,PR0053,14,17,17,14,0,10159.94
2025-01-01,ST001,PR0054,6,41,24,23,0,22963.89
2025-01-01,ST001,PR0055,57,37,4,90,0,86715.9
2025-01-01,ST001,PR0056,53,40,6,87,0,15452.07
2025-01-01,ST001,PR0057,4,51,25,30,0,5956.8
2025-01-01,ST001,PR0058,44,55,27,72,0,22289.76
2025-01-01,ST001,PR0059,15,43,41,17,0,5050.19
2025-01-01,ST001,PR0060,37,30,14,53,0,20134.17
2025-01-01,ST002,PR0001,36,25,21,40,0,9586.8
2025-01-01,ST002,PR0002,46,46,19,73,0,16957.17
2025-01-01,ST002,PR0003,15,43,29,29,0,9041.62
2025-01-01,ST002,PR0004,64,36,15,85,0,30248.95
2025-01-01,ST002,PR0005,45,26,24,47,0,23359.0
2025-01-01,ST002,PR0006,36,29,15,50,0,27369.0
2025-01-01,ST002,PR0007,32,9,40,1,8,655.62
2025-01-01,ST002,PR0008,13,31,28,16,0,8424.96
2025-01-01,ST002,PR0009,24,22,20,26,0,17233.58
2025-01-01,ST002,PR0010,42,10,36,16,0,9696.96
2025-01-01,ST002,PR0011,58,16,0,74,0,52601.42
2025-01-01,ST002,PR0012,37,19,25,31,0,26542.2
2025-01-01,ST002,PR0013,13,34,23,24,0,17876.88
2025-01-01,ST002,PR0014,46,40,20,66,0,9940.92
2025-01-01,ST002,PR0015,38,36,35,39,0,9383.01
2025-01-01,ST002,PR0016,50,5,19,36,0,10416.96
2025-01-01,ST002,PR0017,18,25,25,18,0,5482.62
2025-01-01,ST002,PR0018,21,39,27,33,0,13601.28
2025-01-01,ST002,PR0019,60,22,14,68,0,34667.76
2025-01-01,ST002,PR0020,23,14,16,21,0,8711.43
2025-01-01,ST002,PR0021,30,43,29,44,0,28012.16
2025-01-01,ST002,PR0022,54,31,18,67,0,45180.78
2025-01-01,ST002,PR0023,33,34,7,60,0,38477.4
2025-01-01,ST002,PR0024,17,53,41,29,0,18617.13
2025-01-01,ST002,PR0025,16,17,22,11,0,10319.65
2025-01-01,ST002,PR0026,23,2,22,3,0,2401.62
2025-01-01,ST002,PR0027,17,53,17,53,0,40713.01
2025-01-01,ST002,PR0028,21,46,20,47,0,6763.3
2025-01-01,ST002,PR0029,17,25,16,26,0,6706.18
2025-01-01,ST002,PR0030,11,22,18,15,0,4437.3
2025-01-01,ST002,PR0031,37,45,8,74,0,28260.6
2025-01-01,ST002,PR0032,7,35,19,23,0,9976.48
2025-01-01,ST002,PR0033,41,41,34,48,0,22166.4
2025-01-01,ST002,PR0034,48,40,23,65,0,39390.0
2025-01-01,ST002,PR0035,34,24,22,36,0,19538.28
2025-01-01,ST002,PR0036,16,53,50,19,0,12141.19
2025-01-01,ST002,PR0037,52,25,19,58,0,44678.56
2025-01-01,ST002,PR0038,47,5,15,37,0,28649.1
2025-01-01,ST002,PR0039,48,42,20,70,0,63613.2
2025-01-01,ST002,PR0040,50,0,23,27,0,23758.38
2025-01-01,ST002,PR0041,31,16,29,18,0,17701.02
2025-01-01,ST002,PR0042,14,28,36,6,0,843.3
2025-01-01,ST002,PR0043,17,10,27,0,12,0.0
2025-01-01,ST002,PR0044,33,34,30,37,0,9668.47
2025-01-01,ST002,PR0045,62,47,21,88,0,25172.4
2025-01-01,ST002,PR0046,32,24,24,32,0,11434.88
2025-01-01,ST002,PR0047,43,22,33,32,0,12329.28
2025-01-01,ST002,PR0048,5,1,0,6,0,2811.12
2025-01-01,ST002,PR0049,40,3,36,7,0,4194.75
2025-01-01,ST002,PR0050,22,13,15,20,0,11875.0
2025-01-01,ST002,PR0051,63,52,26,89,0,57777.91
2025-01-01,ST002,PR0052,28,30,5,53,0,34842.73
2025-01-01,ST002,PR0053,28,31,29,30,0,21771.3
2025-01-01,ST002,PR0054,36,29,38,27,0,26957.61
2025-01-01,ST002,PR0055,16,41,5,52,0,50102.52
2025-01-01,ST002,PR0056,58,30,14,74,0,13143.14
2025-01-01,ST002,PR0057,6,53,29,30,0,5956.8
2025-01-01,ST002,PR0058,17,35,16,36,0,11144.88
2025-01-01,ST002,PR0059,5,53,16,42,0,12476.94
2025-01-01,ST002,PR0060,57,10,14,53,0,20134.17
2025-01-01,ST003,PR0001,54,8,36,26,0,6231.42
2025-01-01,ST003,PR0002,6,55,18,43,0,9988.47
2025-01-01,ST003,PR0003,10,18,15,13,0,4053.14
2025-01-01,ST003,PR0004,48,13,34,27,0,9608.49
2025-01-01,ST003,PR0005,14,36,9,41,0,20377.0
2025-01-01,ST003,PR0006,61,4,19,46,0,25179.48
2025-01-01,ST003,PR0007,14,40,41,13,0,8523.06
2025-01-01,ST003,PR0008,4,13,17,0,9,0.0
2025-01-01,ST003,PR0009,5,2,7,0,8,0.0
2025-01-01,ST003,PR0010,48,46,6,88,0,53333.28
2025-01-01,ST003,PR0011,48,54,19,83,0,58998.89
2025-01-01,ST003,PR0012,18,9,27,0,10,0.0
2025-01-01,ST003,PR0013,20,46,26,40,0,29794.8
2025-01-01,ST003,PR0014,14,4,18,0,8,0.0
2025-01-01,ST003,PR0015,57,53,28,82,0,19728.38
2025-01-01,ST003,PR0016,10,41,19,32,0,9259.52
2025-01-01,ST003,PR0017,4,19,23,0,5,0.0
2025-01-01,ST003,PR0018,57,42,31,68,0,28026.88
2025-01-01,ST003,PR0019,50,5,23,32,0,16314.24
2025-01-01,ST003,PR0020,49,34,33,50,0,20741.5
2025-01-01,ST003,PR0021,49,3,8,44,0,28012.16
2025-01-01,ST003,PR0022,50,14,18,46,0,31019.64
2025-01-01,ST003,PR0023,44,47,5,86,0,55150.94
2025-01-01,ST003,PR0024,50,2,5,47,0,30172.59
2025-01-01,ST003,PR0025,25,13,3,35,0,32835.25
2025-01-01,ST003,PR0026,59,40,16,83,0,66444.82
2025-01-01,ST003,PR0027,42,3,22,23,0,17667.91
2025-01-01,ST003,PR0028,43,37,29,51,0,7338.9
2025-01-01,ST003,PR0029,20,46,31,35,0,9027.55
2025-01-01,ST003,PR0030,64,10,13,61,0,18045.02
2025-01-01,ST003,PR0031,44,26,33,37,0,14130.3
2025-01-01,ST003,PR0032,63,12,17,58,0,25158.08
2025-01-01,ST003,PR0033,48,52,30,70,0,32326.0
2025-01-01,ST003,PR0034,24,36,19,41,0,24846.0
2025-01-01,ST003,PR0035,13,15,18,10,0,5427.3
2025-01-01,ST003,PR0036,60,33,7,86,0,54954.86
2025-01-01,ST003,PR0037,14,45,33,26,0,20028.32
2025-01-01,ST003,PR0038,51,29,32,48,0,37166.4
2025-01-01,ST003,PR0039,23,6,24,5,0,4543.8
2025-01-01,ST003,PR0040,14,3,17,0,11,0.0
2025-01-01,ST003,PR0041,21,11,8,24,0,23601.36
2025-01-01,ST003,PR0042,21,51,37,35,0,4919.25
2025-01-01,ST003,PR0043,36,29,28,37,0,7530.98
2025-01-01,ST003,PR0044,60,11,30,41,0,10713.71
2025-01-01,ST003,PR0045,22,30,34,18,0,5148.9
2025-01-01,ST003,PR0046,65,31,13,83,0,29659.22
2025-01-01,ST003,PR0047,28,44,22,50,0,19264.5
2025-01-01,ST003,PR0048,51,5,9,47,0,22020.44
2025-01-01,ST003,PR0049,52,19,40,31,0,18576.75
2025-01-01,ST003,PR0050,57,53,28,82,0,48687.5
2025-01-01,ST003,PR0051,51,35,8,78,0,50636.82
2025-01-01,ST003,PR0052,8,42,5,45,0,29583.45
2025-01-01,ST003,PR0053,34,27,26,35,0,25399.85
2025-01-01,ST003,PR0054,27,21,32,16,0,15974.88
2025-01-01,ST003,PR0055,36,54,30,60,0,57810.6
2025-01-01,ST003,PR0056,41,26,18,49,0,8702.89
2025-01-01,ST003,PR0057,61,30,20,71,0,14097.76
2025-01-01,ST003,PR0058,24,31,27,28,0,8668.24
2025-01-01,ST003,PR0059,10,4,14,0,8,0.0
2025-01-01,ST003,PR0060,7,43,1,49,0,18614.61
2025-01-01,ST004,PR0001,37,31,18,50,0,11983.5
2025-01-01,ST004,PR0002,41,33,23,51,0,11846.79
2025-01-01,ST004,PR0003,54,41,8,87,0,27124.86
2025-01-01,ST004,PR0004,36,22,7,51,0,18149.37
2025-01-01,ST004,PR0005,4,14,18,0,9,0.0
2025-01-01,ST004,PR0006,63,36,30,69,0,37769.22
2025-01-01,ST004,PR0007,4,31,34,1,7,655.62
2025-01-01,ST004,PR0008,6,0,6,0,4,0.0
2025-01-01,ST004,PR0009,56,33,30,59,0,39106.97
2025-01-01,ST004,PR0010,19,4,15,8,0,4848.48
2025-01-01,ST004,PR0011,46,9,11,44,0,31276.52
2025-01-01,ST004,PR0012,58,4,17,45,0,38529.0
2025-01-01,ST004,PR0013,57,48,28,77,0,57354.99
2025-01-01,ST004,PR0014,15,34,8,41,0,6175.42
2025-01-01,ST004,PR0015,21,53,1,73,0,17563.07
2025-01-01,ST004,PR0016,12,6,18,0,11,0.0
2025-01-01,ST004,PR0017,34,50,23,61,0,18579.99
2025-01-01,ST004,PR0018,21,44,15,50,0,20608.0
2025-01-01,ST004,PR0019,13,46,33,26,0,13255.32
2025-01-01,ST004,PR0020,5,8,13,0,5,0.0
2025-01-01,ST004,PR0021,35,54,19,70,0,44564.8
2025-01-01,ST004,PR0022,9,55,27,37,0,24950.58
2025-01-01,ST004,PR0023,5,15,20,0,7,0.0
2025-01-01,ST004,PR0024,9,32,0,41,0,26320.77
2025-01-01,ST004,PR0025,18,49,7,60,0,56289.0
2025-01-01,ST004,PR0026,8,49,22,35,0,28018.9
2025-01-01,ST004,PR0027,62,27,33,56,0,43017.52
2025-01-01,ST004,PR0028,44,5,7,42,0,6043.8
2025-01-01,ST004,PR0029,31,17,24,24,0,6190.32
2025-01-01,ST004,PR0030,18,45,12,51,0,15086.82
2025-01-01,ST004,PR0031,59,17,20,56,0,21386.4
2025-01-01,ST004,PR0032,20,44,12,52,0,22555.52
2025-01-01,ST004,PR0033,57,51,31,77,0,35558.6
2025-01-01,ST004,PR0034,34,15,28,21,0,12726.0
2025-01-01,ST004,PR0035,62,34,20,76,0,41247.48
2025-01-01,ST004,PR0036,33,30,29,34,0,21726.34
2025-01-01,ST004,PR0037,56,15,22,49,0,37745.68
2025-01-01,ST004,PR0038,62,9,33,38,0,29423.4
2025-01-01,ST004,PR0039,5,12,4,13,0,11813.88
2025-01-01,ST004,PR0040,54,47,27,74,0,65115.56
2025-01-01,ST004,PR0041,65,17,12,70,0,68837.3
2025-01-01,ST004,PR0042,21,27,18,30,0,4216.5
2025-01-01,ST004,PR0043,43,16,16,43,0,8752.22
2025-01-01,ST004,PR0044,48,16,26,38,0,9929.78
2025-01-01,ST004,PR0045,48,8,0,56,0,16018.8
2025-01-01,ST004,PR0046,56,8,39,25,0,8933.5
2025-01-01,ST004,PR0047,57,55,0,112,0,43152.48
2025-01-01,ST004,PR0048,45,49,14,80,0,37481.6
2025-01-01,ST004,PR0049,20,14,15,19,0,11385.75
2025-01-01,ST004,PR0050,18,9,21,6,0,3562.5
2025-01-01,ST004,PR0051,49,34,39,44,0,28564.36
2025-01-01,ST004,PR0052,16,18,34,0,5,0.0
2025-01-01,ST004,PR0053,25,32,30,27,0,19594.17
2025-01-01,ST004,PR0054,12,33,28,17,0,16973.31
2025-01-01,ST004,PR0055,42,18,15,45,0,43357.95
2025-01-01,ST004,PR0056,15,15,18,12,0,2131.32
2025-01-01,ST004,PR0057,43,36,5,74,0,14693.44
2025-01-01,ST004,PR0058,20,53,35,38,0,11764.04
2025-01-01,ST004,PR0059,20,25,31,14,0,4158.98
2025-01-01,ST004,PR0060,23,22,22,23,0,8737.47
2025-01-01,ST005,PR0001,62,32,10,84,0,20132.28
2025-01-01,ST005,PR0002,30,19,10,39,0,9059.31
2025-01-01,ST005,PR0003,33,0,17,16,0,4988.48
2025-01-01,ST005,PR0004,58,30,18,70,0,24910.9
2025-01-01,ST005,PR0005,6,15,6,15,0,7455.0
2025-01-01,ST005,PR0006,11,45,28,28,0,15326.64
2025-01-01,ST005,PR0007,24,52,24,52,0,34092.24
2025-01-01,ST005,PR0008,46,44,20,70,0,36859.2
2025-01-01,ST005,PR0009,31,51,19,63,0,41758.29
2025-01-01,ST005,PR0010,9,55,15,49,0,29696.94
2025-01-01,ST005,PR0011,55,24,22,57,0,40517.31
2025-01-01,ST005,PR0012,27,51,17,61,0,52228.2
2025-01-01,ST005,PR0013,61,4,26,39,0,29049.93
2025-01-01,ST005,PR0014,18,49,3,64,0,9639.68
2025-01-01,ST005,PR0015,4,30,27,7,0,1684.13
2025-01-01,ST005,PR0016,13,8,21,0,7,0.0
2025-01-01,ST005,PR0017,53,15,15,53,0,16143.27
2025-01-01,ST005,PR0018,5,50,24,31,0,12776.96
2025-01-01,ST005,PR0019,33,12,13,32,0,16314.24
2025-01-01,ST005,PR0020,24,27,25,26,0,10785.58
2025-01-01,ST005,PR0021,30,37,8,59,0,37561.76
2025-01-01,ST005,PR0022,50,32,24,58,0,39111.72
2025-01-01,ST005,PR0023,17,26,22,21,0,13467.09
2025-01-01,ST005,PR0024,5,21,26,0,11,0.0
2025-01-01,ST005,PR0025,9,55,7,57,0,53474.55
2025-01-01,ST005,PR0026,5,20,21,4,0,3202.16
2025-01-01,ST005,PR0027,43,41,8,76,0,58380.92
2025-01-01,ST005,PR0028,40,26,30,36,0,5180.4
2025-01-01,ST005,PR0029,13,45,33,25,0,6448.25
2025-01-01,ST005,PR0030,13,43,28,28,0,8282.96
2025-01-01,ST005,PR0031,48,20,27,41,0,15657.9
2025-01-01,ST005,PR0032,31,19,12,38,0,16482.88
2025-01-01,ST005,PR0033,18,20,8,30,0,13854.0
2025-01-01,ST005,PR0034,29,46,42,33,0,19998.0
2025-01-01,ST005,PR0035,20,51,38,33,0,17910.09
2025-01-01,ST005,PR0036,44,4,17,31,0,19809.31
2025-01-01,ST005,PR0037,31,13,25,19,0,14636.08
2025-01-01,ST005,PR0038,46,12,7,51,0,39489.3
2025-01-01,ST005,PR0039,20,23,21,22,0,19992.72
2025-01-01,ST005,PR0040,19,55,17,57,0,50156.58
2025-01-01,ST005,PR0041,23,53,22,54,0,53103.06
2025-01-01,ST005,PR0042,26,0,26,0,2,0.0
2025-01-01,ST005,PR0043,10,32,33,9,0,1831.86
2025-01-01,ST005,PR0044,4,50,12,42,0,10975.02
2025-01-01,ST005,PR0045,53,41,14,80,0,22884.0
2025-01-01,ST005,PR0046,11,3,13,1,9,357.34
2025-01-01,ST005,PR0047,4,9,13,0,7,0.0
2025-01-01,ST005,PR0048,53,55,35,73,0,34201.96
2025-01-01,ST005,PR0049,52,16,29,39,0,23370.75
2025-01-01,ST005,PR0050,32,41,18,55,0,32656.25
2025-01-01,ST005,PR0051,25,52,24,53,0,34407.07
2025-01-01,ST005,PR0052,59,51,26,84,0,55222.44
2025-01-01,ST005,PR0053,46,42,1,87,0,63136.77
2025-01-01,ST005,PR0054,8,0,8,0,5,0.0
2025-01-01,ST005,PR0055,61,35,19,77,0,74190.27
2025-01-01,ST005,PR0056,44,9,21,32,0,5683.52
2025-01-01,ST005,PR0057,53,6,0,59,0,11715.04
2025-01-01,ST005,PR0058,35,20,2,53,0,16407.74
2025-01-01,ST005,PR0059,53,38,0,91,0,27033.37
2025-01-01,ST005,PR0060,48,15,12,51,0,19374.39
2025-01-01,ST006,PR0001,45,3,22,26,0,6231.42
2025-01-01,ST006,PR0002,11,33,25,19,0,4413.51
2025-01-01,ST006,PR0003,62,52,26,88,0,27436.64
2025-01-01,ST006,PR0004,43,24,28,39,0,13878.93
2025-01-01,ST006,PR0005,20,18,16,22,0,10934.0
2025-01-01,ST006,PR0006,26,28,24,30,0,16421.4
2025-01-01,ST006,PR0007,64,31,30,65,0,42615.3
2025-01-01,ST006,PR0008,65,11,19,57,0,30013.92
2025-01-01,ST006,PR0009,55,1,40,16,0,10605.28
2025-01-01,ST006,PR0010,42,14,19,37,0,22424.22
2025-01-01,ST006,PR0011,11,53,30,34,0,24168.22
2025-01-01,ST006,PR0012,7,19,5,21,0,17980.2
2025-01-01,ST006,PR0013,13,9,14,8,0,5958.96
2025-01-01,ST006,PR0014,38,4,34,8,0,1204.96
2025-01-01,ST006,PR0015,53,23,27,49,0,11788.91
2025-01-01,ST006,PR0016,45,50,23,72,0,20833.92
2025-01-01,ST006,PR0017,10,45,27,28,0,8528.52
2025-01-01,ST006,PR0018,4,53,3,54,0,22256.64
2025-01-01,ST006,PR0019,47,5,0,52,0,26510.64
2025-01-01,ST006,PR0020,41,24,35,30,0,12444.9
2025-01-01,ST006,PR0021,59,41,0,100,0,63664.0
2025-01-01,ST006,PR0022,25,14,29,10,0,6743.4
2025-01-01,ST006,PR0023,48,16,21,43,0,27575.47
2025-01-01,ST006,PR0024,29,6,34,1,11,641.97
2025-01-01,ST006,PR0025,25,13,18,20,0,18763.0
2025-01-01,ST006,PR0026,18,24,8,34,0,27218.36
2025-01-01,ST006,PR0027,59,45,26,78,0,59917.26
2025-01-01,ST006,PR0028,21,26,3,44,0,6331.6
2025-01-01,ST006,PR0029,25,45,24,46,0,11864.78
2025-01-01,ST006,PR0030,47,1,37,11,0,3254.02
2025-01-01,ST006,PR0031,47,14,16,45,0,17185.5
2025-01-01,ST006,PR0032,47,12,17,42,0,18217.92
2025-01-01,ST006,PR0033,29,33,30,32,0,14777.6
2025-01-01,ST006,PR0034,21,46,17,50,0,30300.0
2025-01-01,ST006,PR0035,62,32,33,61,0,33106.53
2025-01-01,ST006,PR0036,17,52,27,42,0,26838.42
2025-01-01,ST006,PR0037,36,32,22,46,0,35434.72
2025-01-01,ST006,PR0038,55,54,25,84,0,65041.2
2025-01-01,ST006,PR0039,38,20,15,43,0,39076.68
2025-01-01,ST006,PR0040,35,23,12,46,0,40477.24
2025-01-01,ST006,PR0041,12,28,0,40,0,39335.6
2025-01-01,ST006,PR0042,51,18,42,27,0,3794.85
2025-01-01,ST006,PR0043,39,26,7,58,0,11805.32
2025-01-01,ST006,PR0044,5,14,19,0,4,0.0
2025-01-01,ST006,PR0045,34,24,0,58,0,16590.9
2025-01-01,ST006,PR0046,23,30,24,29,0,10362.86
2025-01-01,ST006,PR0047,26,46,25,47,0,18108.63
2025-01-01,ST006,PR0048,8,42,26,24,0,11244.48
2025-01-01,ST006,PR0049,46,13,53,6,0,3595.5
2025-01-01,ST006,PR0050,42,5,23,24,0,14250.0
2025-01-01,ST006,PR0051,44,20,25,39,0,25318.41
2025-01-01,ST006,PR0052,42,6,12,36,0,23666.76
2025-01-01,ST006,PR0053,11,21,6,26,0,18868.46
2025-01-01,ST006,PR0054,6,35,20,21,0,20967.03
2025-01-01,ST006,PR0055,35,18,53,0,8,0.0
2025-01-01,ST006,PR0056,8,53,19,42,0,7459.62
2025-01-01,ST006,PR0057,46,12,18,40,0,7942.4
2025-01-01,ST006,PR0058,46,2,33,15,0,4643.7
2025-01-01,ST006,PR0059,17,4,21,0,5,0.0
2025-01-01,ST006,PR0060,32,25,18,39,0,14815.71
2025-01-01,ST007,PR0001,4,10,14,0,6,0.0
2025-01-01,ST007,PR0002,5,22,20,7,0,1626.03
2025-01-01,ST007,PR0003,28,19,8,39,0,12159.42
2025-01-01,ST007,PR0004,46,12,4,54,0,19216.98
2025-01-01,ST007,PR0005,17,15,0,32,0,15904.0
2025-01-01,ST007,PR0006,62,37,0,99,0,54190.62
2025-01-01,ST007,PR0007,43,23,17,49,0,32125.38
2025-01-01,ST007,PR0008,56,34,15,75,0,39492.0
2025-01-01,ST007,PR0009,55,12,39,28,0,18559.24
2025-01-01,ST007,PR0010,45,8,30,23,0,13939.38
2025-01-01,ST007,PR0011,51,4,28,27,0,19192.41
2025-01-01,ST007,PR0012,44,22,3,63,0,53940.6
2025-01-01,ST007,PR0013,10,47,10,47,0,35008.89
2025-01-01,ST007,PR0014,61,50,19,92,0,13857.04
2025-01-01,ST007,PR0015,44,13,23,34,0,8180.06
2025-01-01,ST007,PR0016,12,3,3,12,0,3472.32
2025-01-01,ST007,PR0017,56,49,34,71,0,21625.89
2025-01-01,ST007,PR0018,30,48,8,70,0,28851.2
2025-01-01,ST007,PR0019,12,14,26,0,4,0.0
2025-01-01,ST007,PR0020,13,0,13,0,9,0.0
2025-01-01,ST007,PR0021,59,23,22,60,0,38198.4
2025-01-01,ST007,PR0022,23,12,11,24,0,16184.16
2025-01-01,ST007,PR0023,34,20,13,41,0,26292.89
2025-01-01,ST007,PR0024,13,43,12,44,0,28246.68
2025-01-01,ST007,PR0025,36,33,15,54,0,50660.1
2025-01-01,ST007,PR0026,17,19,21,15,0,12008.1
2025-01-01,ST007,PR0027,25,49,17,57,0,43785.69
2025-01-01,ST007,PR0028,33,23,0,56,0,8058.4
2025-01-01,ST007,PR0029,43,19,33,29,0,7479.97
2025-01-01,ST007,PR0030,42,22,29,35,0,10353.7
2025-01-01,ST007,PR0031,31,43,18,56,0,21386.4
2025-01-01,ST007,PR0032,16,37,0,53,0,22989.28
2025-01-01,ST007,PR0033,6,45,34,17,0,7850.6
2025-01-01,ST007,PR0034,48,29,24,53,0,32118.0
2025-01-01,ST007,PR0035,57,18,14,61,0,33106.53
2025-01-01,ST007,PR0036,11,40,21,30,0,19170.3
2025-01-01,ST007,PR0037,44,51,37,58,0,44678.56
2025-01-01,ST007,PR0038,61,14,21,54,0,41812.2
2025-01-01,ST007,PR0039,55,23,20,58,0,52708.08
2025-01-01,ST007,PR0040,50,13,23,40,0,35197.6
2025-01-01,ST007,PR0041,13,9,10,12,0,11800.68
2025-01-01,ST007,PR0042,59,8,23,44,0,6184.2
2025-01-01,ST007,PR0043,15,49,39,25,0,5088.5
2025-01-01,ST007,PR0044,50,18,5,63,0,16462.53
2025-01-01,ST007,PR0045,6,40,3,43,0,12300.15
2025-01-01,ST007,PR0046,30,13,0,43,0,15365.62
2025-01-01,ST007,PR0047,57,4,20,41,0,15796.89
2025-01-01,ST007,PR0048,62,53,32,83,0,38887.16
2025-01-01,ST007,PR0049,58,14,35,37,0,22172.25
2025-01-01,ST007,PR0050,46,4,16,34,0,20187.5
2025-01-01,ST007,PR0051,10,31,24,17,0,11036.23
2025-01-01,ST007,PR0052,10,48,18,40,0,26296.4
2025-01-01,ST007,PR0053,58,29,34,53,0,38462.63
2025-01-01,ST007,PR0054,64,39,21,82,0,81871.26
2025-01-01,ST007,PR0055,4,33,0,37,0,35649.87
2025-01-01,ST007,PR0056,34,18,9,43,0,7637.23
2025-01-01,ST007,PR0057,14,38,14,38,0,7545.28
2025-01-01,ST007,PR0058,10,32,34,8,0,2476.64
2025-01-01,ST007,PR0059,59,22,18,63,0,18715.41
2025-01-01,ST007,PR0060,61,30,54,37,0,14055.93
2025-01-01,ST008,PR0001,36,5,11,30,0,7190.1
2025-01-01,ST008,PR0002,60,3,30,33,0,7665.57
2025-01-01,ST008,PR0003,28,6,27,7,0,2182.46
2025-01-01,ST008,PR0004,44,4,27,21,0,7473.27
2025-01-01,ST008,PR0005,33,35,21,47,0,23359.0
2025-01-01,ST008,PR0006,18,38,25,31,0,16968.78
2025-01-01,ST008,PR0007,20,47,14,53,0,34747.86
2025-01-01,ST008,PR0008,15,36,16,35,0,18429.6
2025-01-01,ST008,PR0009,11,53,35,29,0,19222.07
2025-01-01,ST008,PR0010,46,15,21,40,0,24242.4
2025-01-01,ST008,PR0011,12,17,9,20,0,14216.6
2025-01-01,ST008,PR0012,14,33,47,0,7,0.0
2025-01-01,ST008,PR0013,59,0,9,50,0,37243.5
2025-01-01,ST008,PR0014,30,5,11,24,0,3614.88
2025-01-01,ST008,PR0015,31,53,19,65,0,15638.35
2025-01-01,ST008,PR0016,22,27,20,29,0,8391.44
2025-01-01,ST008,PR0017,33,4,26,11,0,3350.49
2025-01-01,ST008,PR0018,48,25,29,44,0,18135.04
2025-01-01,ST008,PR0019,50,5,49,6,0,3058.92
2025-01-01,ST008,PR0020,6,20,24,2,4,829.66
2025-01-01,ST008,PR0021,29,8,37,0,11,0.0
2025-01-01,ST008,PR0022,37,23,7,53,0,35740.02
2025-01-01,ST008,PR0023,10,11,21,0,8,0.0
2025-01-01,ST008,PR0024,39,18,16,41,0,26320.77
2025-01-01,ST008,PR0025,32,54,41,45,0,42216.75
2025-01-01,ST008,PR0026,56,1,16,41,0,32822.14
2025-01-01,ST008,PR0027,46,22,28,40,0,30726.8
2025-01-01,ST008,PR0028,10,31,8,33,0,4748.7
2025-01-01,ST008,PR0029,16,6,22,0,8,0.0
2025-01-01,ST008,PR0030,47,0,30,17,0,5028.94
2025-01-01,ST008,PR0031,51,32,33,50,0,19095.0
2025-01-01,ST008,PR0032,11,52,45,18,0,7807.68
2025-01-01,ST008,PR0033,43,1,24,20,0,9236.0
2025-01-01,ST008,PR0034,4,35,16,23,0,13938.0
2025-01-01,ST008,PR0035,35,19,33,21,0,11397.33
2025-01-01,ST008,PR0036,38,24,29,33,0,21087.33
2025-01-01,ST008,PR0037,16,45,27,34,0,26190.88
2025-01-01,ST008,PR0038,8,39,20,27,0,20906.1
2025-01-01,ST008,PR0039,60,32,24,68,0,61795.68
2025-01-01,ST008,PR0040,45,26,24,47,0,41357.18
2025-01-01,ST008,PR0041,40,15,25,30,0,29501.7
2025-01-01,ST008,PR0042,44,27,6,65,0,9135.75
2025-01-01,ST008,PR0043,32,39,25,46,0,9362.84
2025-01-01,ST008,PR0044,59,49,22,86,0,22472.66
2025-01-01,ST008,PR0045,18,21,39,0,12,0.0
2025-01-01,ST008,PR0046,56,24,17,63,0,22512.42
2025-01-01,ST008,PR0047,18,44,12,50,0,19264.5
2025-01-01,ST008,PR0048,49,2,11,40,0,18740.8
2025-01-01,ST008,PR0049,26,9,9,26,0,15580.5
2025-01-01,ST008,PR0050,32,50,13,69,0,40968.75
2025-01-01,ST008,PR0051,61,48,15,94,0,61023.86
2025-01-01,ST008,PR0052,45,36,22,59,0,38787.19
2025-01-01,ST008,PR0053,45,12,35,22,0,15965.62
2025-01-01,ST008,PR0054,56,16,34,38,0,37940.34
2025-01-01,ST008,PR0055,62,27,20,69,0,66482.19
2025-01-01,ST008,PR0056,33,7,15,25,0,4440.25
2025-01-01,ST008,PR0057,34,18,21,31,0,6155.36
2025-01-01,ST008,PR0058,49,28,9,68,0,21051.44
2025-01-01,ST008,PR0059,37,45,28,54,0,16041.78
2025-01-01,ST008,PR0060,29,17,17,29,0,11016.81
2025-01-01,ST009,PR0001,28,14,4,38,0,9107.46
2025-01-01,ST009,PR0002,22,44,42,24,0,5574.96
2025-01-01,ST009,PR0003,50,41,14,77,0,24007.06
2025-01-01,ST009,PR0004,65,1,7,59,0,20996.33
2025-01-01,ST009,PR0005,42,14,23,33,0,16401.0
2025-01-01,ST009,PR0006,59,4,30,33,0,18063.54
2025-01-01,ST009,PR0007,49,36,31,54,0,35403.48
2025-01-01,ST009,PR0008,18,27,22,23,0,12110.88
2025-01-01,ST009,PR0009,40,49,13,76,0,50375.08
2025-01-01,ST009,PR0010,21,1,22,0,2,0.0
2025-01-01,ST009,PR0011,44,27,19,52,0,36963.16
2025-01-01,ST009,PR0012,53,46,22,77,0,65927.4
2025-01-01,ST009,PR0013,49,50,7,92,0,68528.04
2025-01-01,ST009,PR0014,28,47,14,61,0,9187.82
2025-01-01,ST009,PR0015,51,17,11,57,0,13713.63
2025-01-01,ST009,PR0016,58,22,18,62,0,17940.32
2025-01-01,ST009,PR0017,31,31,28,34,0,10356.06
2025-01-01,ST009,PR0018,10,38,37,11,0,4533.76
2025-01-01,ST009,PR0019,64,29,7,86,0,43844.52
2025-01-01,ST009,PR0020,40,37,29,48,0,19911.84
2025-01-01,ST009,PR0021,53,18,16,55,0,35015.2
2025-01-01,ST009,PR0022,55,36,5,86,0,57993.24
2025-01-01,ST009,PR0023,51,30,19,62,0,39759.98
2025-01-01,ST009,PR0024,47,52,14,85,0,54567.45
2025-01-01,ST009,PR0025,27,8,19,16,0,15010.4
2025-01-01,ST009,PR0026,9,55,20,44,0,35223.76
2025-01-01,ST009,PR0027,39,14,15,38,0,29190.46
2025-01-01,ST009,PR0028,58,10,25,43,0,6187.7
2025-01-01,ST009,PR0029,4,28,27,5,0,1289.65
2025-01-01,ST009,PR0030,45,23,34,34,0,10057.88
2025-01-01,ST009,PR0031,33,55,18,70,0,26733.0
2025-01-01,ST009,PR0032,40,40,32,48,0,20820.48
2025-01-01,ST009,PR0033,4,9,13,0,2,0.0
2025-01-01,ST009,PR0034,15,13,7,21,0,12726.0
2025-01-01,ST009,PR0035,60,14,23,51,0,27679.23
2025-01-01,ST009,PR0036,52,33,30,55,0,35145.55
2025-01-01,ST009,PR0037,53,8,35,26,0,20028.32
2025-01-01,ST009,PR0038,24,40,17,47,0,36392.1
2025-01-01,ST009,PR0039,19,17,28,8,0,7270.08
2025-01-01,ST009,PR0040,21,47,3,65,0,57196.1
2025-01-01,ST009,PR0041,45,18,7,56,0,55069.84
2025-01-01,ST009,PR0042,15,55,51,19,0,2670.45
2025-01-01,ST009,PR0043,33,43,19,57,0,11601.78
2025-01-01,ST009,PR0044,10,47,38,19,0,4964.89
2025-01-01,ST009,PR0045,55,39,41,53,0,15160.65
2025-01-01,ST009,PR0046,56,42,37,61,0,21797.74
2025-01-01,ST009,PR0047,8,52,24,36,0,13870.44
2025-01-01,ST009,PR0048,29,16,40,5,0,2342.6
2025-01-01,ST009,PR0049,9,3,12,0,2,0.0
2025-01-01,ST009,PR0050,6,15,21,0,3,0.0
2025-01-01,ST009,PR0051,56,23,21,58,0,37653.02
2025-01-01,ST009,PR0052,22,7,29,0,6,0.0
2025-01-01,ST009,PR0053,24,19,7,36,0,26125.56
2025-01-01,ST009,PR0054,65,44,16,93,0,92853.99
2025-01-01,ST009,PR0055,23,48,13,58,0,55883.58
2025-01-01,ST009,PR0056,26,6,25,7,0,1243.27
2025-01-01,ST009,PR0057,32,25,38,19,0,3772.64
2025-01-01,ST009,PR0058,52,34,19,67,0,20741.86
2025-01-01,ST009,PR0059,58,16,7,67,0,19903.69
2025-01-01,ST009,PR0060,38,30,21,47,0,17854.83
2025-01-01,ST010,PR0001,58,2,8,52,0,12462.84
2025-01-01,ST010,PR0002,42,50,22,70,0,16260.3
2025-01-01,ST010,PR0003,13,31,24,20,0,6235.6
2025-01-01,ST010,PR0004,38,17,14,41,0,14590.67
2025-01-01,ST010,PR0005,23,37,37,23,0,11431.0
2025-01-01,ST010,PR0006,34,24,23,35,0,19158.3
2025-01-01,ST010,PR0007,64,0,11,53,0,34747.86
2025-01-01,ST010,PR0008,7,36,18,25,0,13164.0
2025-01-01,ST010,PR0009,15,44,37,22,0,14582.26
2025-01-01,ST010,PR0010,51,27,10,68,0,41212.08
2025-01-01,ST010,PR0011,29,55,18,66,0,46914.78
2025-01-01,ST010,PR0012,61,52,14,99,0,84763.8
2025-01-01,ST010,PR0013,51,12,18,45,0,33519.15
2025-01-01,ST010,PR0014,51,42,35,58,0,8735.96
2025-01-01,ST010,PR0015,62,13,20,55,0,13232.45
2025-01-01,ST010,PR0016,27,19,13,33,0,9548.88
2025-01-01,ST010,PR0017,61,47,16,92,0,28022.28
2025-01-01,ST010,PR0018,57,25,28,54,0,22256.64
2025-01-01,ST010,PR0019,24,17,1,40,0,20392.8
2025-01-01,ST010,PR0020,41,46,22,65,0,26963.95
2025-01-01,ST010,PR0021,61,45,35,71,0,45201.44
2025-01-01,ST010,PR0022,37,17,21,33,0,22253.22
2025-01-01,ST010,PR0023,37,53,13,77,0,49379.33
2025-01-01,ST010,PR0024,28,38,21,45,0,28888.65
2025-01-01,ST010,PR0025,34,12,46,0,12,0.0
2025-01-01,ST010,PR0026,52,26,9,69,0,55237.26
2025-01-01,ST010,PR0027,65,34,10,89,0,68367.13
2025-01-01,ST010,PR0028,41,9,22,28,0,4029.2
2025-01-01,ST010,PR0029,24,16,25,15,0,3868.95
2025-01-01,ST010,PR0030,33,49,27,55,0,16270.1
2025-01-01,ST010,PR0031,61,29,23,67,0,25587.3
2025-01-01,ST010,PR0032,4,38,31,11,0,4771.36
2025-01-01,ST010,PR0033,21,25,5,41,0,18933.8
2025-01-01,ST010,PR0034,23,28,39,12,0,7272.0
2025-01-01,ST010,PR0035,18,40,27,31,0,16824.63
2025-01-01,ST010,PR0036,62,30,23,69,0,44091.69
2025-01-01,ST010,PR0037,21,36,8,49,0,37745.68
2025-01-01,ST010,PR0038,18,47,24,41,0,31746.3
2025-01-01,ST010,PR0039,26,26,11,41,0,37259.16
2025-01-01,ST010,PR0040,34,34,32,36,0,31677.84
2025-01-01,ST010,PR0041,4,13,7,10,0,9833.9
2025-01-01,ST010,PR0042,57,48,13,92,0,12930.6
2025-01-01,ST010,PR0043,40,31,0,71,0,14451.34
2025-01-01,ST010,PR0044,25,24,18,31,0,8100.61
2025-01-01,ST010,PR0045,58,12,19,51,0,14588.55
2025-01-01,ST010,PR0046,4,19,6,17,0,6074.78
2025-01-01,ST010,PR0047,10,25,21,14,0,5394.06
2025-01-01,ST010,PR0048,62,40,26,76,0,35607.52
2025-01-01,ST010,PR0049,10,41,20,31,0,18576.75
2025-01-01,ST010,PR0050,22,16,31,7,0,4156.25
2025-01-01,ST010,PR0051,48,36,16,68,0,44144.92
2025-01-01,ST010,PR0052,41,43,19,65,0,42731.65
2025-01-01,ST010,PR0053,30,34,22,42,0,30479.82
2025-01-01,ST010,PR0054,10,39,41,8,0,7987.44
2025-01-01,ST010,PR0055,62,7,30,39,0,37576.89
2025-01-01,ST010,PR0056,48,21,17,52,0,9235.72
2025-01-01,ST010,PR0057,30,48,28,50,0,9928.0
2025-01-01,ST010,PR0058,23,29,4,48,0,14859.84
2025-01-01,ST010,PR0059,11,48,10,49,0,14556.43
2025-01-01,ST010,PR0060,6,29,25,10,0,3798.9
2025-01-01,ST011,PR0001,5,21,23,3,0,719.01
2025-01-01,ST011,PR0002,61,35,19,77,0,17886.33
2025-01-01,ST011,PR0003,38,3,40,1,7,311.78
2025-01-01,ST011,PR0004,41,28,48,21,0,7473.27
2025-01-01,ST011,PR0005,17,26,9,34,0,16898.0
2025-01-01,ST011,PR0006,54,22,27,49,0,26821.62
2025-01-01,ST011,PR0007,25,47,13,59,0,38681.58
2025-01-01,ST011,PR0008,11,2,13,0,12,0.0
2025-01-01,ST011,PR0009,42,10,0,52,0,34467.16
2025-01-01,ST011,PR0010,20,32,35,17,0,10303.02
2025-01-01,ST011,PR0011,44,53,31,66,0,46914.78
2025-01-01,ST011,PR0012,59,46,25,80,0,68496.0
2025-01-01,ST011,PR0013,20,7,26,1,12,744.87
2025-01-01,ST011,PR0014,48,41,15,74,0,11145.88
2025-01-01,ST011,PR0015,22,40,24,38,0,9142.42
2025-01-01,ST011,PR0016,54,42,33,63,0,18229.68
2025-01-01,ST011,PR0017,52,52,13,91,0,27717.69
2025-01-01,ST011,PR0018,29,14,25,18,0,7418.88
2025-01-01,ST011,PR0019,36,42,26,52,0,26510.64
2025-01-01,ST011,PR0020,45,46,19,72,0,29867.76
2025-01-01,ST011,PR0021,10,13,17,6,0,3819.84
2025-01-01,ST011,PR0022,56,48,16,88,0,59341.92
2025-01-01,ST011,PR0023,24,16,30,10,0,6412.9
2025-01-01,ST011,PR0024,28,21,18,31,0,19901.07
2025-01-01,ST011,PR0025,64,2,29,37,0,34711.55
2025-01-01,ST011,PR0026,14,42,50,6,0,4803.24
2025-01-01,ST011,PR0027,23,34,27,30,0,23045.1
2025-01-01,ST011,PR0028,60,55,21,94,0,13526.6
2025-01-01,ST011,PR0029,15,1,16,0,9,0.0
2025-01-01,ST011,PR0030,19,54,14,59,0,17453.38
2025-01-01,ST011,PR0031,24,55,21,58,0,22150.2
2025-01-01,ST011,PR0032,64,20,25,59,0,25591.84
2025-01-01,ST011,PR0033,64,16,30,50,0,23090.0
2025-01-01,ST011,PR0034,58,10,14,54,0,32724.0
2025-01-01,ST011,PR0035,35,44,44,35,0,18995.55
2025-01-01,ST011,PR0036,42,52,11,83,0,53037.83
2025-01-01,ST011,PR0037,51,36,19,68,0,52381.76
2025-01-01,ST011,PR0038,15,17,23,9,0,6968.7
2025-01-01,ST011,PR0039,22,46,33,35,0,31806.6
2025-01-01,ST011,PR0040,63,44,21,86,0,75674.84
2025-01-01,ST011,PR0041,65,7,0,72,0,70804.08
2025-01-01,ST011,PR0042,41,44,31,54,0,7589.7
2025-01-01,ST011,PR0043,5,49,29,25,0,5088.5
2025-01-01,ST011,PR0044,34,32,19,47,0,12281.57
2025-01-01,ST011,PR0045,23,12,26,9,0,2574.45
2025-01-01,ST011,PR0046,42,17,28,31,0,11077.54
2025-01-01,ST011,PR0047,60,8,23,45,0,17338.05
2025-01-01,ST011,PR0048,36,51,23,64,0,29985.28
2025-01-01,ST011,PR0049,6,47,5,48,0,28764.0
2025-01-01,ST011,PR0050,59,36,18,77,0,45718.75
2025-01-01,ST011,PR0051,18,50,2,66,0,42846.54
2025-01-01,ST011,PR0052,15,18,18,15,0,9861.15
2025-01-01,ST011,PR0053,10,53,15,48,0,34834.08
2025-01-01,ST011,PR0054,9,12,19,2,2,1996.86
2025-01-01,ST011,PR0055,57,54,15,96,0,92496.96
2025-01-01,ST011,PR0056,56,19,27,48,0,8525.28
2025-01-01,ST011,PR0057,15,52,58,9,0,1787.04
2025-01-01,ST011,PR0058,11,2,13,0,7,0.0
2025-01-01,ST011,PR0059,59,51,27,83,0,24656.81
2025-01-01,ST011,PR0060,21,34,18,37,0,14055.93
2025-01-01,ST012,PR0001,64,29,3,90,0,21570.3
2025-01-01,ST012,PR0002,65,53,5,113,0,26248.77
2025-01-01,ST012,PR0003,30,34,25,39,0,12159.42
2025-01-01,ST012,PR0004,54,3,27,30,0,10676.1
2025-01-01,ST012,PR0005,22,24,35,11,0,5467.0
2025-01-01,ST012,PR0006,25,12,13,24,0,13137.12
2025-01-01,ST012,PR0007,43,36,38,41,0,26880.42
2025-01-01,ST012,PR0008,38,0,18,20,0,10531.2
2025-01-01,ST012,PR0009,43,0,0,43,0,28501.69
2025-01-01,ST012,PR0010,63,42,21,84,0,50909.04
2025-01-01,ST012,PR0011,27,25,24,28,0,19903.24
2025-01-01,ST012,PR0012,9,50,25,34,0,29110.8
2025-01-01,ST012,PR0013,18,19,24,13,0,9683.31
2025-01-01,ST012,PR0014,9,45,16,38,0,5723.56
2025-01-01,ST012,PR0015,27,16,29,14,0,3368.26
2025-01-01,ST012,PR0016,37,47,38,46,0,13310.56
2025-01-01,ST012,PR0017,22,18,18,22,0,6700.98
2025-01-01,ST012,PR0018,49,4,30,23,0,9479.68
2025-01-01,ST012,PR0019,16,6,19,3,0,1529.46
2025-01-01,ST012,PR0020,10,54,24,40,0,16593.2
2025-01-01,ST012,PR0021,49,43,23,69,0,43928.16
2025-01-01,ST012,PR0022,15,20,26,9,0,6069.06
2025-01-01,ST012,PR0023,50,21,42,29,0,18597.41
2025-01-01,ST012,PR0024,16,18,34,0,11,0.0
2025-01-01,ST012,PR0025,43,32,30,45,0,42216.75
2025-01-01,ST012,PR0026,11,37,2,46,0,36824.84
2025-01-01,ST012,PR0027,10,45,33,22,0,16899.74
2025-01-01,ST012,PR0028,15,4,19,0,8,0.0
2025-01-01,ST012,PR0029,5,32,0,37,0,9543.41
2025-01-01,ST012,PR0030,41,37,24,54,0,15974.28
2025-01-01,ST012,PR0031,52,51,14,89,0,33989.1
2025-01-01,ST012,PR0032,53,32,0,85,0,36869.6
2025-01-01,ST012,PR0033,4,14,18,0,7,0.0
2025-01-01,ST012,PR0034,14,24,18,20,0,12120.0
2025-01-01,ST012,PR0035,43,33,15,61,0,33106.53
2025-01-01,ST012,PR0036,8,52,20,40,0,25560.4
2025-01-01,ST012,PR0037,62,23,8,77,0,59314.64
2025-01-01,ST012,PR0038,18,28,11,35,0,27100.5
2025-01-01,ST012,PR0039,33,12,30,15,0,13631.4
2025-01-01,ST012,PR0040,21,5,26,0,5,0.0
2025-01-01,ST012,PR0041,27,24,19,32,0,31468.48
2025-01-01,ST012,PR0042,17,20,24,13,0,1827.15
2025-01-01,ST012,PR0043,46,48,0,94,0,19132.76
2025-01-01,ST012,PR0044,12,29,0,41,0,10713.71
2025-01-01,ST012,PR0045,18,6,12,12,0,3432.6
2025-01-01,ST012,PR0046,49,26,33,42,0,15008.28
2025-01-01,ST012,PR0047,64,44,10,98,0,37758.42
2025-01-01,ST012,PR0048,40,3,9,34,0,15929.68
2025-01-01,ST012,PR0049,22,20,34,8,0,4794.0
2025-01-01,ST012,PR0050,64,53,34,83,0,49281.25
2025-01-01,ST012,PR0051,27,25,7,45,0,29213.55
2025-01-01,ST012,PR0052,42,53,23,72,0,47333.52
2025-01-01,ST012,PR0053,20,30,31,19,0,13788.49
2025-01-01,ST012,PR0054,16,14,18,12,0,11981.16
2025-01-01,ST012,PR0055,30,25,24,31,0,29868.81
2025-01-01,ST012,PR0056,54,8,38,24,0,4262.64
2025-01-01,ST012,PR0057,4,37,16,25,0,4964.0
2025-01-01,ST012,PR0058,53,36,13,76,0,23528.08
2025-01-01,ST012,PR0059,20,0,13,7,0,2079.49
2025-01-01,ST012,PR0060,45,8,17,36,0,13676.04
2025-01-01,ST013,PR0001,47,8,7,48,0,11504.16
2025-01-01,ST013,PR0002,65,25,34,56,0,13008.24
2025-01-01,ST013,PR0003,45,6,27,24,0,7482.72
2025-01-01,ST013,PR0004,9,4,0,13,0,4626.31
2025-01-01,ST013,PR0005,18,28,6,40,0,19880.0
2025-01-01,ST013,PR0006,19,38,33,24,0,13137.12
2025-01-01,ST013,PR0007,64,52,40,76,0,49827.12
2025-01-01,ST013,PR0008,20,37,24,33,0,17376.48
2025-01-01,ST013,PR0009,65,43,32,76,0,50375.08
2025-01-01,ST013,PR0010,10,1,11,0,10,0.0
2025-01-01,ST013,PR0011,46,36,25,57,0,40517.31
2025-01-01,ST013,PR0012,12,24,29,7,0,5993.4
2025-01-01,ST013,PR0013,19,8,2,25,0,18621.75
2025-01-01,ST013,PR0014,56,23,16,63,0,9489.06
2025-01-01,ST013,PR0015,38,20,32,26,0,6255.34
2025-01-01,ST013,PR0016,48,6,19,35,0,10127.6
2025-01-01,ST013,PR0017,42,31,26,47,0,14315.73
2025-01-01,ST013,PR0018,34,40,8,66,0,27202.56
2025-01-01,ST013,PR0019,16,38,16,38,0,19373.16
2025-01-01,ST013,PR0020,32,27,31,28,0,11615.24
2025-01-01,ST013,PR0021,28,15,17,26,0,16552.64
2025-01-01,ST013,PR0022,20,44,17,47,0,31693.98
2025-01-01,ST013,PR0023,32,47,10,69,0,44249.01
2025-01-01,ST013,PR0024,25,22,22,25,0,16049.25
2025-01-01,ST013,PR0025,46,49,27,68,0,63794.2
2025-01-01,ST013,PR0026,62,23,36,49,0,39226.46
2025-01-01,ST013,PR0027,64,30,33,61,0,46858.37
2025-01-01,ST013,PR0028,18,51,38,31,0,4460.9
2025-01-01,ST013,PR0029,40,24,19,45,0,11606.85
2025-01-01,ST013,PR0030,19,23,21,21,0,6212.22
2025-01-01,ST013,PR0031,21,36,36,21,0,8019.9
2025-01-01,ST013,PR0032,59,51,25,85,0,36869.6
2025-01-01,ST013,PR0033,43,38,17,64,0,29555.2
2025-01-01,ST013,PR0034,48,43,14,77,0,46662.0
2025-01-01,ST013,PR0035,16,27,11,32,0,17367.36
2025-01-01,ST013,PR0036,55,6,18,43,0,27477.43
2025-01-01,ST013,PR0037,22,51,32,41,0,31583.12
2025-01-01,ST013,PR0038,18,15,33,0,6,0.0
2025-01-01,ST013,PR0039,7,35,27,15,0,13631.4
2025-01-01,ST013,PR0040,29,54,0,83,0,73035.02
2025-01-01,ST013,PR0041,36,13,6,43,0,42285.77
2025-01-01,ST013,PR0042,17,51,13,55,0,7730.25
2025-01-01,ST013,PR0043,42,46,0,88,0,17911.52
2025-01-01,ST013,PR0044,24,0,13,11,0,2874.41
2025-01-01,ST013,PR0045,47,22,11,58,0,16590.9
2025-01-01,ST013,PR0046,25,22,2,45,0,16080.3
2025-01-01,ST013,PR0047,4,40,43,1,5,385.29
2025-01-01,ST013,PR0048,16,1,17,0,12,0.0
2025-01-01,ST013,PR0049,64,9,24,49,0,29363.25
2025-01-01,ST013,PR0050,49,38,8,79,0,46906.25
2025-01-01,ST013,PR0051,64,16,9,71,0,46092.49
2025-01-01,ST013,PR0052,24,45,13,56,0,36814.96
2025-01-01,ST013,PR0053,32,4,36,0,6,0.0
2025-01-01,ST013,PR0054,18,2,20,0,3,0.0
2025-01-01,ST013,PR0055,48,55,15,88,0,84788.88
2025-01-01,ST013,PR0056,58,43,28,73,0,12965.53
2025-01-01,ST013,PR0057,57,14,21,50,0,9928.0
2025-01-01,ST013,PR0058,17,38,27,28,0,8668.24
2025-01-01,ST013,PR0059,50,22,6,66,0,19606.62
2025-01-01,ST013,PR0060,42,51,28,65,0,24692.85
2025-01-01,ST014,PR0001,54,32,0,86,0,20611.62
2025-01-01,ST014,PR0002,24,9,22,11,0,2555.19
2025-01-01,ST014,PR0003,65,27,35,57,0,17771.46
2025-01-01,ST014,PR0004,58,42,39,61,0,21708.07
2025-01-01,ST014,PR0005,10,2,12,0,9,0.0
2025-01-01,ST014,PR0006,58,5,26,37,0,20253.06
2025-01-01,ST014,PR0007,21,42,31,32,0,20979.84
2025-01-01,ST014,PR0008,36,30,14,52,0,27381.12
2025-01-01,ST014,PR0009,31,55,35,51,0,33804.33
2025-01-01,ST014,PR0010,44,19,40,23,0,13939.38
2025-01-01,ST014,PR0011,52,43,24,71,0,50468.93
2025-01-01,ST014,PR0012,31,51,0,82,0,70208.4
2025-01-01,ST014,PR0013,37,43,12,68,0,50651.16
2025-01-01,ST014,PR0014,56,22,25,53,0,7982.86
2025-01-01,ST014,PR0015,28,31,29,30,0,7217.7
2025-01-01,ST014,PR0016,64,27,31,60,0,17361.6
2025-01-01,ST014,PR0017,38,52,18,72,0,21930.48
2025-01-01,ST014,PR0018,21,13,19,15,0,6182.4
2025-01-01,ST014,PR0019,19,50,26,43,0,21922.26
2025-01-01,ST014,PR0020,56,16,9,63,0,26134.29
2025-01-01,ST014,PR0021,65,36,21,80,0,50931.2
2025-01-01,ST014,PR0022,34,35,8,61,0,41134.74
2025-01-01,ST014,PR0023,10,19,29,0,10,0.0
2025-01-01,ST014,PR0024,46,3,28,21,0,13481.37
2025-01-01,ST014,PR0025,16,4,17,3,0,2814.45
2025-01-01,ST014,PR0026,65,31,5,91,0,72849.14
2025-01-01,ST014,PR0027,33,34,21,46,0,35335.82
2025-01-01,ST014,PR0028,20,49,31,38,0,5468.2
2025-01-01,ST014,PR0029,48,53,4,97,0,25019.21
2025-01-01,ST014,PR0030,61,5,34,32,0,9466.24
2025-01-01,ST014,PR0031,18,28,29,17,0,6492.3
2025-01-01,ST014,PR0032,29,19,31,17,0,7373.92
2025-01-01,ST014,PR0033,58,47,16,89,0,41100.2
2025-01-01,ST014,PR0034,54,18,24,48,0,29088.0
2025-01-01,ST014,PR0035,65,40,16,89,0,48302.97
2025-01-01,ST014,PR0036,29,40,13,56,0,35784.56
2025-01-01,ST014,PR0037,30,0,30,0,7,0.0
2025-01-01,ST014,PR0038,27,7,4,30,0,23229.0
2025-01-01,ST014,PR0039,20,32,30,22,0,19992.72
2025-01-01,ST014,PR0040,42,50,29,63,0,55436.22
2025-01-01,ST014,PR0041,31,7,38,0,12,0.0
2025-01-01,ST014,PR0042,57,26,29,54,0,7589.7
2025-01-01,ST014,PR0043,62,39,29,72,0,14654.88
2025-01-01,ST014,PR0044,29,35,10,54,0,14110.74
2025-01-01,ST014,PR0045,12,25,37,0,7,0.0
2025-01-01,ST014,PR0046,45,52,19,78,0,27872.52
2025-01-01,ST014,PR0047,49,43,17,75,0,28896.75
2025-01-01,ST014,PR0048,54,47,28,73,0,34201.96
2025-01-01,ST014,PR0049,44,39,32,51,0,30561.75
2025-01-01,ST014,PR0050,9,14,11,12,0,7125.0
2025-01-01,ST014,PR0051,35,4,22,17,0,11036.23
2025-01-01,ST014,PR0052,53,26,32,47,0,30898.27
2025-01-01,ST014,PR0053,16,54,0,70,0,50799.7
2025-01-01,ST014,PR0054,29,17,18,28,0,27956.04
2025-01-01,ST014,PR0055,42,12,41,13,0,12525.63
2025-01-01,ST014,PR0056,50,6,15,41,0,7282.01
2025-01-01,ST014,PR0057,28,54,28,54,0,10722.24
2025-01-01,ST014,PR0058,6,51,45,12,0,3714.96
2025-01-01,ST014,PR0059,34,47,29,52,0,15447.64
2025-01-01,ST014,PR0060,57,34,7,84,0,31910.76
2025-01-01,ST015,PR0001,64,12,18,58,0,13900.86
2025-01-01,ST015,PR0002,63,43,5,101,0,23461.29
2025-01-01,ST015,PR0003,9,6,15,0,2,0.0
2025-01-01,ST015,PR0004,31,49,28,52,0,18505.24
2025-01-01,ST015,PR0005,41,36,31,46,0,22862.0
2025-01-01,ST015,PR0006,64,5,0,69,0,37769.22
2025-01-01,ST015,PR0007,53,4,4,53,0,34747.86
2025-01-01,ST015,PR0008,24,50,23,51,0,26854.56
2025-01-01,ST015,PR0009,21,50,17,54,0,35792.82
2025-01-01,ST015,PR0010,13,35,31,17,0,10303.02
2025-01-01,ST015,PR0011,37,32,8,61,0,43360.63
2025-01-01,ST015,PR0012,32,16,3,45,0,38529.0
2025-01-01,ST015,PR0013,21,17,25,13,0,9683.31
2025-01-01,ST015,PR0014,60,33,47,46,0,6928.52
2025-01-01,ST015,PR0015,7,3,10,0,6,0.0
2025-01-01,ST015,PR0016,58,33,29,62,0,17940.32
2025-01-01,ST015,PR0017,52,54,24,82,0,24976.38
2025-01-01,ST015,PR0018,47,52,32,67,0,27614.72
2025-01-01,ST015,PR0019,58,16,35,39,0,19882.98
2025-01-01,ST015,PR0020,12,19,20,11,0,4563.13
2025-01-01,ST015,PR0021,13,50,24,39,0,24828.96
2025-01-01,ST015,PR0022,9,4,13,0,9,0.0
2025-01-01,ST015,PR0023,9,13,12,10,0,6412.9
2025-01-01,ST015,PR0024,38,42,35,45,0,28888.65
2025-01-01,ST015,PR0025,30,54,21,63,0,59103.45
2025-01-01,ST015,PR0026,20,0,9,11,0,8805.94
2025-01-01,ST015,PR0027,43,24,16,51,0,39176.67
2025-01-01,ST015,PR0028,58,40,37,61,0,8777.9
2025-01-01,ST015,PR0029,51,2,8,45,0,11606.85
2025-01-01,ST015,PR0030,48,48,37,59,0,17453.38
2025-01-01,ST015,PR0031,57,17,5,69,0,26351.1
2025-01-01,ST015,PR0032,65,3,9,59,0,25591.84
2025-01-01,ST015,PR0033,45,42,25,62,0,28631.6
2025-01-01,ST015,PR0034,55,54,32,77,0,46662.0
2025-01-01,ST015,PR0035,31,8,11,28,0,15196.44
2025-01-01,ST015,PR0036,15,37,41,11,0,7029.11
2025-01-01,ST015,PR0037,14,26,29,11,0,8473.52
2025-01-01,ST015,PR0038,9,48,39,18,0,13937.4
2025-01-01,ST015,PR0039,28,48,19,57,0,51799.32
2025-01-01,ST015,PR0040,52,30,48,34,0,29917.96
2025-01-01,ST015,PR0041,36,43,15,64,0,62936.96
2025-01-01,ST015,PR0042,45,12,32,25,0,3513.75
2025-01-01,ST015,PR0043,48,36,34,50,0,10177.0
2025-01-01,ST015,PR0044,31,8,26,13,0,3397.03
2025-01-01,ST015,PR0045,34,2,26,10,0,2860.5
2025-01-01,ST015,PR0046,48,2,28,22,0,7861.48
2025-01-01,ST015,PR0047,28,30,30,28,0,10788.12
2025-01-01,ST015,PR0048,19,13,32,0,10,0.0
2025-01-01,ST015,PR0049,8,52,11,49,0,29363.25
2025-01-01,ST015,PR0050,54,9,43,20,0,11875.0
2025-01-01,ST015,PR0051,61,15,11,65,0,42197.35
2025-01-01,ST015,PR0052,12,52,51,13,0,8546.33
2025-01-01,ST015,PR0053,31,15,36,10,0,7257.1
2025-01-01,ST015,PR0054,36,10,25,21,0,20967.03
2025-01-01,ST015,PR0055,42,55,19,78,0,75153.78
2025-01-01,ST015,PR0056,47,12,26,33,0,5861.13
2025-01-01,ST015,PR0057,4,47,20,31,0,6155.36
2025-01-01,ST015,PR0058,22,0,22,0,9,0.0
2025-01-01,ST015,PR0059,16,42,26,32,0,9506.24
2025-01-01,ST015,PR0060,57,34,24,67,0,25452.63
2025-01-01,ST016,PR0001,28,13,28,13,0,3115.71
2025-01-01,ST016,PR0002,33,6,28,11,0,2555.19
2025-01-01,ST016,PR0003,27,34,41,20,0,6235.6
2025-01-01,ST016,PR0004,43,8,0,51,0,18149.37
2025-01-01,ST016,PR0005,49,50,0,99,0,49203.0
2025-01-01,ST016,PR0006,62,43,33,72,0,39411.36
2025-01-01,ST016,PR0007,40,1,25,16,0,10489.92
2025-01-01,ST016,PR0008,15,15,20,10,0,5265.6
2025-01-01,ST016,PR0009,35,12,14,33,0,21873.39
2025-01-01,ST016,PR0010,38,42,13,67,0,40606.02
2025-01-01,ST016,PR0011,4,10,12,2,3,1421.66
2025-01-01,ST016,PR0012,15,53,0,68,0,58221.6
2025-01-01,ST016,PR0013,39,50,17,72,0,53630.64
2025-01-01,ST016,PR0014,23,24,18,29,0,4367.98
2025-01-01,ST016,PR0015,56,14,2,68,0,16360.12
2025-01-01,ST016,PR0016,36,34,6,64,0,18519.04
2025-01-01,ST016,PR0017,24,34,0,58,0,17666.22
2025-01-01,ST016,PR0018,17,28,22,23,0,9479.68
2025-01-01,ST016,PR0019,57,33,26,64,0,32628.48
2025-01-01,ST016,PR0020,62,31,14,79,0,32771.57
2025-01-01,ST016,PR0021,37,3,39,1,8,636.64
2025-01-01,ST016,PR0022,11,35,16,30,0,20230.2
2025-01-01,ST016,PR0023,63,7,7,63,0,40401.27
2025-01-01,ST016,PR0024,52,5,31,26,0,16691.22
2025-01-01,ST016,PR0025,9,7,15,1,6,938.15
2025-01-01,ST016,PR0026,51,13,32,32,0,25617.28
2025-01-01,ST016,PR0027,6,21,27,0,10,0.0
2025-01-01,ST016,PR0028,8,46,11,43,0,6187.7
2025-01-01,ST016,PR0029,62,5,30,37,0,9543.41
2025-01-01,ST016,PR0030,17,25,18,24,0,7099.68
2025-01-01,ST016,PR0031,24,7,26,5,0,1909.5
2025-01-01,ST016,PR0032,8,25,0,33,0,14314.08
2025-01-01,ST016,PR0033,28,55,20,63,0,29093.4
2025-01-01,ST016,PR0034,55,18,8,65,0,39390.0
2025-01-01,ST016,PR0035,63,49,31,81,0,43961.13
2025-01-01,ST016,PR0036,19,53,1,71,0,45369.71
2025-01-01,ST016,PR0037,31,19,32,18,0,13865.76
2025-01-01,ST016,PR0038,15,18,26,7,0,5420.1
2025-01-01,ST016,PR0039,32,0,32,0,8,0.0
2025-01-01,ST016,PR0040,58,33,40,51,0,44876.94
2025-01-01,ST016,PR0041,11,0,11,0,6,0.0
2025-01-01,ST016,PR0042,63,36,41,58,0,8151.9
2025-01-01,ST016,PR0043,20,36,21,35,0,7123.9
2025-01-01,ST016,PR0044,31,22,10,43,0,11236.33
2025-01-01,ST016,PR0045,63,26,0,89,0,25458.45
2025-01-01,ST016,PR0046,6,17,23,0,4,0.0
2025-01-01,ST016,PR0047,14,23,19,18,0,6935.22
2025-01-01,ST016,PR0048,45,51,14,82,0,38418.64
2025-01-01,ST016,PR0049,37,14,27,24,0,14382.0
2025-01-01,ST016,PR0050,22,13,20,15,0,8906.25
2025-01-01,ST016,PR0051,41,10,39,12,0,7790.28
2025-01-01,ST016,PR0052,16,0,16,0,7,0.0
2025-01-01,ST016,PR0053,60,22,0,82,0,59508.22
2025-01-01,ST016,PR0054,39,8,19,28,0,27956.04
2025-01-01,ST016,PR0055,9,15,24,0,8,0.0
2025-01-01,ST016,PR0056,16,6,22,0,11,0.0
2025-01-01,ST016,PR0057,30,21,36,15,0,2978.4
2025-01-01,ST016,PR0058,35,13,10,38,0,11764.04
2025-01-01,ST016,PR0059,16,9,23,2,7,594.14
2025-01-01,ST016,PR0060,30,12,26,16,0,6078.24
2025-01-01,ST017,PR0001,20,16,12,24,0,5752.08
2025-01-01,ST017,PR0002,49,44,22,71,0,16492.59
2025-01-01,ST017,PR0003,37,28,23,42,0,13094.76
2025-01-01,ST017,PR0004,9,41,5,45,0,16014.15
2025-01-01,ST017,PR0005,20,2,22,0,4,0.0
2025-01-01,ST017,PR0006,48,2,20,30,0,16421.4
2025-01-01,ST017,PR0007,38,55,15,78,0,51138.36
2025-01-01,ST017,PR0008,37,9,35,11,0,5792.16
2025-01-01,ST017,PR0009,43,32,17,58,0,38444.14
2025-01-01,ST017,PR0010,22,46,3,65,0,39393.9
2025-01-01,ST017,PR0011,22,33,13,42,0,29854.86
2025-01-01,ST017,PR0012,63,22,19,66,0,56509.2
2025-01-01,ST017,PR0013,49,52,52,49,0,36498.63
2025-01-01,ST017,PR0014,39,20,39,20,0,3012.4
2025-01-01,ST017,PR0015,32,27,5,54,0,12991.86
2025-01-01,ST017,PR0016,21,18,24,15,0,4340.4
2025-01-01,ST017,PR0017,11,50,7,54,0,16447.86
2025-01-01,ST017,PR0018,43,53,22,74,0,30499.84
2025-01-01,ST017,PR0019,25,35,0,60,0,30589.2
2025-01-01,ST017,PR0020,46,2,26,22,0,9126.26
2025-01-01,ST017,PR0021,20,31,20,31,0,19735.84
2025-01-01,ST017,PR0022,46,8,27,27,0,18207.18
2025-01-01,ST017,PR0023,23,43,14,52,0,33347.08
2025-01-01,ST017,PR0024,61,54,19,96,0,61629.12
2025-01-01,ST017,PR0025,22,22,24,20,0,18763.0
2025-01-01,ST017,PR0026,26,13,26,13,0,10407.02
2025-01-01,ST017,PR0027,24,30,21,33,0,25349.61
2025-01-01,ST017,PR0028,8,39,21,26,0,3741.4
2025-01-01,ST017,PR0029,6,26,15,17,0,4384.81
2025-01-01,ST017,PR0030,32,22,20,34,0,10057.88
2025-01-01,ST017,PR0031,64,49,12,101,0,38571.9
2025-01-01,ST017,PR0032,20,8,21,7,0,3036.32
2025-01-01,ST017,PR0033,8,23,13,18,0,8312.4
2025-01-01,ST017,PR0034,16,42,0,58,0,35148.0
2025-01-01,ST017,PR0035,23,52,28,47,0,25508.31
2025-01-01,ST017,PR0036,26,10,16,20,0,12780.2
2025-01-01,ST017,PR0037,23,36,8,51,0,39286.32
2025-01-01,ST017,PR0038,58,25,11,72,0,55749.6
2025-01-01,ST017,PR0039,17,0,17,0,12,0.0
2025-01-01,ST017,PR0040,8,1,9,0,5,0.0
2025-01-01,ST017,PR0041,34,38,14,58,0,57036.62
2025-01-01,ST017,PR0042,53,41,23,71,0,9979.05
2025-01-01,ST017,PR0043,22,26,17,31,0,6309.74
2025-01-01,ST017,PR0044,53,21,25,49,0,12804.19
2025-01-01,ST017,PR0045,55,37,46,46,0,13158.3
2025-01-01,ST017,PR0046,53,16,29,40,0,14293.6
2025-01-01,ST017,PR0047,22,22,15,29,0,11173.41
2025-01-01,ST017,PR0048,18,30,24,24,0,11244.48
2025-01-01,ST017,PR0049,19,33,52,0,11,0.0
2025-01-01,ST017,PR0050,24,6,22,8,0,4750.0
2025-01-01,ST017,PR0051,52,8,28,32,0,20774.08
2025-01-01,ST017,PR0052,51,44,31,64,0,42074.24
2025-01-01,ST017,PR0053,21,37,3,55,0,39914.05
2025-01-01,ST017,PR0054,7,24,24,7,0,6989.01
2025-01-01,ST017,PR0055,19,46,33,32,0,30832.32
2025-01-01,ST017,PR0056,44,47,17,74,0,13143.14
2025-01-01,ST017,PR0057,16,38,4,50,0,9928.0
2025-01-01,ST017,PR0058,11,34,13,32,0,9906.56
2025-01-01,ST017,PR0059,62,49,39,72,0,21389.04
2025-01-01,ST017,PR0060,65,38,40,63,0,23933.07
2025-01-01,ST018,PR0001,4,37,36,5,0,1198.35
2025-01-01,ST018,PR0002,41,5,24,22,0,5110.38
2025-01-01,ST018,PR0003,34,52,27,59,0,18395.02
2025-01-01,ST018,PR0004,59,55,16,98,0,34875.26
2025-01-01,ST018,PR0005,21,49,24,46,0,22862.0
2025-01-01,ST018,PR0006,63,3,32,34,0,18610.92
2025-01-01,ST018,PR0007,19,23,31,11,0,7211.82
2025-01-01,ST018,PR0008,40,46,22,64,0,33699.84
2025-01-01,ST018,PR0009,62,54,9,107,0,70922.81
2025-01-01,ST018,PR0010,40,22,32,30,0,18181.8
2025-01-01,ST018,PR0011,12,32,19,25,0,17770.75
2025-01-01,ST018,PR0012,25,22,9,38,0,32535.6
2025-01-01,ST018,PR0013,37,47,34,50,0,37243.5
2025-01-01,ST018,PR0014,34,21,24,31,0,4669.22
2025-01-01,ST018,PR0015,20,29,6,43,0,10345.37
2025-01-01,ST018,PR0016,5,43,29,19,0,5497.84
2025-01-01,ST018,PR0017,18,34,25,27,0,8223.93
2025-01-01,ST018,PR0018,20,21,41,0,8,0.0
2025-01-01,ST018,PR0019,50,55,6,99,0,50472.18
2025-01-01,ST018,PR0020,16,15,28,3,0,1244.49
2025-01-01,ST018,PR0021,9,5,14,0,11,0.0
2025-01-01,ST018,PR0022,14,34,17,31,0,20904.54
2025-01-01,ST018,PR0023,27,50,22,55,0,35270.95
2025-01-01,ST018,PR0024,39,6,28,17,0,10913.49
2025-01-01,ST018,PR0025,12,5,17,0,5,0.0
2025-01-01,ST018,PR0026,42,24,45,21,0,16811.34
2025-01-01,ST018,PR0027,24,6,6,24,0,18436.08
2025-01-01,ST018,PR0028,40,0,17,23,0,3309.7
2025-01-01,ST018,PR0029,56,17,17,56,0,14444.08
2025-01-01,ST018,PR0030,59,0,26,33,0,9762.06
2025-01-01,ST018,PR0031,11,44,20,35,0,13366.5
2025-01-01,ST018,PR0032,42,1,34,9,0,3903.84
2025-01-01,ST018,PR0033,36,44,15,65,0,30017.0
2025-01-01,ST018,PR0034,26,47,12,61,0,36966.0
2025-01-01,ST018,PR0035,4,29,33,0,7,0.0
2025-01-01,ST018,PR0036,42,31,16,57,0,36423.57
2025-01-01,ST018,PR0037,17,44,0,61,0,46989.52
2025-01-01,ST018,PR0038,14,15,23,6,0,4645.8
2025-01-01,ST018,PR0039,8,3,11,0,5,0.0
2025-01-01,ST018,PR0040,50,38,8,80,0,70395.2
2025-01-01,ST018,PR0041,47,48,6,89,0,87521.71
2025-01-01,ST018,PR0042,44,7,34,17,0,2389.35
2025-01-01,ST018,PR0043,5,17,22,0,6,0.0
2025-01-01,ST018,PR0044,8,24,14,18,0,4703.58
2025-01-01,ST018,PR0045,65,27,4,88,0,25172.4
2025-01-01,ST018,PR0046,56,13,23,46,0,16437.64
2025-01-01,ST018,PR0047,64,27,27,64,0,24658.56
2025-01-01,ST018,PR0048,51,55,58,48,0,22488.96
2025-01-01,ST018,PR0049,13,14,24,3,0,1797.75
2025-01-01,ST018,PR0050,62,6,1,67,0,39781.25
2025-01-01,ST018,PR0051,64,35,16,83,0,53882.77
2025-01-01,ST018,PR0052,28,46,33,41,0,26953.81
2025-01-01,ST018,PR0053,46,31,26,51,0,37011.21
2025-01-01,ST018,PR0054,12,12,22,2,6,1996.86
2025-01-01,ST018,PR0055,55,30,15,70,0,67445.7
2025-01-01,ST018,PR0056,17,34,27,24,0,4262.64
2025-01-01,ST018,PR0057,26,1,0,27,0,5361.12
2025-01-01,ST018,PR0058,47,49,7,89,0,27552.62
2025-01-01,ST018,PR0059,42,38,13,67,0,19903.69
2025-01-01,ST018,PR0060,64,33,27,70,0,26592.3
2025-01-01,ST019,PR0001,4,34,9,29,0,6950.43
2025-01-01,ST019,PR0002,11,24,4,31,0,7200.99
2025-01-01,ST019,PR0003,42,49,33,58,0,18083.24
2025-01-01,ST019,PR0004,15,20,16,19,0,6761.53
2025-01-01,ST019,PR0005,64,37,19,82,0,40754.0
2025-01-01,ST019,PR0006,19,35,13,41,0,22442.58
2025-01-01,ST019,PR0007,9,52,27,34,0,22291.08
2025-01-01,ST019,PR0008,37,15,8,44,0,23168.64
2025-01-01,ST019,PR0009,25,20,18,27,0,17896.41
2025-01-01,ST019,PR0010,42,3,8,37,0,22424.22
2025-01-01,ST019,PR0011,17,5,22,0,7,0.0
2025-01-01,ST019,PR0012,12,0,12,0,5,0.0
2025-01-01,ST019,PR0013,36,13,19,30,0,22346.1
2025-01-01,ST019,PR0014,25,31,35,21,0,3163.02
2025-01-01,ST019,PR0015,59,55,20,94,0,22615.46
2025-01-01,ST019,PR0016,13,31,21,23,0,6655.28
2025-01-01,ST019,PR0017,38,47,37,48,0,14620.32
2025-01-01,ST019,PR0018,58,34,23,69,0,28439.04
2025-01-01,ST019,PR0019,46,14,23,37,0,18863.34
2025-01-01,ST019,PR0020,33,46,37,42,0,17422.86
2025-01-01,ST019,PR0021,36,28,12,52,0,33105.28
2025-01-01,ST019,PR0022,35,55,31,59,0,39786.06
2025-01-01,ST019,PR0023,13,15,27,1,12,641.29
2025-01-01,ST019,PR0024,25,24,20,29,0,18617.13
2025-01-01,ST019,PR0025,57,29,27,59,0,55350.85
2025-01-01,ST019,PR0026,29,27,0,56,0,44830.24
2025-01-01,ST019,PR0027,20,33,20,33,0,25349.61
2025-01-01,ST019,PR0028,57,48,20,85,0,12231.5
2025-01-01,ST019,PR0029,34,55,27,62,0,15991.66
2025-01-01,ST019,PR0030,28,12,0,40,0,11832.8
2025-01-01,ST019,PR0031,65,3,21,47,0,17949.3
2025-01-01,ST019,PR0032,5,18,13,10,0,4337.6
2025-01-01,ST019,PR0033,55,27,40,42,0,19395.6
2025-01-01,ST019,PR0034,59,1,20,40,0,24240.0
2025-01-01,ST019,PR0035,47,8,36,19,0,10311.87
2025-01-01,ST019,PR0036,64,46,31,79,0,50481.79
2025-01-01,ST019,PR0037,23,33,16,40,0,30812.8
2025-01-01,ST019,PR0038,45,31,41,35,0,27100.5
2025-01-01,ST019,PR0039,56,38,34,60,0,54525.6
2025-01-01,ST019,PR0040,44,48,10,82,0,72155.08
2025-01-01,ST019,PR0041,44,47,16,75,0,73754.25
2025-01-01,ST019,PR0042,15,40,12,43,0,6043.65
2025-01-01,ST019,PR0043,17,0,17,0,4,0.0
2025-01-01,ST019,PR0044,24,4,28,0,3,0.0
2025-01-01,ST019,PR0045,53,54,23,84,0,24028.2
2025-01-01,ST019,PR0046,46,20,12,54,0,19296.36
2025-01-01,ST019,PR0047,54,20,29,45,0,17338.05
2025-01-01,ST019,PR0048,36,23,22,37,0,17335.24
2025-01-01,ST019,PR0049,46,33,27,52,0,31161.0
2025-01-01,ST019,PR0050,25,25,30,20,0,11875.0
2025-01-01,ST019,PR0051,23,0,23,0,3,0.0
2025-01-01,ST019,PR0052,38,49,22,65,0,42731.65
2025-01-01,ST019,PR0053,51,45,14,82,0,59508.22
2025-01-01,ST019,PR0054,8,20,28,0,9,0.0
2025-01-01,ST019,PR0055,4,40,20,24,0,23124.24
2025-01-01,ST019,PR0056,55,5,6,54,0,9590.94
2025-01-01,ST019,PR0057,63,55,26,92,0,18267.52
2025-01-01,ST019,PR0058,41,33,26,48,0,14859.84
2025-01-01,ST019,PR0059,19,3,0,22,0,6535.54
2025-01-01,ST019,PR0060,12,29,14,27,0,10257.03
2025-01-01,ST020,PR0001,52,28,25,55,0,13181.85
2025-01-01,ST020,PR0002,50,47,16,81,0,18815.49
2025-01-01,ST020,PR0003,19,44,39,24,0,7482.72
2025-01-01,ST020,PR0004,51,15,37,29,0,10320.23
2025-01-01,ST020,PR0005,49,20,2,67,0,33299.0
2025-01-01,ST020,PR0006,15,51,29,37,0,20253.06
2025-01-01,ST020,PR0007,22,26,25,23,0,15079.26
2025-01-01,ST020,PR0008,57,39,3,93,0,48970.08
2025-01-01,ST020,PR0009,24,31,8,47,0,31153.01
2025-01-01,ST020,PR0010,5,19,24,0,10,0.0
2025-01-01,ST020,PR0011,6,42,27,21,0,14927.43
2025-01-01,ST020,PR0012,65,41,24,82,0,70208.4
2025-01-01,ST020,PR0013,59,18,2,75,0,55865.25
2025-01-01,ST020,PR0014,34,3,35,2,3,301.24
2025-01-01,ST020,PR0015,4,36,39,1,8,240.59
2025-01-01,ST020,PR0016,54,2,12,44,0,12731.84
2025-01-01,ST020,PR0017,59,38,23,74,0,22539.66
2025-01-01,ST020,PR0018,10,34,44,0,7,0.0
2025-01-01,ST020,PR0019,15,31,10,36,0,18353.52
2025-01-01,ST020,PR0020,7,17,19,5,0,2074.15
2025-01-01,ST020,PR0021,16,38,33,21,0,13369.44
2025-01-01,ST020,PR0022,44,16,32,28,0,18881.52
2025-01-01,ST020,PR0023,31,31,32,30,0,19238.7
2025-01-01,ST020,PR0024,44,26,12,58,0,37234.26
2025-01-01,ST020,PR0025,7,50,56,1,4,938.15
2025-01-01,ST020,PR0026,6,39,30,15,0,12008.1
2025-01-01,ST020,PR0027,50,24,12,62,0,47626.54
2025-01-01,ST020,PR0028,40,28,34,34,0,4892.6
2025-01-01,ST020,PR0029,15,19,34,0,12,0.0
2025-01-01,ST020,PR0030,50,26,41,35,0,10353.7
2025-01-01,ST020,PR0031,15,33,18,30,0,11457.0
2025-01-01,ST020,PR0032,33,40,34,39,0,16916.64
2025-01-01,ST020,PR0033,23,46,0,69,0,31864.2
2025-01-01,ST020,PR0034,26,24,26,24,0,14544.0
2025-01-01,ST020,PR0035,31,41,48,24,0,13025.52
2025-01-01,ST020,PR0036,23,26,20,29,0,18531.29
2025-01-01,ST020,PR0037,59,5,22,42,0,32353.44
2025-01-01,ST020,PR0038,39,51,20,70,0,54201.0
2025-01-01,ST020,PR0039,24,19,30,13,0,11813.88
2025-01-01,ST020,PR0040,46,23,57,12,0,10559.28
2025-01-01,ST020,PR0041,57,47,37,67,0,65887.13
2025-01-01,ST020,PR0042,49,23,32,40,0,5622.0
2025-01-01,ST020,PR0043,37,30,6,61,0,12415.94
2025-01-01,ST020,PR0044,58,26,10,74,0,19336.94
2025-01-01,ST020,PR0045,12,30,19,23,0,6579.15
2025-01-01,ST020,PR0046,45,0,28,17,0,6074.78
2025-01-01,ST020,PR0047,21,10,31,0,7,0.0
2025-01-01,ST020,PR0048,38,17,19,36,0,16866.72
2025-01-01,ST020,PR0049,60,23,39,44,0,26367.0
2025-01-01,ST020,PR0050,22,37,45,14,0,8312.5
2025-01-01,ST020,PR0051,34,25,15,44,0,28564.36
2025-01-01,ST020,PR0052,56,26,22,60,0,39444.6
2025-01-01,ST020,PR0053,16,43,41,18,0,13062.78
2025-01-01,ST020,PR0054,59,5,49,15,0,14976.45
2025-01-01,ST020,PR0055,43,36,16,63,0,60701.13
2025-01-01,ST020,PR0056,63,14,22,55,0,9768.55
2025-01-01,ST020,PR0057,24,52,21,55,0,10920.8
2025-01-01,ST020,PR0058,63,45,26,82,0,25385.56
2025-01-01,ST020,PR0059,31,47,36,42,0,12476.94
2025-01-01,ST020,PR0060,11,6,17,0,6,0.0
2025-01-01,ST021,PR0001,52,35,1,86,0,20611.62
2025-01-01,ST021,PR0002,20,2,16,6,0,1393.74
2025-01-01,ST021,PR0003,8,35,16,27,0,8418.06
2025-01-01,ST021,PR0004,14,36,31,19,0,6761.53
2025-01-01,ST021,PR0005,34,37,15,56,0,27832.0
2025-01-01,ST021,PR0006,47,43,30,60,0,32842.8
2025-01-01,ST021,PR0007,7,52,33,26,0,17046.12
2025-01-01,ST021,PR0008,26,34,14,46,0,24221.76
2025-01-01,ST021,PR0009,62,33,22,73,0,48386.59
2025-01-01,ST021,PR0010,28,13,34,7,0,4242.42
2025-01-01,ST021,PR0011,4,35,35,4,0,2843.32
2025-01-01,ST021,PR0012,47,6,11,42,0,35960.4
2025-01-01,ST021,PR0013,6,41,6,41,0,30539.67
2025-01-01,ST021,PR0014,4,16,20,0,5,0.0
2025-01-01,ST021,PR0015,11,17,16,12,0,2887.08
2025-01-01,ST021,PR0016,23,23,30,16,0,4629.76
2025-01-01,ST021,PR0017,48,55,24,79,0,24062.61
2025-01-01,ST021,PR0018,33,4,20,17,0,7006.72
2025-01-01,ST021,PR0019,13,23,0,36,0,18353.52
2025-01-01,ST021,PR0020,19,34,29,24,0,9955.92
2025-01-01,ST021,PR0021,54,35,10,79,0,50294.56
2025-01-01,ST021,PR0022,10,44,9,45,0,30345.3
2025-01-01,ST021,PR0023,14,2,16,0,5,0.0
2025-01-01,ST021,PR0024,29,29,34,24,0,15407.28
2025-01-01,ST021,PR0025,65,43,39,69,0,64732.35
2025-01-01,ST021,PR0026,42,55,25,72,0,57638.88
2025-01-01,ST021,PR0027,31,13,21,23,0,17667.91
2025-01-01,ST021,PR0028,45,29,29,45,0,6475.5
2025-01-01,ST021,PR0029,21,11,20,12,0,3095.16
2025-01-01,ST021,PR0030,31,48,21,58,0,17157.56
2025-01-01,ST021,PR0031,57,34,8,83,0,31697.7
2025-01-01,ST021,PR0032,64,25,0,89,0,38604.64
2025-01-01,ST021,PR0033,28,39,16,51,0,23551.8
2025-01-01,ST021,PR0034,41,35,21,55,0,33330.0
2025-01-01,ST021,PR0035,5,34,11,28,0,15196.44
2025-01-01,ST021,PR0036,26,22,19,29,0,18531.29
2025-01-01,ST021,PR0037,17,28,30,15,0,11554.8
2025-01-01,ST021,PR0038,6,55,19,42,0,32520.6
2025-01-01,ST021,PR0039,44,28,8,64,0,58160.64
2025-01-01,ST021,PR0040,39,54,32,61,0,53676.34
2025-01-01,ST021,PR0041,17,18,34,1,12,983.39
2025-01-01,ST021,PR0042,46,13,33,26,0,3654.3
2025-01-01,ST021,PR0043,57,16,14,59,0,12008.86
2025-01-01,ST021,PR0044,50,7,8,49,0,12804.19
2025-01-01,ST021,PR0045,13,2,0,15,0,4290.75
2025-01-01,ST021,PR0046,30,38,11,57,0,20368.38
2025-01-01,ST021,PR0047,46,17,29,34,0,13099.86
2025-01-01,ST021,PR0048,57,40,9,88,0,41229.76
2025-01-01,ST021,PR0049,15,20,18,17,0,10187.25
2025-01-01,ST021,PR0050,9,22,17,14,0,8312.5
2025-01-01,ST021,PR0051,63,25,5,83,0,53882.77
2025-01-01,ST021,PR0052,10,18,20,8,0,5259.28
2025-01-01,ST021,PR0053,15,53,13,55,0,39914.05
2025-01-01,ST021,PR0054,53,43,48,48,0,47924.64
2025-01-01,ST021,PR0055,57,52,19,90,0,86715.9
2025-01-01,ST021,PR0056,27,34,32,29,0,5150.69
2025-01-01,ST021,PR0057,52,48,24,76,0,15090.56
2025-01-01,ST021,PR0058,29,13,9,33,0,10216.14
2025-01-01,ST021,PR0059,17,3,20,0,4,0.0
2025-01-01,ST021,PR0060,8,34,38,4,0,1519.56
2025-01-01,ST022,PR0001,12,0,12,0,5,0.0
2025-01-01,ST022,PR0002,65,43,29,79,0,18350.91
2025-01-01,ST022,PR0003,44,53,19,78,0,24318.84
2025-01-01,ST022,PR0004,60,19,18,61,0,21708.07
2025-01-01,ST022,PR0005,13,54,1,66,0,32802.0
2025-01-01,ST022,PR0006,62,18,16,64,0,35032.32
2025-01-01,ST022,PR0007,53,33,40,46,0,30158.52
2025-01-01,ST022,PR0008,8,24,0,32,0,16849.92
2025-01-01,ST022,PR0009,17,3,16,4,0,2651.32
2025-01-01,ST022,PR0010,33,42,18,57,0,34545.42
2025-01-01,ST022,PR0011,18,36,12,42,0,29854.86
2025-01-01,ST022,PR0012,51,32,16,67,0,57365.4
2025-01-01,ST022,PR0013,50,22,21,51,0,37988.37
2025-01-01,ST022,PR0014,46,4,26,24,0,3614.88
2025-01-01,ST022,PR0015,6,6,12,0,10,0.0
2025-01-01,ST022,PR0016,45,31,24,52,0,15046.72
2025-01-01,ST022,PR0017,50,24,27,47,0,14315.73
2025-01-01,ST022,PR0018,19,30,14,35,0,14425.6
2025-01-01,ST022,PR0019,58,15,8,65,0,33138.3
2025-01-01,ST022,PR0020,22,39,16,45,0,18667.35
2025-01-01,ST022,PR0021,22,52,15,59,0,37561.76
2025-01-01,ST022,PR0022,59,44,35,68,0,45855.12
2025-01-01,ST022,PR0023,61,43,8,96,0,61563.84
2025-01-01,ST022,PR0024,55,34,15,74,0,47505.78
2025-01-01,ST022,PR0025,63,18,6,75,0,70361.25
2025-01-01,ST022,PR0026,45,39,26,58,0,46431.32
2025-01-01,ST022,PR0027,56,21,20,57,0,43785.69
2025-01-01,ST022,PR0028,19,38,0,57,0,8202.3
2025-01-01,ST022,PR0029,13,7,4,16,0,4126.88
2025-01-01,ST022,PR0030,5,16,21,0,5,0.0
2025-01-01,ST022,PR0031,13,19,15,17,0,6492.3
2025-01-01,ST022,PR0032,38,10,5,43,0,18651.68
2025-01-01,ST022,PR0033,60,43,14,89,0,41100.2
2025-01-01,ST022,PR0034,62,33,27,68,0,41208.0
2025-01-01,ST022,PR0035,4,20,20,4,0,2170.92
2025-01-01,ST022,PR0036,50,45,30,65,0,41535.65
2025-01-01,ST022,PR0037,9,21,27,3,0,2310.96
2025-01-01,ST022,PR0038,57,47,24,80,0,61944.0
2025-01-01,ST022,PR0039,11,50,20,41,0,37259.16
2025-01-01,ST022,PR0040,64,30,15,79,0,69515.26
2025-01-01,ST022,PR0041,44,38,26,56,0,55069.84
2025-01-01,ST022,PR0042,9,11,20,0,7,0.0
2025-01-01,ST022,PR0043,9,31,25,15,0,3053.1
2025-01-01,ST022,PR0044,50,15,29,36,0,9407.16
2025-01-01,ST022,PR0045,26,31,1,56,0,16018.8
2025-01-01,ST022,PR0046,15,18,17,16,0,5717.44
2025-01-01,ST022,PR0047,38,29,25,42,0,16182.18
2025-01-01,ST022,PR0048,45,6,11,40,0,18740.8
2025-01-01,ST022,PR0049,60,27,18,69,0,41348.25
2025-01-01,ST022,PR0050,35,4,0,39,0,23156.25
2025-01-01,ST022,PR0051,23,50,7,66,0,42846.54
2025-01-01,ST022,PR0052,6,20,17,9,0,5916.69
2025-01-01,ST022,PR0053,15,13,20,8,0,5805.68
2025-01-01,ST022,PR0054,29,12,21,20,0,19968.6
2025-01-01,ST022,PR0055,60,24,28,56,0,53956.56
2025-01-01,ST022,PR0056,57,20,30,47,0,8347.67
2025-01-01,ST022,PR0057,53,36,33,56,0,11119.36
2025-01-01,ST022,PR0058,61,51,33,79,0,24456.82
2025-01-01,ST022,PR0059,10,15,6,19,0,5644.33
2025-01-01,ST022,PR0060,55,3,28,30,0,11396.7
2025-01-01,ST023,PR0001,22,40,11,51,0,12223.17
2025-01-01,ST023,PR0002,37,45,20,62,0,14401.98
2025-01-01,ST023,PR0003,34,34,11,57,0,17771.46
2025-01-01,ST023,PR0004,13,9,17,5,0,1779.35
2025-01-01,ST023,PR0005,49,22,6,65,0,32305.0
2025-01-01,ST023,PR0006,38,2,35,5,0,2736.9
2025-01-01,ST023,PR0007,44,54,9,89,0,58350.18
2025-01-01,ST023,PR0008,23,27,24,26,0,13690.56
2025-01-01,ST023,PR0009,46,32,12,66,0,43746.78
2025-01-01,ST023,PR0010,8,19,17,10,0,6060.6
2025-01-01,ST023,PR0011,55,31,20,66,0,46914.78
2025-01-01,ST023,PR0012,41,2,29,14,0,11986.8
2025-01-01,ST023,PR0013,64,53,0,117,0,87149.79
2025-01-01,ST023,PR0014,12,40,16,36,0,5422.32
2025-01-01,ST023,PR0015,64,11,29,46,0,11067.14
2025-01-01,ST023,PR0016,7,10,17,0,12,0.0
2025-01-01,ST023,PR0017,42,30,0,72,0,21930.48
2025-01-01,ST023,PR0018,44,20,31,33,0,13601.28
2025-01-01,ST023,PR0019,31,7,28,10,0,5098.2
2025-01-01,ST023,PR0020,25,28,24,29,0,12030.07
2025-01-01,ST023,PR0021,13,2,15,0,10,0.0
2025-01-01,ST023,PR0022,44,31,29,46,0,31019.64
2025-01-01,ST023,PR0023,43,37,40,40,0,25651.6
2025-01-01,ST023,PR0024,48,7,24,31,0,19901.07
2025-01-01,ST023,PR0025,60,30,6,84,0,78804.6
2025-01-01,ST023,PR0026,40,38,25,53,0,42428.62
2025-01-01,ST023,PR0027,22,5,22,5,0,3840.85
2025-01-01,ST023,PR0028,7,43,32,18,0,2590.2
2025-01-01,ST023,PR0029,36,25,14,47,0,12122.71
2025-01-01,ST023,PR0030,15,7,22,0,2,0.0
2025-01-01,ST023,PR0031,37,45,19,63,0,24059.7
2025-01-01,ST023,PR0032,26,48,21,53,0,22989.28
2025-01-01,ST023,PR0033,30,5,4,31,0,14315.8
2025-01-01,ST023,PR0034,41,6,23,24,0,14544.0
2025-01-01,ST023,PR0035,60,55,0,115,0,62413.95
2025-01-01,ST023,PR0036,46,31,23,54,0,34506.54
2025-01-01,ST023,PR0037,54,48,17,85,0,65477.2
2025-01-01,ST023,PR0038,63,37,26,74,0,57298.2
2025-01-01,ST023,PR0039,50,20,15,55,0,49981.8
2025-01-01,ST023,PR0040,23,38,5,56,0,49276.64
2025-01-01,ST023,PR0041,44,12,33,23,0,22617.97
2025-01-01,ST023,PR0042,43,17,6,54,0,7589.7
2025-01-01,ST023,PR0043,7,21,28,0,10,0.0
2025-01-01,ST023,PR0044,23,13,36,0,6,0.0
2025-01-01,ST023,PR0045,47,31,14,64,0,18307.2
2025-01-01,ST023,PR0046,14,34,12,36,0,12864.24
2025-01-01,ST023,PR0047,52,41,17,76,0,29282.04
2025-01-01,ST023,PR0048,11,35,20,26,0,12181.52
2025-01-01,ST023,PR0049,46,54,0,100,0,59925.0
2025-01-01,ST023,PR0050,51,26,40,37,0,21968.75
2025-01-01,ST023,PR0051,47,24,32,39,0,25318.41
2025-01-01,ST023,PR0052,48,46,28,66,0,43389.06
2025-01-01,ST023,PR0053,30,18,26,22,0,15965.62
2025-01-01,ST023,PR0054,63,2,15,50,0,49921.5
2025-01-01,ST023,PR0055,5,53,9,49,0,47211.99
2025-01-01,ST023,PR0056,18,13,31,0,5,0.0
2025-01-01,ST023,PR0057,28,28,33,23,0,4566.88
2025-01-01,ST023,PR0058,33,38,21,50,0,15479.0
2025-01-01,ST023,PR0059,34,6,17,23,0,6832.61
2025-01-01,ST023,PR0060,50,40,29,61,0,23173.29
2025-01-01,ST024,PR0001,15,54,19,50,0,11983.5
2025-01-01,ST024,PR0002,59,31,19,71,0,16492.59
2025-01-01,ST024,PR0003,33,12,45,0,4,0.0
2025-01-01,ST024,PR0004,14,4,18,0,8,0.0
2025-01-01,ST024,PR0005,53,35,13,75,0,37275.0
2025-01-01,ST024,PR0006,20,46,8,58,0,31748.04
2025-01-01,ST024,PR0007,12,50,7,55,0,36059.1
2025-01-01,ST024,PR0008,25,24,26,23,0,12110.88
2025-01-01,ST024,PR0009,18,51,13,56,0,37118.48
2025-01-01,ST024,PR0010,29,16,41,4,0,2424.24
2025-01-01,ST024,PR0011,4,16,20,0,5,0.0
2025-01-01,ST024,PR0012,48,31,21,58,0,49659.6
2025-01-01,ST024,PR0013,63,39,23,79,0,58844.73
2025-01-01,ST024,PR0014,55,23,12,66,0,9940.92
2025-01-01,ST024,PR0015,33,17,8,42,0,10104.78
2025-01-01,ST024,PR0016,4,8,12,0,12,0.0
2025-01-01,ST024,PR0017,57,44,13,88,0,26803.92
2025-01-01,ST024,PR0018,47,42,27,62,0,25553.92
2025-01-01,ST024,PR0019,37,6,9,34,0,17333.88
2025-01-01,ST024,PR0020,43,48,36,55,0,22815.65
2025-01-01,ST024,PR0021,58,2,24,36,0,22919.04
2025-01-01,ST024,PR0022,65,45,41,69,0,46529.46
2025-01-01,ST024,PR0023,26,16,18,24,0,15390.96
2025-01-01,ST024,PR0024,9,31,17,23,0,14765.31
2025-01-01,ST024,PR0025,21,31,20,32,0,30020.8
2025-01-01,ST024,PR0026,21,51,18,54,0,43229.16
2025-01-01,ST024,PR0027,57,40,15,82,0,62989.94
2025-01-01,ST024,PR0028,63,17,25,55,0,7914.5
2025-01-01,ST024,PR0029,44,55,22,77,0,19860.61
2025-01-01,ST024,PR0030,41,31,29,43,0,12720.26
2025-01-01,ST024,PR0031,36,31,38,29,0,11075.1
2025-01-01,ST024,PR0032,50,36,16,70,0,30363.2
2025-01-01,ST024,PR0033,16,37,31,22,0,10159.6
2025-01-01,ST024,PR0034,45,36,31,50,0,30300.0
2025-01-01,ST024,PR0035,41,33,22,52,0,28221.96
2025-01-01,ST024,PR0036,29,6,35,0,7,0.0
2025-01-01,ST024,PR0037,31,29,30,30,0,23109.6
2025-01-01,ST024,PR0038,42,29,6,65,0,50329.5
2025-01-01,ST024,PR0039,39,31,33,37,0,33624.12
2025-01-01,ST024,PR0040,10,51,16,45,0,39597.3
2025-01-01,ST024,PR0041,25,49,24,50,0,49169.5
2025-01-01,ST024,PR0042,43,6,22,27,0,3794.85
2025-01-01,ST024,PR0043,38,8,19,27,0,5495.58
2025-01-01,ST024,PR0044,37,8,26,19,0,4964.89
2025-01-01,ST024,PR0045,42,22,19,45,0,12872.25
2025-01-01,ST024,PR0046,10,45,25,30,0,10720.2
2025-01-01,ST024,PR0047,59,25,0,84,0,32364.36
2025-01-01,ST024,PR0048,53,3,7,49,0,22957.48
2025-01-01,ST024,PR0049,45,48,14,79,0,47340.75
2025-01-01,ST024,PR0050,10,38,26,22,0,13062.5
2025-01-01,ST024,PR0051,32,23,18,37,0,24020.03
2025-01-01,ST024,PR0052,43,31,39,35,0,23009.35
2025-01-01,ST024,PR0053,32,42,5,69,0,50073.99
2025-01-01,ST024,PR0054,39,51,22,68,0,67893.24
2025-01-01,ST024,PR0055,14,3,17,0,9,0.0
2025-01-01,ST024,PR0056,10,52,18,44,0,7814.84
2025-01-01,ST024,PR0057,39,48,27,60,0,11913.6
2025-01-01,ST024,PR0058,61,17,28,50,0,15479.0
2025-01-01,ST024,PR0059,26,35,4,57,0,16932.99
2025-01-01,ST024,PR0060,60,45,9,96,0,36469.44
2025-02-01,ST001,PR0001,35,42,11,66,0,15818.22
2025-02-01,ST001,PR0002,48,12,12,48,0,11149.92
2025-02-01,ST001,PR0003,31,0,1,30,0,9353.4
2025-02-01,ST001,PR0004,57,21,20,58,0,20640.46
2025-02-01,ST001,PR0005,28,0,28,0,8,0.0
2025-02-01,ST001,PR0006,47,52,25,74,0,40506.12
2025-02-01,ST001,PR0007,14,0,14,0,8,0.0
2025-02-01,ST001,PR0008,28,13,18,23,0,12110.88
2025-02-01,ST001,PR0009,33,52,8,77,0,51037.91
2025-02-01,ST001,PR0010,52,43,13,82,0,49696.92
2025-02-01,ST001,PR0011,28,51,18,61,0,43360.63
2025-02-01,ST001,PR0012,25,50,10,65,0,55653.0
2025-02-01,ST001,PR0013,63,54,25,92,0,68528.04
2025-02-01,ST001,PR0014,63,7,17,53,0,7982.86
2025-02-01,ST001,PR0015,29,32,21,40,0,9623.6
2025-02-01,ST001,PR0016,16,30,24,22,0,6365.92
2025-02-01,ST001,PR0017,65,35,23,77,0,23453.43
2025-02-01,ST001,PR0018,21,3,19,5,0,2060.8
2025-02-01,ST001,PR0019,61,3,16,48,0,24471.36
2025-02-01,ST001,PR0020,46,17,49,14,0,5807.62
2025-02-01,ST001,PR0021,39,11,25,25,0,15916.0
2025-02-01,ST001,PR0022,25,9,28,6,0,4046.04
2025-02-01,ST001,PR0023,17,28,0,45,0,28858.05
2025-02-01,ST001,PR0024,11,7,18,0,11,0.0
2025-02-01,ST001,PR0025,33,32,0,65,0,60979.75
2025-02-01,ST001,PR0026,36,45,9,72,0,57638.88
2025-02-01,ST001,PR0027,37,30,21,46,0,35335.82
2025-02-01,ST001,PR0028,12,1,13,0,7,0.0
2025-02-01,ST001,PR0029,44,41,14,71,0,18313.03
2025-02-01,ST001,PR0030,56,37,22,71,0,21003.22
2025-02-01,ST001,PR0031,65,44,35,74,0,28260.6
2025-02-01,ST001,PR0032,65,38,6,97,0,42074.72
2025-02-01,ST001,PR0033,6,20,16,10,0,4618.0
2025-02-01,ST001,PR0034,60,34,19,75,0,45450.0
2025-02-01,ST001,PR0035,6,33,8,31,0,16824.63
2025-02-01,ST001,PR0036,41,14,5,50,0,31950.5
2025-02-01,ST001,PR0037,32,0,18,14,0,10784.48
2025-02-01,ST001,PR0038,45,14,9,50,0,38715.0
2025-02-01,ST001,PR0039,36,29,33,32,0,29080.32
2025-02-01,ST001,PR0040,34,19,16,37,0,32557.78
2025-02-01,ST001,PR0041,38,39,49,28,0,27534.92
2025-02-01,ST001,PR0042,30,31,36,25,0,3513.75
2025-02-01,ST001,PR0043,61,20,9,72,0,14654.88
2025-02-01,ST001,PR0044,60,13,43,30,0,7839.3
2025-02-01,ST001,PR0045,62,19,15,66,0,18879.3
2025-02-01,ST001,PR0046,39,13,6,46,0,16437.64
2025-02-01,ST001,PR0047,39,3,14,28,0,10788.12
2025-02-01,ST001,PR0048,64,26,14,76,0,35607.52
2025-02-01,ST001,PR0049,23,0,23,0,11,0.0
2025-02-01,ST001,PR0050,35,47,29,53,0,31468.75
2025-02-01,ST001,PR0051,12,28,0,40,0,25967.6
2025-02-01,ST001,PR0052,58,37,28,67,0,44046.47
2025-02-01,ST001,PR0053,52,39,40,51,0,37011.21
2025-02-01,ST001,PR0054,14,37,27,24,0,23962.32
2025-02-01,ST001,PR0055,61,51,17,95,0,91533.45
2025-02-01,ST001,PR0056,9,24,2,31,0,5505.91
2025-02-01,ST001,PR0057,51,20,17,54,0,10722.24
2025-02-01,ST001,PR0058,21,22,34,9,0,2786.22
2025-02-01,ST001,PR0059,7,12,14,5,0,1485.35
2025-02-01,ST001,PR0060,25,29,20,34,0,12916.26
2025-02-01,ST002,PR0001,63,44,12,95,0,22768.65
2025-02-01,ST002,PR0002,51,24,16,59,0,13705.11
2025-02-01,ST002,PR0003,63,1,7,57,0,17771.46
2025-02-01,ST002,PR0004,11,14,25,0,4,0.0
2025-02-01,ST002,PR0005,38,30,32,36,0,17892.0
2025-02-01,ST002,PR0006,27,28,12,43,0,23537.34
2025-02-01,ST002,PR0007,30,38,24,44,0,28847.28
2025-02-01,ST002,PR0008,20,27,27,20,0,10531.2
2025-02-01,ST002,PR0009,62,27,25,64,0,42421.12
2025-02-01,ST002,PR0010,25,55,21,59,0,35757.54
2025-02-01,ST002,PR0011,6,39,21,24,0,17059.92
2025-02-01,ST002,PR0012,50,25,4,71,0,60790.2
2025-02-01,ST002,PR0013,31,13,20,24,0,17876.88
2025-02-01,ST002,PR0014,61,27,3,85,0,12802.7
2025-02-01,ST002,PR0015,49,40,11,78,0,18766.02
2025-02-01,ST002,PR0016,10,35,20,25,0,7234.0
2025-02-01,ST002,PR0017,31,44,23,52,0,15838.68
2025-02-01,ST002,PR0018,34,14,27,21,0,8655.36
2025-02-01,ST002,PR0019,45,0,32,13,0,6627.66
2025-02-01,ST002,PR0020,6,15,21,0,9,0.0
2025-02-01,ST002,PR0021,42,51,16,77,0,49021.28
2025-02-01,ST002,PR0022,17,55,14,58,0,39111.72
2025-02-01,ST002,PR0023,34,26,11,49,0,31423.21
2025-02-01,ST002,PR0024,58,33,27,64,0,41086.08
2025-02-01,ST002,PR0025,42,27,14,55,0,51598.25
2025-02-01,ST002,PR0026,43,25,24,44,0,35223.76
2025-02-01,ST002,PR0027,24,1,10,15,0,11522.55
2025-02-01,ST002,PR0028,38,20,0,58,0,8346.2
2025-02-01,ST002,PR0029,39,26,10,55,0,14186.15
2025-02-01,ST002,PR0030,13,19,18,14,0,4141.48
2025-02-01,ST002,PR0031,51,5,25,31,0,11838.9
2025-02-01,ST002,PR0032,23,3,26,0,6,0.0
2025-02-01,ST002,PR0033,26,16,19,23,0,10621.4
2025-02-01,ST002,PR0034,35,5,30,10,0,6060.0
2025-02-01,ST002,PR0035,23,45,19,49,0,26593.77
2025-02-01,ST002,PR0036,37,42,2,77,0,49203.77
2025-02-01,ST002,PR0037,19,50,8,61,0,46989.52
2025-02-01,ST002,PR0038,22,41,27,36,0,27874.8
2025-02-01,ST002,PR0039,16,52,15,53,0,48164.28
2025-02-01,ST002,PR0040,39,7,24,22,0,19358.68
2025-02-01,ST002,PR0041,8,25,33,0,7,0.0
2025-02-01,ST002,PR0042,61,53,12,102,0,14336.1
2025-02-01,ST002,PR0043,56,1,39,18,0,3663.72
2025-02-01,ST002,PR0044,9,16,25,0,9,0.0
2025-02-01,ST002,PR0045,31,13,20,24,0,6865.2
2025-02-01,ST002,PR0046,6,42,17,31,0,11077.54
2025-02-01,ST002,PR0047,38,9,9,38,0,14641.02
2025-02-01,ST002,PR0048,53,49,29,73,0,34201.96
2025-02-01,ST002,PR0049,38,2,3,37,0,22172.25
2025-02-01,ST002,PR0050,50,8,48,10,0,5937.5
2025-02-01,ST002,PR0051,54,0,19,35,0,22721.65
2025-02-01,ST002,PR0052,47,38,15,70,0,46018.7
2025-02-01,ST002,PR0053,12,7,19,0,12,0.0
2025-02-01,ST002,PR0054,56,42,36,62,0,61902.66
2025-02-01,ST002,PR0055,48,7,55,0,2,0.0
2025-02-01,ST002,PR0056,44,16,10,50,0,8880.5
2025-02-01,ST002,PR0057,19,42,28,33,0,6552.48
2025-02-01,ST002,PR0058,47,31,20,58,0,17955.64
2025-02-01,ST002,PR0059,64,21,25,60,0,17824.2
2025-02-01,ST002,PR0060,50,39,35,54,0,20514.06
2025-02-01,ST003,PR0001,58,24,0,82,0,19652.94
2025-02-01,ST003,PR0002,56,53,16,93,0,21602.97
2025-02-01,ST003,PR0003,33,4,14,23,0,7170.94
2025-02-01,ST003,PR0004,39,53,13,79,0,28113.73
2025-02-01,ST003,PR0005,8,36,17,27,0,13419.0
2025-02-01,ST003,PR0006,24,26,3,47,0,25726.86
2025-02-01,ST003,PR0007,56,10,4,62,0,40648.44
2025-02-01,ST003,PR0008,47,32,16,63,0,33173.28
2025-02-01,ST003,PR0009,8,42,30,20,0,13256.6
2025-02-01,ST003,PR0010,13,21,25,9,0,5454.54
2025-02-01,ST003,PR0011,11,23,27,7,0,4975.81
2025-02-01,ST003,PR0012,21,17,38,0,4,0.0
2025-02-01,ST003,PR0013,58,49,13,94,0,70017.78
2025-02-01,ST003,PR0014,52,42,12,82,0,12350.84
2025-02-01,ST003,PR0015,51,43,28,66,0,15878.94
2025-02-01,ST003,PR0016,42,49,12,79,0,22859.44
2025-02-01,ST003,PR0017,57,48,33,72,0,21930.48
2025-02-01,ST003,PR0018,55,42,34,63,0,25966.08
2025-02-01,ST003,PR0019,39,31,23,47,0,23961.54
2025-02-01,ST003,PR0020,23,1,22,2,6,829.66
2025-02-01,ST003,PR0021,36,10,37,9,0,5729.76
2025-02-01,ST003,PR0022,41,40,6,75,0,50575.5
2025-02-01,ST003,PR0023,57,42,22,77,0,49379.33
2025-02-01,ST003,PR0024,54,0,38,16,0,10271.52
2025-02-01,ST003,PR0025,22,13,18,17,0,15948.55
2025-02-01,ST003,PR0026,9,12,21,0,7,0.0
2025-02-01,ST003,PR0027,63,25,29,59,0,45322.03
2025-02-01,ST003,PR0028,60,25,19,66,0,9497.4
2025-02-01,ST003,PR0029,33,21,15,39,0,10059.27
2025-02-01,ST003,PR0030,47,51,20,78,0,23073.96
2025-02-01,ST003,PR0031,60,13,0,73,0,27878.7
2025-02-01,ST003,PR0032,58,32,0,90,0,39038.4
2025-02-01,ST003,PR0033,62,33,22,73,0,33711.4
2025-02-01,ST003,PR0034,59,47,32,74,0,44844.0
2025-02-01,ST003,PR0035,28,7,21,14,0,7598.22
2025-02-01,ST003,PR0036,51,48,18,81,0,51759.81
2025-02-01,ST003,PR0037,60,5,14,51,0,39286.32
2025-02-01,ST003,PR0038,59,5,23,41,0,31746.3
2025-02-01,ST003,PR0039,15,27,35,7,0,6361.32
2025-02-01,ST003,PR0040,60,43,10,93,0,81834.42
2025-02-01,ST003,PR0041,9,14,6,17,0,16717.63
2025-02-01,ST003,PR0042,7,17,24,0,12,0.0
2025-02-01,ST003,PR0043,56,48,17,87,0,17707.98
2025-02-01,ST003,PR0044,60,18,3,75,0,19598.25
2025-02-01,ST003,PR0045,6,33,25,14,0,4004.7
2025-02-01,ST003,PR0046,9,5,14,0,12,0.0
2025-02-01,ST003,PR0047,9,12,20,1,6,385.29
2025-02-01,ST003,PR0048,50,49,0,99,0,46383.48
2025-02-01,ST003,PR0049,60,7,11,56,0,33558.0
2025-02-01,ST003,PR0050,22,36,9,49,0,29093.75
2025-02-01,ST003,PR0051,21,50,26,45,0,29213.55
2025-02-01,ST003,PR0052,11,28,15,24,0,15777.84
2025-02-01,ST003,PR0053,53,21,12,62,0,44994.02
2025-02-01,ST003,PR0054,23,8,31,0,2,0.0
2025-02-01,ST003,PR0055,45,21,22,44,0,42394.44
2025-02-01,ST003,PR0056,10,27,5,32,0,5683.52
2025-02-01,ST003,PR0057,52,34,18,68,0,13502.08
2025-02-01,ST003,PR0058,6,27,33,0,5,0.0
2025-02-01,ST003,PR0059,60,45,32,73,0,21686.11
2025-02-01,ST003,PR0060,61,6,17,50,0,18994.5
2025-02-01,ST004,PR0001,60,44,9,95,0,22768.65
2025-02-01,ST004,PR0002,11,41,21,31,0,7200.99
2025-02-01,ST004,PR0003,37,53,10,80,0,24942.4
2025-02-01,ST004,PR0004,22,9,16,15,0,5338.05
2025-02-01,ST004,PR0005,55,6,37,24,0,11928.0
2025-02-01,ST004,PR0006,59,6,22,43,0,23537.34
2025-02-01,ST004,PR0007,27,53,17,63,0,41304.06
2025-02-01,ST004,PR0008,23,53,4,72,0,37912.32
2025-02-01,ST004,PR0009,21,2,23,0,3,0.0
2025-02-01,ST004,PR0010,62,44,0,106,0,64242.36
2025-02-01,ST004,PR0011,43,51,19,75,0,53312.25
2025-02-01,ST004,PR0012,46,24,35,35,0,29967.0
2025-02-01,ST004,PR0013,43,33,17,59,0,43947.33
2025-02-01,ST004,PR0014,25,3,25,3,0,451.86
2025-02-01,ST004,PR0015,21,50,23,48,0,11548.32
2025-02-01,ST004,PR0016,8,12,20,0,9,0.0
2025-02-01,ST004,PR0017,27,46,18,55,0,16752.45
2025-02-01,ST004,PR0018,48,11,42,17,0,7006.72
2025-02-01,ST004,PR0019,63,14,28,49,0,24981.18
2025-02-01,ST004,PR0020,57,6,37,26,0,10785.58
2025-02-01,ST004,PR0021,45,16,19,42,0,26738.88
2025-02-01,ST004,PR0022,17,52,15,54,0,36414.36
2025-02-01,ST004,PR0023,5,30,25,10,0,6412.9
2025-02-01,ST004,PR0024,60,35,32,63,0,40444.11
2025-02-01,ST004,PR0025,21,4,21,4,0,3752.6
2025-02-01,ST004,PR0026,26,12,26,12,0,9606.48
2025-02-01,ST004,PR0027,5,42,0,47,0,36103.99
2025-02-01,ST004,PR0028,57,47,25,79,0,11368.1
2025-02-01,ST004,PR0029,38,47,29,56,0,14444.08
2025-02-01,ST004,PR0030,18,6,24,0,7,0.0
2025-02-01,ST004,PR0031,34,37,22,49,0,18713.1
2025-02-01,ST004,PR0032,54,0,16,38,0,16482.88
2025-02-01,ST004,PR0033,55,13,17,51,0,23551.8
2025-02-01,ST004,PR0034,39,11,21,29,0,17574.0
2025-02-01,ST004,PR0035,21,48,25,44,0,23880.12
2025-02-01,ST004,PR0036,11,54,10,55,0,35145.55
2025-02-01,ST004,PR0037,23,41,27,37,0,28501.84
2025-02-01,ST004,PR0038,63,54,27,90,0,69687.0
2025-02-01,ST004,PR0039,50,22,0,72,0,65430.72
2025-02-01,ST004,PR0040,32,44,33,43,0,37837.42
2025-02-01,ST004,PR0041,12,49,22,39,0,38352.21
2025-02-01,ST004,PR0042,28,35,27,36,0,5059.8
2025-02-01,ST004,PR0043,45,44,52,37,0,7530.98
2025-02-01,ST004,PR0044,10,50,32,28,0,7316.68
2025-02-01,ST004,PR0045,27,42,6,63,0,18021.15
2025-02-01,ST004,PR0046,55,16,22,49,0,17509.66
2025-02-01,ST004,PR0047,11,29,33,7,0,2697.03
2025-02-01,ST004,PR0048,8,48,16,40,0,18740.8
2025-02-01,ST004,PR0049,56,5,2,59,0,35355.75
2025-02-01,ST004,PR0050,4,28,32,0,9,0.0
2025-02-01,ST004,PR0051,28,4,16,16,0,10387.04
2025-02-01,ST004,PR0052,64,13,29,48,0,31555.68
2025-02-01,ST004,PR0053,18,54,37,35,0,25399.85
2025-02-01,ST004,PR0054,16,8,23,1,12,998.43
2025-02-01,ST004,PR0055,64,48,31,81,0,78044.31
2025-02-01,ST004,PR0056,11,49,28,32,0,5683.52
2025-02-01,ST004,PR0057,52,30,16,66,0,13104.96
2025-02-01,ST004,PR0058,57,2,29,30,0,9287.4
2025-02-01,ST004,PR0059,33,3,35,1,9,297.07
2025-02-01,ST004,PR0060,31,0,28,3,0,1139.67
2025-02-01,ST005,PR0001,53,37,9,81,0,19413.27
2025-02-01,ST005,PR0002,42,0,6,36,0,8362.44
2025-02-01,ST005,PR0003,7,27,14,20,0,6235.6
2025-02-01,ST005,PR0004,11,50,32,29,0,10320.23
2025-02-01,ST005,PR0005,14,47,28,33,0,16401.0
2025-02-01,ST005,PR0006,60,43,31,72,0,39411.36
2025-02-01,ST005,PR0007,23,48,46,25,0,16390.5
2025-02-01,ST005,PR0008,21,25,8,38,0,20009.28
2025-02-01,ST005,PR0009,5,21,20,6,0,3976.98
2025-02-01,ST005,PR0010,31,55,28,58,0,35151.48
2025-02-01,ST005,PR0011,14,23,4,33,0,23457.39
2025-02-01,ST005,PR0012,61,54,18,97,0,83051.4
2025-02-01,ST005,PR0013,25,31,15,41,0,30539.67
2025-02-01,ST005,PR0014,36,36,24,48,0,7229.76
2025-02-01,ST005,PR0015,54,31,36,49,0,11788.91
2025-02-01,ST005,PR0016,40,22,37,25,0,7234.0
2025-02-01,ST005,PR0017,38,52,45,45,0,13706.55
2025-02-01,ST005,PR0018,13,7,6,14,0,5770.24
2025-02-01,ST005,PR0019,18,39,7,50,0,25491.0
2025-02-01,ST005,PR0020,57,54,44,67,0,27793.61
2025-02-01,ST005,PR0021,42,3,42,3,0,1909.92
2025-02-01,ST005,PR0022,55,51,29,77,0,51924.18
2025-02-01,ST005,PR0023,32,43,17,58,0,37194.82
2025-02-01,ST005,PR0024,62,12,26,48,0,30814.56
2025-02-01,ST005,PR0025,22,46,33,35,0,32835.25
2025-02-01,ST005,PR0026,27,20,15,32,0,25617.28
2025-02-01,ST005,PR0027,49,4,5,48,0,36872.16
2025-02-01,ST005,PR0028,45,11,0,56,0,8058.4
2025-02-01,ST005,PR0029,56,14,30,40,0,10317.2
2025-02-01,ST005,PR0030,11,44,24,31,0,9170.42
2025-02-01,ST005,PR0031,38,45,28,55,0,21004.5
2025-02-01,ST005,PR0032,31,6,17,20,0,8675.2
2025-02-01,ST005,PR0033,60,32,16,76,0,35096.8
2025-02-01,ST005,PR0034,58,39,24,73,0,44238.0
2025-02-01,ST005,PR0035,56,51,18,89,0,48302.97
2025-02-01,ST005,PR0036,28,42,33,37,0,23643.37
2025-02-01,ST005,PR0037,31,30,31,30,0,23109.6
2025-02-01,ST005,PR0038,11,48,2,57,0,44135.1
2025-02-01,ST005,PR0039,16,34,22,28,0,25445.28
2025-02-01,ST005,PR0040,58,50,0,108,0,95033.52
2025-02-01,ST005,PR0041,8,5,13,0,12,0.0
2025-02-01,ST005,PR0042,11,55,35,31,0,4357.05
2025-02-01,ST005,PR0043,20,7,13,14,0,2849.56
2025-02-01,ST005,PR0044,4,14,14,4,0,1045.24
2025-02-01,ST005,PR0045,34,33,31,36,0,10297.8
2025-02-01,ST005,PR0046,27,43,32,38,0,13578.92
2025-02-01,ST005,PR0047,30,44,36,38,0,14641.02
2025-02-01,ST005,PR0048,58,37,23,72,0,33733.44
2025-02-01,ST005,PR0049,9,31,27,13,0,7790.25
2025-02-01,ST005,PR0050,34,31,14,51,0,30281.25
2025-02-01,ST005,PR0051,58,25,27,56,0,36354.64
2025-02-01,ST005,PR0052,21,38,27,32,0,21037.12
2025-02-01,ST005,PR0053,33,39,37,35,0,25399.85
2025-02-01,ST005,PR0054,11,44,35,20,0,19968.6
2025-02-01,ST005,PR0055,49,2,17,34,0,32759.34
2025-02-01,ST005,PR0056,25,5,10,20,0,3552.2
2025-02-01,ST005,PR0057,50,41,28,63,0,12509.28
2025-02-01,ST005,PR0058,4,53,1,56,0,17336.48
2025-02-01,ST005,PR0059,23,30,8,45,0,13368.15
2025-02-01,ST005,PR0060,4,27,1,30,0,11396.7
2025-02-01,ST006,PR0001,31,26,32,25,0,5991.75
2025-02-01,ST006,PR0002,19,15,20,14,0,3252.06
2025-02-01,ST006,PR0003,46,37,30,53,0,16524.34
2025-02-01,ST006,PR0004,19,54,20,53,0,18861.11
2025-02-01,ST006,PR0005,32,44,30,46,0,22862.0
2025-02-01,ST006,PR0006,26,8,20,14,0,7663.32
2025-02-01,ST006,PR0007,24,21,0,45,0,29502.9
2025-02-01,ST006,PR0008,5,38,30,13,0,6845.28
2025-02-01,ST006,PR0009,19,25,17,27,0,17896.41
2025-02-01,ST006,PR0010,48,39,17,70,0,42424.2
2025-02-01,ST006,PR0011,47,17,43,21,0,14927.43
2025-02-01,ST006,PR0012,57,49,23,83,0,71064.6
2025-02-01,ST006,PR0013,51,54,15,90,0,67038.3
2025-02-01,ST006,PR0014,45,4,19,30,0,4518.6
2025-02-01,ST006,PR0015,64,19,28,55,0,13232.45
2025-02-01,ST006,PR0016,61,32,15,78,0,22570.08
2025-02-01,ST006,PR0017,19,4,23,0,3,0.0
2025-02-01,ST006,PR0018,24,47,23,48,0,19783.68
2025-02-01,ST006,PR0019,35,7,30,12,0,6117.84
2025-02-01,ST006,PR0020,6,2,8,0,2,0.0
2025-02-01,ST006,PR0021,57,55,35,77,0,49021.28
2025-02-01,ST006,PR0022,63,30,27,66,0,44506.44
2025-02-01,ST006,PR0023,28,17,15,30,0,19238.7
2025-02-01,ST006,PR0024,51,33,13,71,0,45579.87
2025-02-01,ST006,PR0025,44,1,14,31,0,29082.65
2025-02-01,ST006,PR0026,65,42,37,70,0,56037.8
2025-02-01,ST006,PR0027,10,8,18,0,10,0.0
2025-02-01,ST006,PR0028,11,37,24,24,0,3453.6
2025-02-01,ST006,PR0029,5,46,10,41,0,10575.13
2025-02-01,ST006,PR0030,15,32,24,23,0,6803.86
2025-02-01,ST006,PR0031,26,1,14,13,0,4964.7
2025-02-01,ST006,PR0032,51,22,30,43,0,18651.68
2025-02-01,ST006,PR0033,46,49,6,89,0,41100.2
2025-02-01,ST006,PR0034,46,32,21,57,0,34542.0
2025-02-01,ST006,PR0035,28,8,24,12,0,6512.76
2025-02-01,ST006,PR0036,49,18,27,40,0,25560.4
2025-02-01,ST006,PR0037,31,50,9,72,0,55463.04
2025-02-01,ST006,PR0038,37,29,22,44,0,34069.2
2025-02-01,ST006,PR0039,23,37,5,55,0,49981.8
2025-02-01,ST006,PR0040,52,43,34,61,0,53676.34
2025-02-01,ST006,PR0041,8,22,24,6,0,5900.34
2025-02-01,ST006,PR0042,58,22,20,60,0,8433.0
2025-02-01,ST006,PR0043,35,8,31,12,0,2442.48
2025-02-01,ST006,PR0044,39,22,12,49,0,12804.19
2025-02-01,ST006,PR0045,17,49,25,41,0,11728.05
2025-02-01,ST006,PR0046,15,0,15,0,12,0.0
2025-02-01,ST006,PR0047,36,53,29,60,0,23117.4
2025-02-01,ST006,PR0048,20,32,23,29,0,13587.08
2025-02-01,ST006,PR0049,44,14,22,36,0,21573.0
2025-02-01,ST006,PR0050,61,12,41,32,0,19000.0
2025-02-01,ST006,PR0051,37,43,21,59,0,38302.21
2025-02-01,ST006,PR0052,9,31,1,39,0,25638.99
2025-02-01,ST006,PR0053,54,30,19,65,0,47171.15
2025-02-01,ST006,PR0054,32,49,18,63,0,62901.09
2025-02-01,ST006,PR0055,43,49,16,76,0,73226.76
2025-02-01,ST006,PR0056,37,55,42,50,0,8880.5
2025-02-01,ST006,PR0057,11,3,14,0,4,0.0
2025-02-01,ST006,PR0058,14,43,13,44,0,13621.52
2025-02-01,ST006,PR0059,64,13,12,65,0,19309.55
2025-02-01,ST006,PR0060,30,0,21,9,0,3419.01
2025-02-01,ST007,PR0001,39,37,26,50,0,11983.5
2025-02-01,ST007,PR0002,8,26,26,8,0,1858.32
2025-02-01,ST007,PR0003,7,51,30,28,0,8729.84
2025-02-01,ST007,PR0004,20,46,23,43,0,15302.41
2025-02-01,ST007,PR0005,57,32,23,66,0,32802.0
2025-02-01,ST007,PR0006,16,47,8,55,0,30105.9
2025-02-01,ST007,PR0007,54,37,28,63,0,41304.06
2025-02-01,ST007,PR0008,58,1,27,32,0,16849.92
2025-02-01,ST007,PR0009,29,29,24,34,0,22536.22
2025-02-01,ST007,PR0010,25,16,16,25,0,15151.5
2025-02-01,ST007,PR0011,47,35,35,47,0,33409.01
2025-02-01,ST007,PR0012,4,2,6,0,3,0.0
2025-02-01,ST007,PR0013,60,11,0,71,0,52885.77
2025-02-01,ST007,PR0014,10,22,8,24,0,3614.88
2025-02-01,ST007,PR0015,53,40,14,79,0,19006.61
2025-02-01,ST007,PR0016,41,32,21,52,0,15046.72
2025-02-01,ST007,PR0017,5,17,22,0,6,0.0
2025-02-01,ST007,PR0018,27,24,35,16,0,6594.56
2025-02-01,ST007,PR0019,14,45,2,57,0,29059.74
2025-02-01,ST007,PR0020,64,33,0,97,0,40238.51
2025-02-01,ST007,PR0021,50,7,14,43,0,27375.52
2025-02-01,ST007,PR0022,28,9,19,18,0,12138.12
2025-02-01,ST007,PR0023,62,18,39,41,0,26292.89
2025-02-01,ST007,PR0024,58,1,16,43,0,27604.71
2025-02-01,ST007,PR0025,21,22,13,30,0,28144.5
2025-02-01,ST007,PR0026,23,26,18,31,0,24816.74
2025-02-01,ST007,PR0027,50,6,47,9,0,6913.53
2025-02-01,ST007,PR0028,14,42,33,23,0,3309.7
2025-02-01,ST007,PR0029,58,30,35,53,0,13670.29
2025-02-01,ST007,PR0030,29,30,13,46,0,13607.72
2025-02-01,ST007,PR0031,26,14,0,40,0,15276.0
2025-02-01,ST007,PR0032,24,36,14,46,0,19952.96
2025-02-01,ST007,PR0033,11,37,21,27,0,12468.6
2025-02-01,ST007,PR0034,7,35,15,27,0,16362.0
2025-02-01,ST007,PR0035,65,49,39,75,0,40704.75
2025-02-01,ST007,PR0036,4,1,5,0,5,0.0
2025-02-01,ST007,PR0037,64,19,13,70,0,53922.4
2025-02-01,ST007,PR0038,63,26,25,64,0,49555.2
2025-02-01,ST007,PR0039,22,39,16,45,0,40894.2
2025-02-01,ST007,PR0040,40,41,16,65,0,57196.1
2025-02-01,ST007,PR0041,4,15,16,3,0,2950.17
2025-02-01,ST007,PR0042,41,28,31,38,0,5340.9
2025-02-01,ST007,PR0043,19,55,22,52,0,10584.08
2025-02-01,ST007,PR0044,49,1,12,38,0,9929.78
2025-02-01,ST007,PR0045,16,44,19,41,0,11728.05
2025-02-01,ST007,PR0046,12,7,17,2,7,714.68
2025-02-01,ST007,PR0047,51,52,35,68,0,26199.72
2025-02-01,ST007,PR0048,35,52,9,78,0,36544.56
2025-02-01,ST007,PR0049,24,36,40,20,0,11985.0
2025-02-01,ST007,PR0050,5,9,14,0,6,0.0
2025-02-01,ST007,PR0051,15,13,17,11,0,7141.09
2025-02-01,ST007,PR0052,43,41,20,64,0,42074.24
2025-02-01,ST007,PR0053,40,38,21,57,0,41365.47
2025-02-01,ST007,PR0054,21,43,14,50,0,49921.5
2025-02-01,ST007,PR0055,37,30,21,46,0,44321.46
2025-02-01,ST007,PR0056,54,42,20,76,0,13498.36
2025-02-01,ST007,PR0057,20,32,19,33,0,6552.48
2025-02-01,ST007,PR0058,7,46,9,44,0,13621.52
2025-02-01,ST007,PR0059,29,50,34,45,0,13368.15
2025-02-01,ST007,PR0060,64,24,9,79,0,30011.31
2025-02-01,ST008,PR0001,62,25,16,71,0,17016.57
2025-02-01,ST008,PR0002,37,34,22,49,0,11382.21
2025-02-01,ST008,PR0003,11,38,27,22,0,6859.16
2025-02-01,ST008,PR0004,51,11,25,37,0,13167.19
2025-02-01,ST008,PR0005,55,8,31,32,0,15904.0
2025-02-01,ST008,PR0006,13,16,22,7,0,3831.66
2025-02-01,ST008,PR0007,26,13,39,0,6,0.0
2025-02-01,ST008,PR0008,23,7,19,11,0,5792.16
2025-02-01,ST008,PR0009,64,39,35,68,0,45072.44
2025-02-01,ST008,PR0010,54,41,25,70,0,42424.2
2025-02-01,ST008,PR0011,29,20,10,39,0,27722.37
2025-02-01,ST008,PR0012,19,15,28,6,0,5137.2
2025-02-01,ST008,PR0013,11,36,20,27,0,20111.49
2025-02-01,ST008,PR0014,5,6,9,2,8,301.24
2025-02-01,ST008,PR0015,11,19,22,8,0,1924.72
2025-02-01,ST008,PR0016,58,25,36,47,0,13599.92
2025-02-01,ST008,PR0017,10,4,14,0,9,0.0
2025-02-01,ST008,PR0018,61,7,8,60,0,24729.6
2025-02-01,ST008,PR0019,5,30,32,3,0,1529.46
2025-02-01,ST008,PR0020,47,47,25,69,0,28623.27
2025-02-01,ST008,PR0021,15,14,20,9,0,5729.76
2025-02-01,ST008,PR0022,50,28,13,65,0,43832.1
2025-02-01,ST008,PR0023,47,51,20,78,0,50020.62
2025-02-01,ST008,PR0024,55,11,40,26,0,16691.22
2025-02-01,ST008,PR0025,34,21,29,26,0,24391.9
2025-02-01,ST008,PR0026,10,53,18,45,0,36024.3
2025-02-01,ST008,PR0027,33,6,17,22,0,16899.74
2025-02-01,ST008,PR0028,17,28,22,23,0,3309.7
2025-02-01,ST008,PR0029,10,19,29,0,9,0.0
2025-02-01,ST008,PR0030,65,18,0,83,0,24553.06
2025-02-01,ST008,PR0031,13,30,33,10,0,3819.0
2025-02-01,ST008,PR0032,24,6,23,7,0,3036.32
2025-02-01,ST008,PR0033,51,3,16,38,0,17548.4
2025-02-01,ST008,PR0034,24,18,11,31,0,18786.0
2025-02-01,ST008,PR0035,35,47,40,42,0,22794.66
2025-02-01,ST008,PR0036,45,39,33,51,0,32589.51
2025-02-01,ST008,PR0037,41,21,22,40,0,30812.8
2025-02-01,ST008,PR0038,40,54,9,85,0,65815.5
2025-02-01,ST008,PR0039,18,46,24,40,0,36350.4
2025-02-01,ST008,PR0040,8,31,33,6,0,5279.64
2025-02-01,ST008,PR0041,46,19,54,11,0,10817.29
2025-02-01,ST008,PR0042,43,42,35,50,0,7027.5
2025-02-01,ST008,PR0043,43,9,19,33,0,6716.82
2025-02-01,ST008,PR0044,32,4,31,5,0,1306.55
2025-02-01,ST008,PR0045,12,6,18,0,8,0.0
2025-02-01,ST008,PR0046,61,27,35,53,0,18939.02
2025-02-01,ST008,PR0047,15,2,17,0,11,0.0
2025-02-01,ST008,PR0048,11,55,10,56,0,26237.12
2025-02-01,ST008,PR0049,37,3,9,31,0,18576.75
2025-02-01,ST008,PR0050,49,13,11,51,0,30281.25
2025-02-01,ST008,PR0051,44,15,19,40,0,25967.6
2025-02-01,ST008,PR0052,29,32,26,35,0,23009.35
2025-02-01,ST008,PR0053,41,31,10,62,0,44994.02
2025-02-01,ST008,PR0054,20,33,28,25,0,24960.75
2025-02-01,ST008,PR0055,12,5,0,17,0,16379.67
2025-02-01,ST008,PR0056,18,3,18,3,0,532.83
2025-02-01,ST008,PR0057,22,14,36,0,3,0.0
2025-02-01,ST008,PR0058,33,33,12,54,0,16717.32
2025-02-01,ST008,PR0059,31,9,40,0,3,0.0
2025-02-01,ST008,PR0060,47,49,23,73,0,27731.97
2025-02-01,ST009,PR0001,48,10,2,56,0,13421.52
2025-02-01,ST009,PR0002,57,6,39,24,0,5574.96
2025-02-01,ST009,PR0003,54,50,29,75,0,23383.5
2025-02-01,ST009,PR0004,64,27,19,72,0,25622.64
2025-02-01,ST009,PR0005,49,29,23,55,0,27335.0
2025-02-01,ST009,PR0006,44,37,39,42,0,22989.96
2025-02-01,ST009,PR0007,16,44,28,32,0,20979.84
2025-02-01,ST009,PR0008,50,50,41,59,0,31067.04
2025-02-01,ST009,PR0009,45,53,19,79,0,52363.57
2025-02-01,ST009,PR0010,44,31,19,56,0,33939.36
2025-02-01,ST009,PR0011,27,16,7,36,0,25589.88
2025-02-01,ST009,PR0012,44,36,26,54,0,46234.8
2025-02-01,ST009,PR0013,5,6,11,0,7,0.0
2025-02-01,ST009,PR0014,63,11,36,38,0,5723.56
2025-02-01,ST009,PR0015,11,27,16,22,0,5292.98
2025-02-01,ST009,PR0016,50,42,24,68,0,19676.48
2025-02-01,ST009,PR0017,15,13,28,0,9,0.0
2025-02-01,ST009,PR0018,39,54,30,63,0,25966.08
2025-02-01,ST009,PR0019,53,25,19,59,0,30079.38
2025-02-01,ST009,PR0020,7,27,15,19,0,7881.77
2025-02-01,ST009,PR0021,11,19,30,0,3,0.0
2025-02-01,ST009,PR0022,31,19,33,17,0,11463.78
2025-02-01,ST009,PR0023,63,11,33,41,0,26292.89
2025-02-01,ST009,PR0024,56,26,41,41,0,26320.77
2025-02-01,ST009,PR0025,57,39,26,70,0,65670.5
2025-02-01,ST009,PR0026,5,27,24,8,0,6404.32
2025-02-01,ST009,PR0027,17,2,19,0,2,0.0
2025-02-01,ST009,PR0028,35,38,42,31,0,4460.9
2025-02-01,ST009,PR0029,30,14,6,38,0,9801.34
2025-02-01,ST009,PR0030,38,38,21,55,0,16270.1
2025-02-01,ST009,PR0031,39,15,25,29,0,11075.1
2025-02-01,ST009,PR0032,10,42,29,23,0,9976.48
2025-02-01,ST009,PR0033,39,51,19,71,0,32787.8
2025-02-01,ST009,PR0034,22,13,22,13,0,7878.0
2025-02-01,ST009,PR0035,26,53,52,27,0,14653.71
2025-02-01,ST009,PR0036,23,0,0,23,0,14697.23
2025-02-01,ST009,PR0037,11,30,24,17,0,13095.44
2025-02-01,ST009,PR0038,62,1,46,17,0,13163.1
2025-02-01,ST009,PR0039,55,28,24,59,0,53616.84
2025-02-01,ST009,PR0040,52,6,31,27,0,23758.38
2025-02-01,ST009,PR0041,49,19,2,66,0,64903.74
2025-02-01,ST009,PR0042,48,38,30,56,0,7870.8
2025-02-01,ST009,PR0043,42,8,21,29,0,5902.66
2025-02-01,ST009,PR0044,4,6,10,0,8,0.0
2025-02-01,ST009,PR0045,44,30,21,53,0,15160.65
2025-02-01,ST009,PR0046,15,8,23,0,6,0.0
2025-02-01,ST009,PR0047,61,45,12,94,0,36217.26
2025-02-01,ST009,PR0048,42,15,18,39,0,18272.28
2025-02-01,ST009,PR0049,41,16,25,32,0,19176.0
2025-02-01,ST009,PR0050,22,14,25,11,0,6531.25
2025-02-01,ST009,PR0051,14,3,17,0,6,0.0
2025-02-01,ST009,PR0052,26,20,34,12,0,7888.92
2025-02-01,ST009,PR0053,33,12,33,12,0,8708.52
2025-02-01,ST009,PR0054,22,8,16,14,0,13978.02
2025-02-01,ST009,PR0055,61,43,37,67,0,64555.17
2025-02-01,ST009,PR0056,7,2,9,0,7,0.0
2025-02-01,ST009,PR0057,46,26,34,38,0,7545.28
2025-02-01,ST009,PR0058,55,25,12,68,0,21051.44
2025-02-01,ST009,PR0059,44,55,5,94,0,27924.58
2025-02-01,ST009,PR0060,48,54,23,79,0,30011.31
2025-02-01,ST010,PR0001,23,38,21,40,0,9586.8
2025-02-01,ST010,PR0002,52,12,21,43,0,9988.47
2025-02-01,ST010,PR0003,43,15,10,48,0,14965.44
2025-02-01,ST010,PR0004,21,23,22,22,0,7829.14
2025-02-01,ST010,PR0005,29,41,20,50,0,24850.0
2025-02-01,ST010,PR0006,12,5,17,0,4,0.0
2025-02-01,ST010,PR0007,60,15,36,39,0,25569.18
2025-02-01,ST010,PR0008,60,28,16,72,0,37912.32
2025-02-01,ST010,PR0009,4,50,7,47,0,31153.01
2025-02-01,ST010,PR0010,36,29,9,56,0,33939.36
2025-02-01,ST010,PR0011,4,12,16,0,12,0.0
2025-02-01,ST010,PR0012,61,13,31,43,0,36816.6
2025-02-01,ST010,PR0013,34,4,28,10,0,7448.7
2025-02-01,ST010,PR0014,43,24,21,46,0,6928.52
2025-02-01,ST010,PR0015,56,39,17,78,0,18766.02
2025-02-01,ST010,PR0016,16,46,30,32,0,9259.52
2025-02-01,ST010,PR0017,12,55,13,54,0,16447.86
2025-02-01,ST010,PR0018,42,13,25,30,0,12364.8
2025-02-01,ST010,PR0019,19,25,26,18,0,9176.76
2025-02-01,ST010,PR0020,51,45,24,72,0,29867.76
2025-02-01,ST010,PR0021,23,30,9,44,0,28012.16
2025-02-01,ST010,PR0022,63,43,11,95,0,64062.3
2025-02-01,ST010,PR0023,25,38,1,62,0,39759.98
2025-02-01,ST010,PR0024,42,16,52,6,0,3851.82
2025-02-01,ST010,PR0025,6,32,18,20,0,18763.0
2025-02-01,ST010,PR0026,37,5,41,1,2,800.54
2025-02-01,ST010,PR0027,57,31,40,48,0,36872.16
2025-02-01,ST010,PR0028,10,12,22,0,3,0.0
2025-02-01,ST010,PR0029,15,25,29,11,0,2837.23
2025-02-01,ST010,PR0030,22,16,24,14,0,4141.48
2025-02-01,ST010,PR0031,50,47,22,75,0,28642.5
2025-02-01,ST010,PR0032,55,49,40,64,0,27760.64
2025-02-01,ST010,PR0033,54,40,24,70,0,32326.0
2025-02-01,ST010,PR0034,55,54,26,83,0,50298.0
2025-02-01,ST010,PR0035,28,54,7,75,0,40704.75
2025-02-01,ST010,PR0036,39,54,20,73,0,46647.73
2025-02-01,ST010,PR0037,59,20,9,70,0,53922.4
2025-02-01,ST010,PR0038,9,22,12,19,0,14711.7
2025-02-01,ST010,PR0039,39,46,23,62,0,56343.12
2025-02-01,ST010,PR0040,16,26,22,20,0,17598.8
2025-02-01,ST010,PR0041,4,28,8,24,0,23601.36
2025-02-01,ST010,PR0042,62,44,25,81,0,11384.55
2025-02-01,ST010,PR0043,47,18,5,60,0,12212.4
2025-02-01,ST010,PR0044,10,40,16,34,0,8884.54
2025-02-01,ST010,PR0045,23,25,14,34,0,9725.7
2025-02-01,ST010,PR0046,35,1,2,34,0,12149.56
2025-02-01,ST010,PR0047,22,22,21,23,0,8861.67
2025-02-01,ST010,PR0048,23,16,39,0,2,0.0
2025-02-01,ST010,PR0049,52,34,21,65,0,38951.25
2025-02-01,ST010,PR0050,33,30,33,30,0,17812.5
2025-02-01,ST010,PR0051,45,40,3,82,0,53233.58
2025-02-01,ST010,PR0052,16,20,14,22,0,14463.02
2025-02-01,ST010,PR0053,60,14,31,43,0,31205.53
2025-02-01,ST010,PR0054,47,17,28,36,0,35943.48
2025-02-01,ST010,PR0055,5,55,29,31,0,29868.81
2025-02-01,ST010,PR0056,27,25,17,35,0,6216.35
2025-02-01,ST010,PR0057,55,2,3,54,0,10722.24
2025-02-01,ST010,PR0058,40,31,34,37,0,11454.46
2025-02-01,ST010,PR0059,14,35,33,16,0,4753.12
2025-02-01,ST010,PR0060,59,21,12,68,0,25832.52
2025-02-01,ST011,PR0001,56,38,0,94,0,22528.98
2025-02-01,ST011,PR0002,18,35,28,25,0,5807.25
2025-02-01,ST011,PR0003,30,32,29,33,0,10288.74
2025-02-01,ST011,PR0004,48,53,49,52,0,18505.24
2025-02-01,ST011,PR0005,21,33,36,18,0,8946.0
2025-02-01,ST011,PR0006,8,10,18,0,7,0.0
2025-02-01,ST011,PR0007,13,31,20,24,0,15734.88
2025-02-01,ST011,PR0008,53,39,22,70,0,36859.2
2025-02-01,ST011,PR0009,39,2,39,2,12,1325.66
2025-02-01,ST011,PR0010,13,51,26,38,0,23030.28
2025-02-01,ST011,PR0011,12,21,21,12,0,8529.96
2025-02-01,ST011,PR0012,17,2,0,19,0,16267.8
2025-02-01,ST011,PR0013,17,23,20,20,0,14897.4
2025-02-01,ST011,PR0014,40,40,38,42,0,6326.04
2025-02-01,ST011,PR0015,52,19,6,65,0,15638.35
2025-02-01,ST011,PR0016,57,18,13,62,0,17940.32
2025-02-01,ST011,PR0017,12,10,15,7,0,2132.13
2025-02-01,ST011,PR0018,53,8,34,27,0,11128.32
2025-02-01,ST011,PR0019,53,8,12,49,0,24981.18
2025-02-01,ST011,PR0020,5,52,26,31,0,12859.73
2025-02-01,ST011,PR0021,54,34,8,80,0,50931.2
2025-02-01,ST011,PR0022,40,10,27,23,0,15509.82
2025-02-01,ST011,PR0023,25,7,12,20,0,12825.8
2025-02-01,ST011,PR0024,39,1,40,0,8,0.0
2025-02-01,ST011,PR0025,58,9,27,40,0,37526.0
2025-02-01,ST011,PR0026,57,18,35,40,0,32021.6
2025-02-01,ST011,PR0027,38,14,28,24,0,18436.08
2025-02-01,ST011,PR0028,61,5,27,39,0,5612.1
2025-02-01,ST011,PR0029,30,53,28,55,0,14186.15
2025-02-01,ST011,PR0030,27,45,23,49,0,14495.18
2025-02-01,ST011,PR0031,30,49,18,61,0,23295.9
2025-02-01,ST011,PR0032,58,13,7,64,0,27760.64
2025-02-01,ST011,PR0033,27,6,19,14,0,6465.2
2025-02-01,ST011,PR0034,43,15,20,38,0,23028.0
2025-02-01,ST011,PR0035,6,29,5,30,0,16281.9
2025-02-01,ST011,PR0036,4,46,23,27,0,17253.27
2025-02-01,ST011,PR0037,26,28,28,26,0,20028.32
2025-02-01,ST011,PR0038,35,0,23,12,0,9291.6
2025-02-01,ST011,PR0039,36,32,49,19,0,17266.44
2025-02-01,ST011,PR0040,40,25,34,31,0,27278.14
2025-02-01,ST011,PR0041,20,4,22,2,2,1966.78
2025-02-01,ST011,PR0042,38,20,1,57,0,8011.35
2025-02-01,ST011,PR0043,11,18,20,9,0,1831.86
2025-02-01,ST011,PR0044,55,50,0,105,0,27437.55
2025-02-01,ST011,PR0045,65,1,40,26,0,7437.3
2025-02-01,ST011,PR0046,6,51,34,23,0,8218.82
2025-02-01,ST011,PR0047,15,50,13,52,0,20035.08
2025-02-01,ST011,PR0048,49,29,21,57,0,26705.64
2025-02-01,ST011,PR0049,9,0,9,0,9,0.0
2025-02-01,ST011,PR0050,65,9,22,52,0,30875.0
2025-02-01,ST011,PR0051,14,41,7,48,0,31161.12
2025-02-01,ST011,PR0052,63,38,26,75,0,49305.75
2025-02-01,ST011,PR0053,38,45,41,42,0,30479.82
2025-02-01,ST011,PR0054,53,15,8,60,0,59905.8
2025-02-01,ST011,PR0055,60,22,12,70,0,67445.7
2025-02-01,ST011,PR0056,43,30,0,73,0,12965.53
2025-02-01,ST011,PR0057,34,17,8,43,0,8538.08
2025-02-01,ST011,PR0058,10,19,25,4,0,1238.32
2025-02-01,ST011,PR0059,40,8,39,9,0,2673.63
2025-02-01,ST011,PR0060,14,50,21,43,0,16335.27
2025-02-01,ST012,PR0001,34,14,22,26,0,6231.42
2025-02-01,ST012,PR0002,48,38,14,72,0,16724.88
2025-02-01,ST012,PR0003,62,9,22,49,0,15277.22
2025-02-01,ST012,PR0004,23,25,42,6,0,2135.22
2025-02-01,ST012,PR0005,45,15,21,39,0,19383.0
2025-02-01,ST012,PR0006,51,34,21,64,0,35032.32
2025-02-01,ST012,PR0007,63,12,10,65,0,42615.3
2025-02-01,ST012,PR0008,20,47,21,46,0,24221.76
2025-02-01,ST012,PR0009,14,38,26,26,0,17233.58
2025-02-01,ST012,PR0010,64,44,22,86,0,52121.16
2025-02-01,ST012,PR0011,65,6,20,51,0,36252.33
2025-02-01,ST012,PR0012,36,54,11,79,0,67639.8
2025-02-01,ST012,PR0013,28,1,29,0,5,0.0
2025-02-01,ST012,PR0014,24,15,15,24,0,3614.88
2025-02-01,ST012,PR0015,4,10,14,0,4,0.0
2025-02-01,ST012,PR0016,54,37,29,62,0,17940.32
2025-02-01,ST012,PR0017,24,34,31,27,0,8223.93
2025-02-01,ST012,PR0018,42,30,27,45,0,18547.2
2025-02-01,ST012,PR0019,56,19,16,59,0,30079.38
2025-02-01,ST012,PR0020,55,14,28,41,0,17008.03
2025-02-01,ST012,PR0021,58,15,9,64,0,40744.96
2025-02-01,ST012,PR0022,61,33,13,81,0,54621.54
2025-02-01,ST012,PR0023,60,31,21,70,0,44890.3
2025-02-01,ST012,PR0024,45,55,5,95,0,60987.15
2025-02-01,ST012,PR0025,16,7,20,3,0,2814.45
2025-02-01,ST012,PR0026,55,17,29,43,0,34423.22
2025-02-01,ST012,PR0027,42,3,20,25,0,19204.25
2025-02-01,ST012,PR0028,42,31,28,45,0,6475.5
2025-02-01,ST012,PR0029,22,15,11,26,0,6706.18
2025-02-01,ST012,PR0030,32,30,0,62,0,18340.84
2025-02-01,ST012,PR0031,45,3,3,45,0,17185.5
2025-02-01,ST012,PR0032,11,23,17,17,0,7373.92
2025-02-01,ST012,PR0033,61,23,8,76,0,35096.8
2025-02-01,ST012,PR0034,57,14,12,59,0,35754.0
2025-02-01,ST012,PR0035,65,34,24,75,0,40704.75
2025-02-01,ST012,PR0036,45,37,32,50,0,31950.5
2025-02-01,ST012,PR0037,46,1,33,14,0,10784.48
2025-02-01,ST012,PR0038,8,5,12,1,7,774.3
2025-02-01,ST012,PR0039,8,26,20,14,0,12722.64
2025-02-01,ST012,PR0040,36,12,28,20,0,17598.8
2025-02-01,ST012,PR0041,25,36,23,38,0,37368.82
2025-02-01,ST012,PR0042,37,54,21,70,0,9838.5
2025-02-01,ST012,PR0043,60,31,32,59,0,12008.86
2025-02-01,ST012,PR0044,50,33,4,79,0,20643.49
2025-02-01,ST012,PR0045,27,42,25,44,0,12586.2
2025-02-01,ST012,PR0046,8,7,15,0,2,0.0
2025-02-01,ST012,PR0047,42,52,45,49,0,18879.21
2025-02-01,ST012,PR0048,52,15,28,39,0,18272.28
2025-02-01,ST012,PR0049,43,8,36,15,0,8988.75
2025-02-01,ST012,PR0050,29,12,37,4,0,2375.0
2025-02-01,ST012,PR0051,20,0,20,0,2,0.0
2025-02-01,ST012,PR0052,46,24,9,61,0,40102.01
2025-02-01,ST012,PR0053,6,37,19,24,0,17417.04
2025-02-01,ST012,PR0054,30,55,29,56,0,55912.08
2025-02-01,ST012,PR0055,17,53,14,56,0,53956.56
2025-02-01,ST012,PR0056,59,45,0,104,0,18471.44
2025-02-01,ST012,PR0057,12,20,32,0,2,0.0
2025-02-01,ST012,PR0058,43,17,42,18,0,5572.44
2025-02-01,ST012,PR0059,46,53,13,86,0,25548.02
2025-02-01,ST012,PR0060,13,12,0,25,0,9497.25
2025-02-01,ST013,PR0001,35,12,17,30,0,7190.1
2025-02-01,ST013,PR0002,34,29,39,24,0,5574.96
2025-02-01,ST013,PR0003,30,10,4,36,0,11224.08
2025-02-01,ST013,PR0004,28,30,24,34,0,12099.58
2025-02-01,ST013,PR0005,34,40,10,64,0,31808.0
2025-02-01,ST013,PR0006,31,32,59,4,0,2189.52
2025-02-01,ST013,PR0007,20,33,12,41,0,26880.42
2025-02-01,ST013,PR0008,39,29,22,46,0,24221.76
2025-02-01,ST013,PR0009,5,14,18,1,10,662.83
2025-02-01,ST013,PR0010,59,49,35,73,0,44242.38
2025-02-01,ST013,PR0011,20,9,29,0,6,0.0
2025-02-01,ST013,PR0012,6,42,44,4,0,3424.8
2025-02-01,ST013,PR0013,17,44,31,30,0,22346.1
2025-02-01,ST013,PR0014,18,47,26,39,0,5874.18
2025-02-01,ST013,PR0015,37,35,5,67,0,16119.53
2025-02-01,ST013,PR0016,41,0,21,20,0,5787.2
2025-02-01,ST013,PR0017,21,40,0,61,0,18579.99
2025-02-01,ST013,PR0018,44,14,35,23,0,9479.68
2025-02-01,ST013,PR0019,45,15,9,51,0,26000.82
2025-02-01,ST013,PR0020,34,17,25,26,0,10785.58
2025-02-01,ST013,PR0021,48,29,0,77,0,49021.28
2025-02-01,ST013,PR0022,33,14,33,14,0,9440.76
2025-02-01,ST013,PR0023,60,22,40,42,0,26934.18
2025-02-01,ST013,PR0024,32,52,39,45,0,28888.65
2025-02-01,ST013,PR0025,57,5,11,51,0,47845.65
2025-02-01,ST013,PR0026,60,53,2,111,0,88859.94
2025-02-01,ST013,PR0027,6,41,17,30,0,23045.1
2025-02-01,ST013,PR0028,24,27,12,39,0,5612.1
2025-02-01,ST013,PR0029,60,39,45,54,0,13928.22
2025-02-01,ST013,PR0030,15,51,26,40,0,11832.8
2025-02-01,ST013,PR0031,59,16,19,56,0,21386.4
2025-02-01,ST013,PR0032,49,48,33,64,0,27760.64
2025-02-01,ST013,PR0033,8,45,17,36,0,16624.8
2025-02-01,ST013,PR0034,51,52,33,70,0,42420.0
2025-02-01,ST013,PR0035,15,53,29,39,0,21166.47
2025-02-01,ST013,PR0036,8,55,19,44,0,28116.44
2025-02-01,ST013,PR0037,54,32,34,52,0,40056.64
2025-02-01,ST013,PR0038,31,34,34,31,0,24003.3
2025-02-01,ST013,PR0039,25,41,15,51,0,46346.76
2025-02-01,ST013,PR0040,50,9,24,35,0,30797.9
2025-02-01,ST013,PR0041,55,31,7,79,0,77687.81
2025-02-01,ST013,PR0042,11,42,16,37,0,5200.35
2025-02-01,ST013,PR0043,65,24,25,64,0,13026.56
2025-02-01,ST013,PR0044,58,20,53,25,0,6532.75
2025-02-01,ST013,PR0045,27,46,13,60,0,17163.0
2025-02-01,ST013,PR0046,39,51,13,77,0,27515.18
2025-02-01,ST013,PR0047,48,14,22,40,0,15411.6
2025-02-01,ST013,PR0048,12,5,17,0,11,0.0
2025-02-01,ST013,PR0049,52,15,33,34,0,20374.5
2025-02-01,ST013,PR0050,18,31,18,31,0,18406.25
2025-02-01,ST013,PR0051,7,40,5,42,0,27265.98
2025-02-01,ST013,PR0052,38,30,15,53,0,34842.73
2025-02-01,ST013,PR0053,61,27,10,78,0,56605.38
2025-02-01,ST013,PR0054,44,9,34,19,0,18970.17
2025-02-01,ST013,PR0055,44,26,8,62,0,59737.62
2025-02-01,ST013,PR0056,30,2,32,0,2,0.0
2025-02-01,ST013,PR0057,8,21,18,11,0,2184.16
2025-02-01,ST013,PR0058,62,27,10,79,0,24456.82
2025-02-01,ST013,PR0059,25,7,18,14,0,4158.98
2025-02-01,ST013,PR0060,40,32,35,37,0,14055.93
2025-02-01,ST014,PR0001,24,1,25,0,5,0.0
2025-02-01,ST014,PR0002,22,35,15,42,0,9756.18
2025-02-01,ST014,PR0003,42,55,12,85,0,26501.3
2025-02-01,ST014,PR0004,6,16,22,0,6,0.0
2025-02-01,ST014,PR0005,15,35,0,50,0,24850.0
2025-02-01,ST014,PR0006,13,0,13,0,9,0.0
2025-02-01,ST014,PR0007,46,52,0,98,0,64250.76
2025-02-01,ST014,PR0008,4,9,13,0,3,0.0
2025-02-01,ST014,PR0009,40,12,45,7,0,4639.81
2025-02-01,ST014,PR0010,48,16,6,58,0,35151.48
2025-02-01,ST014,PR0011,27,30,23,34,0,24168.22
2025-02-01,ST014,PR0012,6,30,27,9,0,7705.8
2025-02-01,ST014,PR0013,22,0,6,16,0,11917.92
2025-02-01,ST014,PR0014,31,53,17,67,0,10091.54
2025-02-01,ST014,PR0015,44,40,0,84,0,20209.56
2025-02-01,ST014,PR0016,36,31,8,59,0,17072.24
2025-02-01,ST014,PR0017,57,0,18,39,0,11879.01
2025-02-01,ST014,PR0018,30,25,30,25,0,10304.0
2025-02-01,ST014,PR0019,12,32,19,25,0,12745.5
2025-02-01,ST014,PR0020,4,49,23,30,0,12444.9
2025-02-01,ST014,PR0021,23,52,40,35,0,22282.4
2025-02-01,ST014,PR0022,50,26,22,54,0,36414.36
2025-02-01,ST014,PR0023,62,18,13,67,0,42966.43
2025-02-01,ST014,PR0024,62,33,34,61,0,39160.17
2025-02-01,ST014,PR0025,61,4,18,47,0,44093.05
2025-02-01,ST014,PR0026,13,25,18,20,0,16010.8
2025-02-01,ST014,PR0027,12,35,28,19,0,14595.23
2025-02-01,ST014,PR0028,19,25,10,34,0,4892.6
2025-02-01,ST014,PR0029,12,11,10,13,0,3353.09
2025-02-01,ST014,PR0030,56,25,15,66,0,19524.12
2025-02-01,ST014,PR0031,63,28,15,76,0,29024.4
2025-02-01,ST014,PR0032,57,38,0,95,0,41207.2
2025-02-01,ST014,PR0033,11,43,0,54,0,24937.2
2025-02-01,ST014,PR0034,50,26,4,72,0,43632.0
2025-02-01,ST014,PR0035,52,3,25,30,0,16281.9
2025-02-01,ST014,PR0036,40,25,28,37,0,23643.37
2025-02-01,ST014,PR0037,9,13,6,16,0,12325.12
2025-02-01,ST014,PR0038,13,51,9,55,0,42586.5
2025-02-01,ST014,PR0039,10,43,37,16,0,14540.16
2025-02-01,ST014,PR0040,15,34,31,18,0,15838.92
2025-02-01,ST014,PR0041,44,7,16,35,0,34418.65
2025-02-01,ST014,PR0042,21,31,20,32,0,4497.6
2025-02-01,ST014,PR0043,19,51,7,63,0,12823.02
2025-02-01,ST014,PR0044,59,14,21,52,0,13588.12
2025-02-01,ST014,PR0045,44,10,14,40,0,11442.0
2025-02-01,ST014,PR0046,18,4,22,0,7,0.0
2025-02-01,ST014,PR0047,8,18,19,7,0,2697.03
2025-02-01,ST014,PR0048,22,36,19,39,0,18272.28
2025-02-01,ST014,PR0049,37,17,17,37,0,22172.25
2025-02-01,ST014,PR0050,9,18,21,6,0,3562.5
2025-02-01,ST014,PR0051,22,17,21,18,0,11685.42
2025-02-01,ST014,PR0052,24,53,24,53,0,34842.73
2025-02-01,ST014,PR0053,47,49,9,87,0,63136.77
2025-02-01,ST014,PR0054,21,28,15,34,0,33946.62
2025-02-01,ST014,PR0055,62,28,15,75,0,72263.25
2025-02-01,ST014,PR0056,5,7,12,0,3,0.0
2025-02-01,ST014,PR0057,12,29,39,2,11,397.12
2025-02-01,ST014,PR0058,22,19,18,23,0,7120.34
2025-02-01,ST014,PR0059,15,29,18,26,0,7723.82
2025-02-01,ST014,PR0060,31,39,23,47,0,17854.83
2025-02-01,ST015,PR0001,60,28,21,67,0,16057.89
2025-02-01,ST015,PR0002,38,4,40,2,7,464.58
2025-02-01,ST015,PR0003,28,23,19,32,0,9976.96
2025-02-01,ST015,PR0004,6,13,19,0,9,0.0
2025-02-01,ST015,PR0005,52,16,13,55,0,27335.0
2025-02-01,ST015,PR0006,26,38,10,54,0,29558.52
2025-02-01,ST015,PR0007,43,20,37,26,0,17046.12
2025-02-01,ST015,PR0008,45,28,33,40,0,21062.4
2025-02-01,ST015,PR0009,13,53,29,37,0,24524.71
2025-02-01,ST015,PR0010,17,8,25,0,8,0.0
2025-02-01,ST015,PR0011,57,6,3,60,0,42649.8
2025-02-01,ST015,PR0012,54,12,17,49,0,41953.8
2025-02-01,ST015,PR0013,51,25,30,46,0,34264.02
2025-02-01,ST015,PR0014,21,21,17,25,0,3765.5
2025-02-01,ST015,PR0015,29,24,38,15,0,3608.85
2025-02-01,ST015,PR0016,5,27,32,0,2,0.0
2025-02-01,ST015,PR0017,40,43,22,61,0,18579.99
2025-02-01,ST015,PR0018,23,55,19,59,0,24317.44
2025-02-01,ST015,PR0019,36,24,20,40,0,20392.8
2025-02-01,ST015,PR0020,56,3,5,54,0,22400.82
2025-02-01,ST015,PR0021,12,41,34,19,0,12096.16
2025-02-01,ST015,PR0022,15,4,18,1,7,674.34
2025-02-01,ST015,PR0023,28,2,22,8,0,5130.32
2025-02-01,ST015,PR0024,48,52,19,81,0,51999.57
2025-02-01,ST015,PR0025,9,3,11,1,7,938.15
2025-02-01,ST015,PR0026,64,30,20,74,0,59239.96
2025-02-01,ST015,PR0027,39,49,14,74,0,56844.58
2025-02-01,ST015,PR0028,32,18,15,35,0,5036.5
2025-02-01,ST015,PR0029,49,1,21,29,0,7479.97
2025-02-01,ST015,PR0030,27,47,8,66,0,19524.12
2025-02-01,ST015,PR0031,28,33,29,32,0,12220.8
2025-02-01,ST015,PR0032,49,47,6,90,0,39038.4
2025-02-01,ST015,PR0033,17,25,37,5,0,2309.0
2025-02-01,ST015,PR0034,65,2,12,55,0,33330.0
2025-02-01,ST015,PR0035,54,36,14,76,0,41247.48
2025-02-01,ST015,PR0036,20,33,35,18,0,11502.18
2025-02-01,ST015,PR0037,43,14,20,37,0,28501.84
2025-02-01,ST015,PR0038,59,35,13,81,0,62718.3
2025-02-01,ST015,PR0039,16,8,21,3,0,2726.28
2025-02-01,ST015,PR0040,55,30,49,36,0,31677.84
2025-02-01,ST015,PR0041,17,29,0,46,0,45235.94
2025-02-01,ST015,PR0042,15,42,39,18,0,2529.9
2025-02-01,ST015,PR0043,12,43,9,46,0,9362.84
2025-02-01,ST015,PR0044,47,44,22,69,0,18030.39
2025-02-01,ST015,PR0045,58,24,43,39,0,11155.95
2025-02-01,ST015,PR0046,34,42,13,63,0,22512.42
2025-02-01,ST015,PR0047,58,29,1,86,0,33134.94
2025-02-01,ST015,PR0048,59,1,6,54,0,25300.08
2025-02-01,ST015,PR0049,13,34,7,40,0,23970.0
2025-02-01,ST015,PR0050,25,35,43,17,0,10093.75
2025-02-01,ST015,PR0051,11,12,15,8,0,5193.52
2025-02-01,ST015,PR0052,44,1,14,31,0,20379.71
2025-02-01,ST015,PR0053,10,3,13,0,7,0.0
2025-02-01,ST015,PR0054,8,28,25,11,0,10982.73
2025-02-01,ST015,PR0055,34,2,20,16,0,15416.16
2025-02-01,ST015,PR0056,8,53,21,40,0,7104.4
2025-02-01,ST015,PR0057,48,54,15,87,0,17274.72
2025-02-01,ST015,PR0058,38,40,21,57,0,17646.06
2025-02-01,ST015,PR0059,25,3,2,26,0,7723.82
2025-02-01,ST015,PR0060,53,39,17,75,0,28491.75
2025-02-01,ST016,PR0001,60,29,1,88,0,21090.96
2025-02-01,ST016,PR0002,57,38,17,78,0,18118.62
2025-02-01,ST016,PR0003,34,5,26,13,0,4053.14
2025-02-01,ST016,PR0004,15,45,29,31,0,11031.97
2025-02-01,ST016,PR0005,50,40,19,71,0,35287.0
2025-02-01,ST016,PR0006,21,47,13,55,0,30105.9
2025-02-01,ST016,PR0007,38,0,19,19,0,12456.78
2025-02-01,ST016,PR0008,27,32,9,50,0,26328.0
2025-02-01,ST016,PR0009,34,18,50,2,4,1325.66
2025-02-01,ST016,PR0010,17,0,17,0,6,0.0
2025-02-01,ST016,PR0011,33,52,7,78,0,55444.74
2025-02-01,ST016,PR0012,28,27,0,55,0,47091.0
2025-02-01,ST016,PR0013,33,25,13,45,0,33519.15
2025-02-01,ST016,PR0014,17,52,7,62,0,9338.44
2025-02-01,ST016,PR0015,15,36,28,23,0,5533.57
2025-02-01,ST016,PR0016,6,54,0,60,0,17361.6
2025-02-01,ST016,PR0017,30,34,36,28,0,8528.52
2025-02-01,ST016,PR0018,17,3,20,0,6,0.0
2025-02-01,ST016,PR0019,9,22,30,1,4,509.82
2025-02-01,ST016,PR0020,20,20,10,30,0,12444.9
2025-02-01,ST016,PR0021,38,15,14,39,0,24828.96
2025-02-01,ST016,PR0022,35,35,21,49,0,33042.66
2025-02-01,ST016,PR0023,20,37,34,23,0,14749.67
2025-02-01,ST016,PR0024,56,15,38,33,0,21185.01
2025-02-01,ST016,PR0025,5,25,14,16,0,15010.4
2025-02-01,ST016,PR0026,40,12,28,24,0,19212.96
2025-02-01,ST016,PR0027,40,52,11,81,0,62221.77
2025-02-01,ST016,PR0028,24,22,46,0,3,0.0
2025-02-01,ST016,PR0029,36,3,39,0,12,0.0
2025-02-01,ST016,PR0030,12,36,18,30,0,8874.6
2025-02-01,ST016,PR0031,44,23,10,57,0,21768.3
2025-02-01,ST016,PR0032,63,9,27,45,0,19519.2
2025-02-01,ST016,PR0033,37,12,18,31,0,14315.8
2025-02-01,ST016,PR0034,30,19,22,27,0,16362.0
2025-02-01,ST016,PR0035,9,29,35,3,0,1628.19
2025-02-01,ST016,PR0036,56,55,19,92,0,58788.92
2025-02-01,ST016,PR0037,65,1,25,41,0,31583.12
2025-02-01,ST016,PR0038,52,2,10,44,0,34069.2
2025-02-01,ST016,PR0039,61,10,20,51,0,46346.76
2025-02-01,ST016,PR0040,38,2,31,9,0,7919.46
2025-02-01,ST016,PR0041,19,33,20,32,0,31468.48
2025-02-01,ST016,PR0042,50,29,16,63,0,8854.65
2025-02-01,ST016,PR0043,41,30,24,47,0,9566.38
2025-02-01,ST016,PR0044,30,39,20,49,0,12804.19
2025-02-01,ST016,PR0045,4,50,12,42,0,12014.1
2025-02-01,ST016,PR0046,56,43,26,73,0,26085.82
2025-02-01,ST016,PR0047,38,48,17,69,0,26585.01
2025-02-01,ST016,PR0048,46,25,24,47,0,22020.44
2025-02-01,ST016,PR0049,35,36,30,41,0,24569.25
2025-02-01,ST016,PR0050,22,14,36,0,11,0.0
2025-02-01,ST016,PR0051,35,55,51,39,0,25318.41
2025-02-01,ST016,PR0052,19,52,43,28,0,18407.48
2025-02-01,ST016,PR0053,63,18,13,68,0,49348.28
2025-02-01,ST016,PR0054,6,6,12,0,5,0.0
2025-02-01,ST016,PR0055,51,42,5,88,0,84788.88
2025-02-01,ST016,PR0056,13,18,18,13,0,2308.93
2025-02-01,ST016,PR0057,14,1,0,15,0,2978.4
2025-02-01,ST016,PR0058,30,44,1,73,0,22599.34
2025-02-01,ST016,PR0059,13,9,22,0,9,0.0
2025-02-01,ST016,PR0060,8,24,11,21,0,7977.69
2025-02-01,ST017,PR0001,32,20,14,38,0,9107.46
2025-02-01,ST017,PR0002,28,33,17,44,0,10220.76
2025-02-01,ST017,PR0003,63,31,1,93,0,28995.54
2025-02-01,ST017,PR0004,28,1,19,10,0,3558.7
2025-02-01,ST017,PR0005,40,22,35,27,0,13419.0
2025-02-01,ST017,PR0006,17,34,15,36,0,19705.68
2025-02-01,ST017,PR0007,15,9,13,11,0,7211.82
2025-02-01,ST017,PR0008,17,43,33,27,0,14217.12
2025-02-01,ST017,PR0009,29,12,28,13,0,8616.79
2025-02-01,ST017,PR0010,61,39,31,69,0,41818.14
2025-02-01,ST017,PR0011,65,39,26,78,0,55444.74
2025-02-01,ST017,PR0012,22,18,15,25,0,21405.0
2025-02-01,ST017,PR0013,49,1,22,28,0,20856.36
2025-02-01,ST017,PR0014,14,29,1,42,0,6326.04
2025-02-01,ST017,PR0015,41,10,33,18,0,4330.62
2025-02-01,ST017,PR0016,65,20,23,62,0,17940.32
2025-02-01,ST017,PR0017,7,11,18,0,6,0.0
2025-02-01,ST017,PR0018,34,30,27,37,0,15249.92
2025-02-01,ST017,PR0019,16,20,18,18,0,9176.76
2025-02-01,ST017,PR0020,24,15,34,5,0,2074.15
2025-02-01,ST017,PR0021,42,37,16,63,0,40108.32
2025-02-01,ST017,PR0022,13,43,31,25,0,16858.5
2025-02-01,ST017,PR0023,10,9,0,19,0,12184.51
2025-02-01,ST017,PR0024,19,0,10,9,0,5777.73
2025-02-01,ST017,PR0025,34,9,26,17,0,15948.55
2025-02-01,ST017,PR0026,55,43,7,91,0,72849.14
2025-02-01,ST017,PR0027,24,24,28,20,0,15363.4
2025-02-01,ST017,PR0028,45,52,19,78,0,11224.2
2025-02-01,ST017,PR0029,57,15,40,32,0,8253.76
2025-02-01,ST017,PR0030,6,47,38,15,0,4437.3
2025-02-01,ST017,PR0031,16,23,31,8,0,3055.2
2025-02-01,ST017,PR0032,11,8,16,3,0,1301.28
2025-02-01,ST017,PR0033,16,47,33,30,0,13854.0
2025-02-01,ST017,PR0034,11,55,24,42,0,25452.0
2025-02-01,ST017,PR0035,10,32,24,18,0,9769.14
2025-02-01,ST017,PR0036,54,13,23,44,0,28116.44
2025-02-01,ST017,PR0037,54,33,15,72,0,55463.04
2025-02-01,ST017,PR0038,38,10,17,31,0,24003.3
2025-02-01,ST017,PR0039,15,52,25,42,0,38167.92
2025-02-01,ST017,PR0040,52,40,34,58,0,51036.52
2025-02-01,ST017,PR0041,16,13,20,9,0,8850.51
2025-02-01,ST017,PR0042,47,10,26,31,0,4357.05
2025-02-01,ST017,PR0043,8,26,34,0,8,0.0
2025-02-01,ST017,PR0044,45,11,44,12,0,3135.72
2025-02-01,ST017,PR0045,21,20,11,30,0,8581.5
2025-02-01,ST017,PR0046,44,6,12,38,0,13578.92
2025-02-01,ST017,PR0047,59,1,34,26,0,10017.54
2025-02-01,ST017,PR0048,55,17,36,36,0,16866.72
2025-02-01,ST017,PR0049,46,4,0,50,0,29962.5
2025-02-01,ST017,PR0050,33,44,38,39,0,23156.25
2025-02-01,ST017,PR0051,26,5,11,20,0,12983.8
2025-02-01,ST017,PR0052,32,43,31,44,0,28926.04
2025-02-01,ST017,PR0053,54,35,28,61,0,44268.31
2025-02-01,ST017,PR0054,63,13,13,63,0,62901.09
2025-02-01,ST017,PR0055,12,39,16,35,0,33722.85
2025-02-01,ST017,PR0056,27,53,36,44,0,7814.84
2025-02-01,ST017,PR0057,40,35,17,58,0,11516.48
2025-02-01,ST017,PR0058,59,21,46,34,0,10525.72
2025-02-01,ST017,PR0059,50,42,25,67,0,19903.69
2025-02-01,ST017,PR0060,13,51,36,28,0,10636.92
2025-02-01,ST018,PR0001,48,41,44,45,0,10785.15
2025-02-01,ST018,PR0002,36,0,26,10,0,2322.9
2025-02-01,ST018,PR0003,46,44,19,71,0,22136.38
2025-02-01,ST018,PR0004,23,3,21,5,0,1779.35
2025-02-01,ST018,PR0005,7,50,24,33,0,16401.0
2025-02-01,ST018,PR0006,28,0,24,4,0,2189.52
2025-02-01,ST018,PR0007,17,5,22,0,3,0.0
2025-02-01,ST018,PR0008,4,0,4,0,8,0.0
2025-02-01,ST018,PR0009,18,55,17,56,0,37118.48
2025-02-01,ST018,PR0010,37,45,13,69,0,41818.14
2025-02-01,ST018,PR0011,7,16,23,0,4,0.0
2025-02-01,ST018,PR0012,25,34,14,45,0,38529.0
2025-02-01,ST018,PR0013,14,12,26,0,12,0.0
2025-02-01,ST018,PR0014,27,22,21,28,0,4217.36
2025-02-01,ST018,PR0015,28,42,11,59,0,14194.81
2025-02-01,ST018,PR0016,22,19,0,41,0,11863.76
2025-02-01,ST018,PR0017,5,28,3,30,0,9137.7
2025-02-01,ST018,PR0018,51,18,54,15,0,6182.4
2025-02-01,ST018,PR0019,23,31,14,40,0,20392.8
2025-02-01,ST018,PR0020,46,14,20,40,0,16593.2
2025-02-01,ST018,PR0021,35,3,22,16,0,10186.24
2025-02-01,ST018,PR0022,15,44,28,31,0,20904.54
2025-02-01,ST018,PR0023,21,41,17,45,0,28858.05
2025-02-01,ST018,PR0024,43,6,20,29,0,18617.13
2025-02-01,ST018,PR0025,54,26,43,37,0,34711.55
2025-02-01,ST018,PR0026,5,19,24,0,9,0.0
2025-02-01,ST018,PR0027,46,1,32,15,0,11522.55
2025-02-01,ST018,PR0028,28,14,10,32,0,4604.8
2025-02-01,ST018,PR0029,64,26,17,73,0,18828.89
2025-02-01,ST018,PR0030,8,50,20,38,0,11241.16
2025-02-01,ST018,PR0031,41,44,47,38,0,14512.2
2025-02-01,ST018,PR0032,4,50,37,17,0,7373.92
2025-02-01,ST018,PR0033,23,24,4,43,0,19857.4
2025-02-01,ST018,PR0034,17,50,15,52,0,31512.0
2025-02-01,ST018,PR0035,48,49,11,86,0,46674.78
2025-02-01,ST018,PR0036,65,14,22,57,0,36423.57
2025-02-01,ST018,PR0037,23,19,0,42,0,32353.44
2025-02-01,ST018,PR0038,55,24,32,47,0,36392.1
2025-02-01,ST018,PR0039,65,15,27,53,0,48164.28
2025-02-01,ST018,PR0040,9,32,6,35,0,30797.9
2025-02-01,ST018,PR0041,53,3,15,41,0,40318.99
2025-02-01,ST018,PR0042,53,39,33,59,0,8292.45
2025-02-01,ST018,PR0043,53,29,24,58,0,11805.32
2025-02-01,ST018,PR0044,36,45,37,44,0,11497.64
2025-02-01,ST018,PR0045,52,4,11,45,0,12872.25
2025-02-01,ST018,PR0046,13,28,29,12,0,4288.08
2025-02-01,ST018,PR0047,44,14,18,40,0,15411.6
2025-02-01,ST018,PR0048,23,37,16,44,0,20614.88
2025-02-01,ST018,PR0049,18,27,17,28,0,16779.0
2025-02-01,ST018,PR0050,40,17,34,23,0,13656.25
2025-02-01,ST018,PR0051,50,26,13,63,0,40898.97
2025-02-01,ST018,PR0052,63,46,25,84,0,55222.44
2025-02-01,ST018,PR0053,27,48,23,52,0,37736.92
2025-02-01,ST018,PR0054,13,33,16,30,0,29952.9
2025-02-01,ST018,PR0055,24,34,22,36,0,34686.36
2025-02-01,ST018,PR0056,35,44,15,64,0,11367.04
2025-02-01,ST018,PR0057,55,15,21,49,0,9729.44
2025-02-01,ST018,PR0058,39,53,46,46,0,14240.68
2025-02-01,ST018,PR0059,8,24,23,9,0,2673.63
2025-02-01,ST018,PR0060,47,53,24,76,0,28871.64
2025-02-01,ST019,PR0001,56,44,20,80,0,19173.6
2025-02-01,ST019,PR0002,41,0,19,22,0,5110.38
2025-02-01,ST019,PR0003,55,36,34,57,0,17771.46
2025-02-01,ST019,PR0004,58,33,16,75,0,26690.25
2025-02-01,ST019,PR0005,18,53,26,45,0,22365.0
2025-02-01,ST019,PR0006,62,26,2,86,0,47074.68
2025-02-01,ST019,PR0007,29,6,19,16,0,10489.92
2025-02-01,ST019,PR0008,27,6,14,19,0,10004.64
2025-02-01,ST019,PR0009,28,41,15,54,0,35792.82
2025-02-01,ST019,PR0010,16,8,24,0,2,0.0
2025-02-01,ST019,PR0011,15,4,8,11,0,7819.13
2025-02-01,ST019,PR0012,19,16,33,2,7,1712.4
2025-02-01,ST019,PR0013,26,25,21,30,0,22346.1
2025-02-01,ST019,PR0014,65,28,34,59,0,8886.58
2025-02-01,ST019,PR0015,12,15,2,25,0,6014.75
2025-02-01,ST019,PR0016,49,25,20,54,0,15625.44
2025-02-01,ST019,PR0017,13,44,14,43,0,13097.37
2025-02-01,ST019,PR0018,13,10,23,0,11,0.0
2025-02-01,ST019,PR0019,43,55,19,79,0,40275.78
2025-02-01,ST019,PR0020,55,10,19,46,0,19082.18
2025-02-01,ST019,PR0021,39,45,13,71,0,45201.44
2025-02-01,ST019,PR0022,64,51,13,102,0,68782.68
2025-02-01,ST019,PR0023,24,45,2,67,0,42966.43
2025-02-01,ST019,PR0024,53,34,17,70,0,44937.9
2025-02-01,ST019,PR0025,29,6,23,12,0,11257.8
2025-02-01,ST019,PR0026,48,29,5,72,0,57638.88
2025-02-01,ST019,PR0027,29,11,27,13,0,9986.21
2025-02-01,ST019,PR0028,42,36,39,39,0,5612.1
2025-02-01,ST019,PR0029,26,3,7,22,0,5674.46
2025-02-01,ST019,PR0030,64,34,19,79,0,23369.78
2025-02-01,ST019,PR0031,52,49,29,72,0,27496.8
2025-02-01,ST019,PR0032,29,50,29,50,0,21688.0
2025-02-01,ST019,PR0033,54,35,40,49,0,22628.2
2025-02-01,ST019,PR0034,9,38,23,24,0,14544.0
2025-02-01,ST019,PR0035,17,32,0,49,0,26593.77
2025-02-01,ST019,PR0036,22,47,28,41,0,26199.41
2025-02-01,ST019,PR0037,50,24,0,74,0,57003.68
2025-02-01,ST019,PR0038,63,41,34,70,0,54201.0
2025-02-01,ST019,PR0039,48,20,0,68,0,61795.68
2025-02-01,ST019,PR0040,18,18,5,31,0,27278.14
2025-02-01,ST019,PR0041,57,2,27,32,0,31468.48
2025-02-01,ST019,PR0042,54,49,27,76,0,10681.8
2025-02-01,ST019,PR0043,31,45,34,42,0,8548.68
2025-02-01,ST019,PR0044,13,24,24,13,0,3397.03
2025-02-01,ST019,PR0045,19,38,10,47,0,13444.35
2025-02-01,ST019,PR0046,52,22,23,51,0,18224.34
2025-02-01,ST019,PR0047,48,34,35,47,0,18108.63
2025-02-01,ST019,PR0048,16,31,47,0,12,0.0
2025-02-01,ST019,PR0049,47,50,18,79,0,47340.75
2025-02-01,ST019,PR0050,18,3,21,0,9,0.0
2025-02-01,ST019,PR0051,65,16,32,49,0,31810.31
2025-02-01,ST019,PR0052,22,10,32,0,4,0.0
2025-02-01,ST019,PR0053,40,20,7,53,0,38462.63
2025-02-01,ST019,PR0054,61,53,26,88,0,87861.84
2025-02-01,ST019,PR0055,43,6,28,21,0,20233.71
2025-02-01,ST019,PR0056,16,45,28,33,0,5861.13
2025-02-01,ST019,PR0057,42,36,18,60,0,11913.6
2025-02-01,ST019,PR0058,12,23,12,23,0,7120.34
2025-02-01,ST019,PR0059,11,52,19,44,0,13071.08
2025-02-01,ST019,PR0060,20,1,21,0,6,0.0
2025-02-01,ST020,PR0001,18,2,20,0,9,0.0
2025-02-01,ST020,PR0002,58,37,22,73,0,16957.17
2025-02-01,ST020,PR0003,18,40,12,46,0,14341.88
2025-02-01,ST020,PR0004,4,7,11,0,4,0.0
2025-02-01,ST020,PR0005,54,44,26,72,0,35784.0
2025-02-01,ST020,PR0006,58,29,39,48,0,26274.24
2025-02-01,ST020,PR0007,36,21,25,32,0,20979.84
2025-02-01,ST020,PR0008,63,47,8,102,0,53709.12
2025-02-01,ST020,PR0009,27,9,1,35,0,23199.05
2025-02-01,ST020,PR0010,56,11,16,51,0,30909.06
2025-02-01,ST020,PR0011,46,11,32,25,0,17770.75
2025-02-01,ST020,PR0012,48,50,0,98,0,83907.6
2025-02-01,ST020,PR0013,19,49,0,68,0,50651.16
2025-02-01,ST020,PR0014,56,19,56,19,0,2861.78
2025-02-01,ST020,PR0015,5,2,7,0,4,0.0
2025-02-01,ST020,PR0016,29,41,28,42,0,12153.12
2025-02-01,ST020,PR0017,32,50,31,51,0,15534.09
2025-02-01,ST020,PR0018,59,45,11,93,0,38330.88
2025-02-01,ST020,PR0019,12,1,5,8,0,4078.56
2025-02-01,ST020,PR0020,27,39,10,56,0,23230.48
2025-02-01,ST020,PR0021,54,46,30,70,0,44564.8
2025-02-01,ST020,PR0022,11,33,14,30,0,20230.2
2025-02-01,ST020,PR0023,37,10,21,26,0,16673.54
2025-02-01,ST020,PR0024,34,37,12,59,0,37876.23
2025-02-01,ST020,PR0025,16,28,31,13,0,12195.95
2025-02-01,ST020,PR0026,41,30,8,63,0,50434.02
2025-02-01,ST020,PR0027,62,23,24,61,0,46858.37
2025-02-01,ST020,PR0028,39,12,24,27,0,3885.3
2025-02-01,ST020,PR0029,59,49,24,84,0,21666.12
2025-02-01,ST020,PR0030,13,13,21,5,0,1479.1
2025-02-01,ST020,PR0031,42,17,2,57,0,21768.3
2025-02-01,ST020,PR0032,43,22,30,35,0,15181.6
2025-02-01,ST020,PR0033,12,25,28,9,0,4156.2
2025-02-01,ST020,PR0034,17,7,24,0,10,0.0
2025-02-01,ST020,PR0035,53,53,23,83,0,45046.59
2025-02-01,ST020,PR0036,37,39,43,33,0,21087.33
2025-02-01,ST020,PR0037,5,16,21,0,9,0.0
2025-02-01,ST020,PR0038,6,27,18,15,0,11614.5
2025-02-01,ST020,PR0039,52,55,39,68,0,61795.68
2025-02-01,ST020,PR0040,17,46,37,26,0,22878.44
2025-02-01,ST020,PR0041,51,47,51,47,0,46219.33
2025-02-01,ST020,PR0042,14,41,0,55,0,7730.25
2025-02-01,ST020,PR0043,6,47,21,32,0,6513.28
2025-02-01,ST020,PR0044,8,34,23,19,0,4964.89
2025-02-01,ST020,PR0045,65,19,0,84,0,24028.2
2025-02-01,ST020,PR0046,8,21,20,9,0,3216.06
2025-02-01,ST020,PR0047,40,39,14,65,0,25043.85
2025-02-01,ST020,PR0048,5,27,23,9,0,4216.68
2025-02-01,ST020,PR0049,31,12,25,18,0,10786.5
2025-02-01,ST020,PR0050,63,49,28,84,0,49875.0
2025-02-01,ST020,PR0051,34,7,23,18,0,11685.42
2025-02-01,ST020,PR0052,27,11,21,17,0,11175.97
2025-02-01,ST020,PR0053,28,3,31,0,3,0.0
2025-02-01,ST020,PR0054,6,19,0,25,0,24960.75
2025-02-01,ST020,PR0055,34,46,32,48,0,46248.48
2025-02-01,ST020,PR0056,18,16,33,1,3,177.61
2025-02-01,ST020,PR0057,17,51,22,46,0,9133.76
2025-02-01,ST020,PR0058,34,3,15,22,0,6810.76
2025-02-01,ST020,PR0059,46,22,40,28,0,8317.96
2025-02-01,ST020,PR0060,45,25,19,51,0,19374.39
2025-02-01,ST021,PR0001,29,42,29,42,0,10066.14
2025-02-01,ST021,PR0002,53,47,32,68,0,15795.72
2025-02-01,ST021,PR0003,57,46,32,71,0,22136.38
2025-02-01,ST021,PR0004,47,21,31,37,0,13167.19
2025-02-01,ST021,PR0005,22,47,30,39,0,19383.0
2025-02-01,ST021,PR0006,59,36,52,43,0,23537.34
2025-02-01,ST021,PR0007,36,45,37,44,0,28847.28
2025-02-01,ST021,PR0008,65,25,30,60,0,31593.6
2025-02-01,ST021,PR0009,30,44,24,50,0,33141.5
2025-02-01,ST021,PR0010,18,27,41,4,0,2424.24
2025-02-01,ST021,PR0011,45,27,25,47,0,33409.01
2025-02-01,ST021,PR0012,61,36,21,76,0,65071.2
2025-02-01,ST021,PR0013,59,22,25,56,0,41712.72
2025-02-01,ST021,PR0014,43,27,21,49,0,7380.38
2025-02-01,ST021,PR0015,42,14,20,36,0,8661.24
2025-02-01,ST021,PR0016,11,20,3,28,0,8102.08
2025-02-01,ST021,PR0017,59,18,44,33,0,10051.47
2025-02-01,ST021,PR0018,52,45,35,62,0,25553.92
2025-02-01,ST021,PR0019,21,38,50,9,0,4588.38
2025-02-01,ST021,PR0020,51,20,37,34,0,14104.22
2025-02-01,ST021,PR0021,61,36,18,79,0,50294.56
2025-02-01,ST021,PR0022,29,36,21,44,0,29670.96
2025-02-01,ST021,PR0023,41,47,8,80,0,51303.2
2025-02-01,ST021,PR0024,7,50,16,41,0,26320.77
2025-02-01,ST021,PR0025,29,0,21,8,0,7505.2
2025-02-01,ST021,PR0026,39,52,23,68,0,54436.72
2025-02-01,ST021,PR0027,45,12,30,27,0,20740.59
2025-02-01,ST021,PR0028,57,50,14,93,0,13382.7
2025-02-01,ST021,PR0029,18,3,20,1,11,257.93
2025-02-01,ST021,PR0030,18,54,2,70,0,20707.4
2025-02-01,ST021,PR0031,60,31,9,82,0,31315.8
2025-02-01,ST021,PR0032,30,34,31,33,0,14314.08
2025-02-01,ST021,PR0033,52,23,11,64,0,29555.2
2025-02-01,ST021,PR0034,6,7,13,0,8,0.0
2025-02-01,ST021,PR0035,55,5,7,53,0,28764.69
2025-02-01,ST021,PR0036,42,38,11,69,0,44091.69
2025-02-01,ST021,PR0037,50,39,8,81,0,62395.92
2025-02-01,ST021,PR0038,31,10,17,24,0,18583.2
2025-02-01,ST021,PR0039,41,48,23,66,0,59978.16
2025-02-01,ST021,PR0040,54,45,20,79,0,69515.26
2025-02-01,ST021,PR0041,19,34,0,53,0,52119.67
2025-02-01,ST021,PR0042,23,55,28,50,0,7027.5
2025-02-01,ST021,PR0043,57,30,30,57,0,11601.78
2025-02-01,ST021,PR0044,5,16,21,0,9,0.0
2025-02-01,ST021,PR0045,62,23,9,76,0,21739.8
2025-02-01,ST021,PR0046,19,51,21,49,0,17509.66
2025-02-01,ST021,PR0047,11,32,19,24,0,9246.96
2025-02-01,ST021,PR0048,64,2,3,63,0,29516.76
2025-02-01,ST021,PR0049,19,49,28,40,0,23970.0
2025-02-01,ST021,PR0050,22,42,33,31,0,18406.25
2025-02-01,ST021,PR0051,19,14,26,7,0,4544.33
2025-02-01,ST021,PR0052,6,4,9,1,7,657.41
2025-02-01,ST021,PR0053,45,31,29,47,0,34108.37
2025-02-01,ST021,PR0054,53,46,19,80,0,79874.4
2025-02-01,ST021,PR0055,60,9,14,55,0,52993.05
2025-02-01,ST021,PR0056,4,26,29,1,12,177.61
2025-02-01,ST021,PR0057,14,19,20,13,0,2581.28
2025-02-01,ST021,PR0058,12,49,12,49,0,15169.42
2025-02-01,ST021,PR0059,55,4,14,45,0,13368.15
2025-02-01,ST021,PR0060,6,6,12,0,11,0.0
2025-02-01,ST022,PR0001,14,8,18,4,0,958.68
2025-02-01,ST022,PR0002,60,17,22,55,0,12775.95
2025-02-01,ST022,PR0003,52,13,40,25,0,7794.5
2025-02-01,ST022,PR0004,44,52,16,80,0,28469.6
2025-02-01,ST022,PR0005,53,42,15,80,0,39760.0
2025-02-01,ST022,PR0006,61,42,6,97,0,53095.86
2025-02-01,ST022,PR0007,33,19,37,15,0,9834.3
2025-02-01,ST022,PR0008,64,30,14,80,0,42124.8
2025-02-01,ST022,PR0009,47,47,4,90,0,59654.7
2025-02-01,ST022,PR0010,13,25,31,7,0,4242.42
2025-02-01,ST022,PR0011,38,36,32,42,0,29854.86
2025-02-01,ST022,PR0012,47,54,0,101,0,86476.2
2025-02-01,ST022,PR0013,8,20,8,20,0,14897.4
2025-02-01,ST022,PR0014,46,21,13,54,0,8133.48
2025-02-01,ST022,PR0015,12,27,19,20,0,4811.8
2025-02-01,ST022,PR0016,50,13,21,42,0,12153.12
2025-02-01,ST022,PR0017,7,47,43,11,0,3350.49
2025-02-01,ST022,PR0018,36,17,27,26,0,10716.16
2025-02-01,ST022,PR0019,43,43,20,66,0,33648.12
2025-02-01,ST022,PR0020,50,9,32,27,0,11200.41
2025-02-01,ST022,PR0021,13,49,14,48,0,30558.72
2025-02-01,ST022,PR0022,56,14,65,5,0,3371.7
2025-02-01,ST022,PR0023,41,20,20,41,0,26292.89
2025-02-01,ST022,PR0024,25,20,38,7,0,4493.79
2025-02-01,ST022,PR0025,30,4,0,34,0,31897.1
2025-02-01,ST022,PR0026,36,33,24,45,0,36024.3
2025-02-01,ST022,PR0027,23,49,17,55,0,42249.35
2025-02-01,ST022,PR0028,47,8,27,28,0,4029.2
2025-02-01,ST022,PR0029,17,54,3,68,0,17539.24
2025-02-01,ST022,PR0030,20,7,1,26,0,7691.32
2025-02-01,ST022,PR0031,38,49,9,78,0,29788.2
2025-02-01,ST022,PR0032,18,43,20,41,0,17784.16
2025-02-01,ST022,PR0033,46,7,26,27,0,12468.6
2025-02-01,ST022,PR0034,59,36,24,71,0,43026.0
2025-02-01,ST022,PR0035,60,24,18,66,0,35820.18
2025-02-01,ST022,PR0036,5,40,13,32,0,20448.32
2025-02-01,ST022,PR0037,49,39,32,56,0,43137.92
2025-02-01,ST022,PR0038,60,46,21,85,0,65815.5
2025-02-01,ST022,PR0039,13,53,28,38,0,34532.88
2025-02-01,ST022,PR0040,16,8,24,0,4,0.0
2025-02-01,ST022,PR0041,16,15,31,0,9,0.0
2025-02-01,ST022,PR0042,53,8,18,43,0,6043.65
2025-02-01,ST022,PR0043,21,28,25,24,0,4884.96
2025-02-01,ST022,PR0044,27,50,27,50,0,13065.5
2025-02-01,ST022,PR0045,7,26,32,1,9,286.05
2025-02-01,ST022,PR0046,47,16,5,58,0,20725.72
2025-02-01,ST022,PR0047,34,36,14,56,0,21576.24
2025-02-01,ST022,PR0048,62,12,29,45,0,21083.4
2025-02-01,ST022,PR0049,39,49,8,80,0,47940.0
2025-02-01,ST022,PR0050,45,44,16,73,0,43343.75
2025-02-01,ST022,PR0051,15,32,22,25,0,16229.75
2025-02-01,ST022,PR0052,30,26,23,33,0,21694.53
2025-02-01,ST022,PR0053,10,54,22,42,0,30479.82
2025-02-01,ST022,PR0054,41,47,33,55,0,54913.65
2025-02-01,ST022,PR0055,61,45,14,92,0,88642.92
2025-02-01,ST022,PR0056,37,50,19,68,0,12077.48
2025-02-01,ST022,PR0057,34,32,22,44,0,8736.64
2025-02-01,ST022,PR0058,41,23,37,27,0,8358.66
2025-02-01,ST022,PR0059,36,41,29,48,0,14259.36
2025-02-01,ST022,PR0060,34,35,20,49,0,18614.61
2025-02-01,ST023,PR0001,52,3,17,38,0,9107.46
2025-02-01,ST023,PR0002,49,13,18,44,0,10220.76
2025-02-01,ST023,PR0003,23,10,33,0,7,0.0
2025-02-01,ST023,PR0004,5,37,17,25,0,8896.75
2025-02-01,ST023,PR0005,56,51,17,90,0,44730.0
2025-02-01,ST023,PR0006,7,4,11,0,12,0.0
2025-02-01,ST023,PR0007,33,53,10,76,0,49827.12
2025-02-01,ST023,PR0008,35,24,29,30,0,15796.8
2025-02-01,ST023,PR0009,27,44,4,67,0,44409.61
2025-02-01,ST023,PR0010,21,14,27,8,0,4848.48
2025-02-01,ST023,PR0011,4,1,5,0,5,0.0
2025-02-01,ST023,PR0012,13,51,47,17,0,14555.4
2025-02-01,ST023,PR0013,10,19,18,11,0,8193.57
2025-02-01,ST023,PR0014,51,23,29,45,0,6777.9
2025-02-01,ST023,PR0015,26,0,10,16,0,3849.44
2025-02-01,ST023,PR0016,19,20,10,29,0,8391.44
2025-02-01,ST023,PR0017,32,49,31,50,0,15229.5
2025-02-01,ST023,PR0018,29,13,31,11,0,4533.76
2025-02-01,ST023,PR0019,20,30,31,19,0,9686.58
2025-02-01,ST023,PR0020,40,27,28,39,0,16178.37
2025-02-01,ST023,PR0021,50,45,30,65,0,41381.6
2025-02-01,ST023,PR0022,48,54,4,98,0,66085.32
2025-02-01,ST023,PR0023,17,3,17,3,0,1923.87
2025-02-01,ST023,PR0024,4,30,33,1,5,641.97
2025-02-01,ST023,PR0025,27,39,22,44,0,41278.6
2025-02-01,ST023,PR0026,20,7,27,0,8,0.0
2025-02-01,ST023,PR0027,18,37,28,27,0,20740.59
2025-02-01,ST023,PR0028,63,42,0,105,0,15109.5
2025-02-01,ST023,PR0029,25,17,27,15,0,3868.95
2025-02-01,ST023,PR0030,6,37,12,31,0,9170.42
2025-02-01,ST023,PR0031,61,10,0,71,0,27114.9
2025-02-01,ST023,PR0032,19,7,26,0,2,0.0
2025-02-01,ST023,PR0033,29,43,23,49,0,22628.2
2025-02-01,ST023,PR0034,38,6,35,9,0,5454.0
2025-02-01,ST023,PR0035,36,20,45,11,0,5970.03
2025-02-01,ST023,PR0036,37,1,24,14,0,8946.14
2025-02-01,ST023,PR0037,12,52,27,37,0,28501.84
2025-02-01,ST023,PR0038,50,6,23,33,0,25551.9
2025-02-01,ST023,PR0039,27,31,28,30,0,27262.8
2025-02-01,ST023,PR0040,25,51,39,37,0,32557.78
2025-02-01,ST023,PR0041,26,16,24,18,0,17701.02
2025-02-01,ST023,PR0042,59,6,3,62,0,8714.1
2025-02-01,ST023,PR0043,59,34,49,44,0,8955.76
2025-02-01,ST023,PR0044,57,29,24,62,0,16201.22
2025-02-01,ST023,PR0045,62,43,8,97,0,27746.85
2025-02-01,ST023,PR0046,53,25,33,45,0,16080.3
2025-02-01,ST023,PR0047,32,32,18,46,0,17723.34
2025-02-01,ST023,PR0048,37,22,25,34,0,15929.68
2025-02-01,ST023,PR0049,51,5,10,46,0,27565.5
2025-02-01,ST023,PR0050,8,25,7,26,0,15437.5
2025-02-01,ST023,PR0051,62,42,38,66,0,42846.54
2025-02-01,ST023,PR0052,14,53,34,33,0,21694.53
2025-02-01,ST023,PR0053,55,47,19,83,0,60233.93
2025-02-01,ST023,PR0054,24,12,19,17,0,16973.31
2025-02-01,ST023,PR0055,16,53,30,39,0,37576.89
2025-02-01,ST023,PR0056,29,48,8,69,0,12255.09
2025-02-01,ST023,PR0057,59,30,31,58,0,11516.48
2025-02-01,ST023,PR0058,39,28,18,49,0,15169.42
2025-02-01,ST023,PR0059,27,25,27,25,0,7426.75
2025-02-01,ST023,PR0060,31,19,22,28,0,10636.92
2025-02-01,ST024,PR0001,60,52,33,79,0,18933.93
2025-02-01,ST024,PR0002,11,26,24,13,0,3019.77
2025-02-01,ST024,PR0003,12,23,27,8,0,2494.24
2025-02-01,ST024,PR0004,52,29,16,65,0,23131.55
2025-02-01,ST024,PR0005,23,35,37,21,0,10437.0
2025-02-01,ST024,PR0006,8,2,4,6,0,3284.28
2025-02-01,ST024,PR0007,41,13,53,1,9,655.62
2025-02-01,ST024,PR0008,10,29,31,8,0,4212.48
2025-02-01,ST024,PR0009,25,49,19,55,0,36455.65
2025-02-01,ST024,PR0010,29,4,25,8,0,4848.48
2025-02-01,ST024,PR0011,60,7,15,52,0,36963.16
2025-02-01,ST024,PR0012,36,21,28,29,0,24829.8
2025-02-01,ST024,PR0013,61,32,30,63,0,46926.81
2025-02-01,ST024,PR0014,37,16,13,40,0,6024.8
2025-02-01,ST024,PR0015,50,14,16,48,0,11548.32
2025-02-01,ST024,PR0016,54,49,20,83,0,24016.88
2025-02-01,ST024,PR0017,4,0,3,1,3,304.59
2025-02-01,ST024,PR0018,56,6,41,21,0,8655.36
2025-02-01,ST024,PR0019,7,24,31,0,8,0.0
2025-02-01,ST024,PR0020,32,22,0,54,0,22400.82
2025-02-01,ST024,PR0021,53,39,0,92,0,58570.88
2025-02-01,ST024,PR0022,46,51,18,79,0,53272.86
2025-02-01,ST024,PR0023,59,37,13,83,0,53227.07
2025-02-01,ST024,PR0024,26,15,33,8,0,5135.76
2025-02-01,ST024,PR0025,4,36,16,24,0,22515.6
2025-02-01,ST024,PR0026,7,48,25,30,0,24016.2
2025-02-01,ST024,PR0027,41,53,0,94,0,72207.98
2025-02-01,ST024,PR0028,14,28,23,19,0,2734.1
2025-02-01,ST024,PR0029,7,32,17,22,0,5674.46
2025-02-01,ST024,PR0030,24,53,42,35,0,10353.7
2025-02-01,ST024,PR0031,14,25,39,0,5,0.0
2025-02-01,ST024,PR0032,37,0,22,15,0,6506.4
2025-02-01,ST024,PR0033,31,43,26,48,0,22166.4
2025-02-01,ST024,PR0034,20,45,25,40,0,24240.0
2025-02-01,ST024,PR0035,42,13,43,12,0,6512.76
2025-02-01,ST024,PR0036,31,54,6,79,0,50481.79
2025-02-01,ST024,PR0037,65,12,31,46,0,35434.72
2025-02-01,ST024,PR0038,38,34,27,45,0,34843.5
2025-02-01,ST024,PR0039,29,33,23,39,0,35441.64
2025-02-01,ST024,PR0040,49,52,30,71,0,62475.74
2025-02-01,ST024,PR0041,31,27,28,30,0,29501.7
2025-02-01,ST024,PR0042,49,45,15,79,0,11103.45
2025-02-01,ST024,PR0043,43,1,38,6,0,1221.24
2025-02-01,ST024,PR0044,34,10,13,31,0,8100.61
2025-02-01,ST024,PR0045,54,43,16,81,0,23170.05
2025-02-01,ST024,PR0046,48,18,27,39,0,13936.26
2025-02-01,ST024,PR0047,20,9,6,23,0,8861.67
2025-02-01,ST024,PR0048,51,32,22,61,0,28579.72
2025-02-01,ST024,PR0049,43,26,11,58,0,34756.5
2025-02-01,ST024,PR0050,36,40,3,73,0,43343.75
2025-02-01,ST024,PR0051,41,11,34,18,0,11685.42
2025-02-01,ST024,PR0052,56,13,40,29,0,19064.89
2025-02-01,ST024,PR0053,55,55,33,77,0,55879.67
2025-02-01,ST024,PR0054,40,6,29,17,0,16973.31
2025-02-01,ST024,PR0055,55,23,29,49,0,47211.99
2025-02-01,ST024,PR0056,56,38,11,83,0,14741.63
2025-02-01,ST024,PR0057,16,17,26,7,0,1389.92
2025-02-01,ST024,PR0058,49,37,14,72,0,22289.76
2025-02-01,ST024,PR0059,5,26,28,3,0,891.21
2025-02-01,ST024,PR0060,61,46,26,81,0,30771.09
2025-03-01,ST001,PR0001,37,15,11,41,0,9826.47
2025-03-01,ST001,PR0002,6,19,25,0,7,0.0
2025-03-01,ST001,PR0003,15,26,38,3,0,935.34
2025-03-01,ST001,PR0004,56,10,19,47,0,16725.89
2025-03-01,ST001,PR0005,65,8,47,26,0,12922.0
2025-03-01,ST001,PR0006,17,28,11,34,0,18610.92
2025-03-01,ST001,PR0007,36,18,23,31,0,20324.22
2025-03-01,ST001,PR0008,36,28,32,32,0,16849.92
2025-03-01,ST001,PR0009,29,45,29,45,0,29827.35
2025-03-01,ST001,PR0010,43,19,31,31,0,18787.86
2025-03-01,ST001,PR0011,31,38,19,50,0,35541.5
2025-03-01,ST001,PR0012,35,39,17,57,0,48803.4
2025-03-01,ST001,PR0013,61,3,20,44,0,32774.28
2025-03-01,ST001,PR0014,7,19,5,21,0,3163.02
2025-03-01,ST001,PR0015,35,9,40,4,0,962.36
2025-03-01,ST001,PR0016,62,1,4,59,0,17072.24
2025-03-01,ST001,PR0017,35,9,23,21,0,6396.39
2025-03-01,ST001,PR0018,12,10,17,5,0,2060.8
2025-03-01,ST001,PR0019,53,35,0,88,0,44864.16
2025-03-01,ST001,PR0020,45,13,26,32,0,13274.56
2025-03-01,ST001,PR0021,18,47,22,43,0,27375.52
2025-03-01,ST001,PR0022,47,3,31,19,0,12812.46
2025-03-01,ST001,PR0023,11,38,22,27,0,17314.83
2025-03-01,ST001,PR0024,35,3,37,1,5,641.97
2025-03-01,ST001,PR0025,13,43,35,21,0,19701.15
2025-03-01,ST001,PR0026,31,42,47,26,0,20814.04
2025-03-01,ST001,PR0027,58,51,41,68,0,52235.56
2025-03-01,ST001,PR0028,32,19,32,19,0,2734.1
2025-03-01,ST001,PR0029,5,24,29,0,9,0.0
2025-03-01,ST001,PR0030,45,5,29,21,0,6212.22
2025-03-01,ST001,PR0031,37,22,9,50,0,19095.0
2025-03-01,ST001,PR0032,53,30,19,64,0,27760.64
2025-03-01,ST001,PR0033,27,12,20,19,0,8774.2
2025-03-01,ST001,PR0034,42,29,33,38,0,23028.0
2025-03-01,ST001,PR0035,57,29,13,73,0,39619.29
2025-03-01,ST001,PR0036,8,6,0,14,0,8946.14
2025-03-01,ST001,PR0037,23,12,13,22,0,16947.04
2025-03-01,ST001,PR0038,9,23,24,8,0,6194.4
2025-03-01,ST001,PR0039,52,12,26,38,0,34532.88
2025-03-01,ST001,PR0040,25,23,48,0,2,0.0
2025-03-01,ST001,PR0041,23,41,34,30,0,29501.7
2025-03-01,ST001,PR0042,40,54,36,58,0,8151.9
2025-03-01,ST001,PR0043,62,26,10,78,0,15876.12
2025-03-01,ST001,PR0044,41,32,10,63,0,16462.53
2025-03-01,ST001,PR0045,41,51,21,71,0,20309.55
2025-03-01,ST001,PR0046,5,38,22,21,0,7504.14
2025-03-01,ST001,PR0047,19,0,19,0,9,0.0
2025-03-01,ST001,PR0048,26,0,26,0,4,0.0
2025-03-01,ST001,PR0049,26,10,36,0,4,0.0
2025-03-01,ST001,PR0050,52,46,36,62,0,36812.5
2025-03-01,ST001,PR0051,12,17,19,10,0,6491.9
2025-03-01,ST001,PR0052,21,36,18,39,0,25638.99
2025-03-01,ST001,PR0053,32,20,12,40,0,29028.4
2025-03-01,ST001,PR0054,18,26,31,13,0,12979.59
2025-03-01,ST001,PR0055,26,3,29,0,10,0.0
2025-03-01,ST001,PR0056,57,35,5,87,0,15452.07
2025-03-01,ST001,PR0057,60,47,8,99,0,19657.44
2025-03-01,ST001,PR0058,23,33,15,41,0,12692.78
2025-03-01,ST001,PR0059,53,14,36,31,0,9209.17
2025-03-01,ST001,PR0060,47,32,11,68,0,25832.52
2025-03-01,ST002,PR0001,62,47,17,92,0,22049.64
2025-03-01,ST002,PR0002,37,19,22,34,0,7897.86
2025-03-01,ST002,PR0003,32,18,30,20,0,6235.6
2025-03-01,ST002,PR0004,33,12,27,18,0,6405.66
2025-03-01,ST002,PR0005,48,20,38,30,0,14910.0
2025-03-01,ST002,PR0006,31,7,26,12,0,6568.56
2025-03-01,ST002,PR0007,18,3,21,0,6,0.0
2025-03-01,ST002,PR0008,33,42,0,75,0,39492.0
2025-03-01,ST002,PR0009,16,28,44,0,6,0.0
2025-03-01,ST002,PR0010,4,22,26,0,5,0.0
2025-03-01,ST002,PR0011,61,14,29,46,0,32698.18
2025-03-01,ST002,PR0012,29,39,28,40,0,34248.0
2025-03-01,ST002,PR0013,25,40,42,23,0,17132.01
2025-03-01,ST002,PR0014,30,18,20,28,0,4217.36
2025-03-01,ST002,PR0015,62,6,27,41,0,9864.19
2025-03-01,ST002,PR0016,16,22,33,5,0,1446.8
2025-03-01,ST002,PR0017,63,40,34,69,0,21016.71
2025-03-01,ST002,PR0018,18,24,12,30,0,12364.8
2025-03-01,ST002,PR0019,25,21,28,18,0,9176.76
2025-03-01,ST002,PR0020,26,33,7,52,0,21571.16
2025-03-01,ST002,PR0021,61,36,17,80,0,50931.2
2025-03-01,ST002,PR0022,61,19,46,34,0,22927.56
2025-03-01,ST002,PR0023,55,27,32,50,0,32064.5
2025-03-01,ST002,PR0024,18,8,26,0,12,0.0
2025-03-01,ST002,PR0025,35,50,11,74,0,69423.1
2025-03-01,ST002,PR0026,13,50,39,24,0,19212.96
2025-03-01,ST002,PR0027,25,7,18,14,0,10754.38
2025-03-01,ST002,PR0028,20,49,38,31,0,4460.9
2025-03-01,ST002,PR0029,46,6,28,24,0,6190.32
2025-03-01,ST002,PR0030,62,20,16,66,0,19524.12
2025-03-01,ST002,PR0031,54,1,34,21,0,8019.9
2025-03-01,ST002,PR0032,64,27,29,62,0,26893.12
2025-03-01,ST002,PR0033,4,46,6,44,0,20319.2
2025-03-01,ST002,PR0034,7,23,30,0,12,0.0
2025-03-01,ST002,PR0035,52,15,17,50,0,27136.5
2025-03-01,ST002,PR0036,31,52,29,54,0,34506.54
2025-03-01,ST002,PR0037,40,48,14,74,0,57003.68
2025-03-01,ST002,PR0038,32,45,9,68,0,52652.4
2025-03-01,ST002,PR0039,14,30,18,26,0,23627.76
2025-03-01,ST002,PR0040,63,35,32,66,0,58076.04
2025-03-01,ST002,PR0041,65,19,7,77,0,75721.03
2025-03-01,ST002,PR0042,48,26,21,53,0,7449.15
2025-03-01,ST002,PR0043,56,54,27,83,0,16893.82
2025-03-01,ST002,PR0044,40,30,25,45,0,11758.95
2025-03-01,ST002,PR0045,43,49,19,73,0,20881.65
2025-03-01,ST002,PR0046,27,20,29,18,0,6432.12
2025-03-01,ST002,PR0047,38,35,21,52,0,20035.08
2025-03-01,ST002,PR0048,42,10,23,29,0,13587.08
2025-03-01,ST002,PR0049,29,3,20,12,0,7191.0
2025-03-01,ST002,PR0050,17,18,0,35,0,20781.25
2025-03-01,ST002,PR0051,21,33,26,28,0,18177.32
2025-03-01,ST002,PR0052,62,5,35,32,0,21037.12
2025-03-01,ST002,PR0053,55,51,19,87,0,63136.77
2025-03-01,ST002,PR0054,35,39,22,52,0,51918.36
2025-03-01,ST002,PR0055,46,36,15,67,0,64555.17
2025-03-01,ST002,PR0056,10,27,3,34,0,6038.74
2025-03-01,ST002,PR0057,21,5,25,1,9,198.56
2025-03-01,ST002,PR0058,47,4,17,34,0,10525.72
2025-03-01,ST002,PR0059,59,4,31,32,0,9506.24
2025-03-01,ST002,PR0060,46,44,27,63,0,23933.07
2025-03-01,ST003,PR0001,24,44,35,33,0,7909.11
2025-03-01,ST003,PR0002,18,10,28,0,11,0.0
2025-03-01,ST003,PR0003,10,17,27,0,8,0.0
2025-03-01,ST003,PR0004,12,5,16,1,5,355.87
2025-03-01,ST003,PR0005,4,21,7,18,0,8946.0
2025-03-01,ST003,PR0006,34,32,38,28,0,15326.64
2025-03-01,ST003,PR0007,15,54,9,60,0,39337.2
2025-03-01,ST003,PR0008,64,20,30,54,0,28434.24
2025-03-01,ST003,PR0009,42,34,9,67,0,44409.61
2025-03-01,ST003,PR0010,43,14,25,32,0,19393.92
2025-03-01,ST003,PR0011,10,53,18,45,0,31987.35
2025-03-01,ST003,PR0012,20,37,28,29,0,24829.8
2025-03-01,ST003,PR0013,34,21,25,30,0,22346.1
2025-03-01,ST003,PR0014,43,8,12,39,0,5874.18
2025-03-01,ST003,PR0015,26,50,9,67,0,16119.53
2025-03-01,ST003,PR0016,35,20,33,22,0,6365.92
2025-03-01,ST003,PR0017,54,7,20,41,0,12488.19
2025-03-01,ST003,PR0018,38,43,29,52,0,21432.32
2025-03-01,ST003,PR0019,63,23,13,73,0,37216.86
2025-03-01,ST003,PR0020,62,31,12,81,0,33601.23
2025-03-01,ST003,PR0021,17,39,27,29,0,18462.56
2025-03-01,ST003,PR0022,15,24,0,39,0,26299.26
2025-03-01,ST003,PR0023,30,18,23,25,0,16032.25
2025-03-01,ST003,PR0024,20,27,26,21,0,13481.37
2025-03-01,ST003,PR0025,41,33,22,52,0,48783.8
2025-03-01,ST003,PR0026,31,23,18,36,0,28819.44
2025-03-01,ST003,PR0027,39,16,19,36,0,27654.12
2025-03-01,ST003,PR0028,19,22,30,11,0,1582.9
2025-03-01,ST003,PR0029,39,34,45,28,0,7222.04
2025-03-01,ST003,PR0030,25,37,16,46,0,13607.72
2025-03-01,ST003,PR0031,36,3,0,39,0,14894.1
2025-03-01,ST003,PR0032,12,13,0,25,0,10844.0
2025-03-01,ST003,PR0033,30,1,30,1,7,461.8
2025-03-01,ST003,PR0034,58,32,10,80,0,48480.0
2025-03-01,ST003,PR0035,9,15,21,3,0,1628.19
2025-03-01,ST003,PR0036,19,45,13,51,0,32589.51
2025-03-01,ST003,PR0037,49,53,19,83,0,63936.56
2025-03-01,ST003,PR0038,60,12,52,20,0,15486.0
2025-03-01,ST003,PR0039,15,8,22,1,2,908.76
2025-03-01,ST003,PR0040,37,0,18,19,0,16718.86
2025-03-01,ST003,PR0041,42,5,13,34,0,33435.26
2025-03-01,ST003,PR0042,27,46,16,57,0,8011.35
2025-03-01,ST003,PR0043,21,26,21,26,0,5292.04
2025-03-01,ST003,PR0044,36,10,12,34,0,8884.54
2025-03-01,ST003,PR0045,14,6,10,10,0,2860.5
2025-03-01,ST003,PR0046,18,26,6,38,0,13578.92
2025-03-01,ST003,PR0047,9,4,7,6,0,2311.74
2025-03-01,ST003,PR0048,60,34,15,79,0,37013.08
2025-03-01,ST003,PR0049,58,54,19,93,0,55730.25
2025-03-01,ST003,PR0050,22,7,18,11,0,6531.25
2025-03-01,ST003,PR0051,52,19,27,44,0,28564.36
2025-03-01,ST003,PR0052,54,3,7,50,0,32870.5
2025-03-01,ST003,PR0053,54,30,25,59,0,42816.89
2025-03-01,ST003,PR0054,38,24,8,54,0,53915.22
2025-03-01,ST003,PR0055,6,49,31,24,0,23124.24
2025-03-01,ST003,PR0056,43,35,46,32,0,5683.52
2025-03-01,ST003,PR0057,16,12,9,19,0,3772.64
2025-03-01,ST003,PR0058,19,26,24,21,0,6501.18
2025-03-01,ST003,PR0059,34,38,23,49,0,14556.43
2025-03-01,ST003,PR0060,18,48,23,43,0,16335.27
2025-03-01,ST004,PR0001,15,51,31,35,0,8388.45
2025-03-01,ST004,PR0002,49,5,18,36,0,8362.44
2025-03-01,ST004,PR0003,48,0,0,48,0,14965.44
2025-03-01,ST004,PR0004,51,36,30,57,0,20284.59
2025-03-01,ST004,PR0005,49,21,5,65,0,32305.0
2025-03-01,ST004,PR0006,21,35,24,32,0,17516.16
2025-03-01,ST004,PR0007,32,23,14,41,0,26880.42
2025-03-01,ST004,PR0008,36,10,34,12,0,6318.72
2025-03-01,ST004,PR0009,26,46,10,62,0,41095.46
2025-03-01,ST004,PR0010,15,13,12,16,0,9696.96
2025-03-01,ST004,PR0011,45,28,16,57,0,40517.31
2025-03-01,ST004,PR0012,40,1,23,18,0,15411.6
2025-03-01,ST004,PR0013,13,3,16,0,4,0.0
2025-03-01,ST004,PR0014,38,33,13,58,0,8735.96
2025-03-01,ST004,PR0015,42,26,18,50,0,12029.5
2025-03-01,ST004,PR0016,12,6,15,3,0,868.08
2025-03-01,ST004,PR0017,64,26,23,67,0,20407.53
2025-03-01,ST004,PR0018,27,4,11,20,0,8243.2
2025-03-01,ST004,PR0019,11,26,34,3,0,1529.46
2025-03-01,ST004,PR0020,53,34,7,80,0,33186.4
2025-03-01,ST004,PR0021,6,46,36,16,0,10186.24
2025-03-01,ST004,PR0022,24,24,16,32,0,21578.88
2025-03-01,ST004,PR0023,34,19,31,22,0,14108.38
2025-03-01,ST004,PR0024,22,18,25,15,0,9629.55
2025-03-01,ST004,PR0025,45,12,44,13,0,12195.95
2025-03-01,ST004,PR0026,19,18,37,0,9,0.0
2025-03-01,ST004,PR0027,41,50,14,77,0,59149.09
2025-03-01,ST004,PR0028,17,41,30,28,0,4029.2
2025-03-01,ST004,PR0029,9,10,19,0,2,0.0
2025-03-01,ST004,PR0030,58,32,40,50,0,14791.0
2025-03-01,ST004,PR0031,14,0,12,2,12,763.8
2025-03-01,ST004,PR0032,23,2,22,3,0,1301.28
2025-03-01,ST004,PR0033,32,30,18,44,0,20319.2
2025-03-01,ST004,PR0034,11,53,0,64,0,38784.0
2025-03-01,ST004,PR0035,32,55,17,70,0,37991.1
2025-03-01,ST004,PR0036,22,29,25,26,0,16614.26
2025-03-01,ST004,PR0037,36,41,11,66,0,50841.12
2025-03-01,ST004,PR0038,27,5,13,19,0,14711.7
2025-03-01,ST004,PR0039,48,37,0,85,0,77244.6
2025-03-01,ST004,PR0040,19,22,30,11,0,9679.34
2025-03-01,ST004,PR0041,14,41,31,24,0,23601.36
2025-03-01,ST004,PR0042,50,34,17,67,0,9416.85
2025-03-01,ST004,PR0043,41,7,22,26,0,5292.04
2025-03-01,ST004,PR0044,54,12,26,40,0,10452.4
2025-03-01,ST004,PR0045,17,40,32,25,0,7151.25
2025-03-01,ST004,PR0046,25,51,26,50,0,17867.0
2025-03-01,ST004,PR0047,8,46,14,40,0,15411.6
2025-03-01,ST004,PR0048,62,8,27,43,0,20146.36
2025-03-01,ST004,PR0049,32,15,24,23,0,13782.75
2025-03-01,ST004,PR0050,28,34,29,33,0,19593.75
2025-03-01,ST004,PR0051,38,54,47,45,0,29213.55
2025-03-01,ST004,PR0052,46,24,24,46,0,30240.86
2025-03-01,ST004,PR0053,43,38,33,48,0,34834.08
2025-03-01,ST004,PR0054,41,1,41,1,8,998.43
2025-03-01,ST004,PR0055,27,20,5,42,0,40467.42
2025-03-01,ST004,PR0056,44,4,26,22,0,3907.42
2025-03-01,ST004,PR0057,4,49,0,53,0,10523.68
2025-03-01,ST004,PR0058,58,38,26,70,0,21670.6
2025-03-01,ST004,PR0059,56,40,31,65,0,19309.55
2025-03-01,ST004,PR0060,40,13,27,26,0,9877.14
2025-03-01,ST005,PR0001,64,5,29,40,0,9586.8
2025-03-01,ST005,PR0002,39,47,15,71,0,16492.59
2025-03-01,ST005,PR0003,43,25,12,56,0,17459.68
2025-03-01,ST005,PR0004,44,20,20,44,0,15658.28
2025-03-01,ST005,PR0005,14,27,21,20,0,9940.0
2025-03-01,ST005,PR0006,54,47,25,76,0,41600.88
2025-03-01,ST005,PR0007,26,10,3,33,0,21635.46
2025-03-01,ST005,PR0008,47,13,8,52,0,27381.12
2025-03-01,ST005,PR0009,63,4,34,33,0,21873.39
2025-03-01,ST005,PR0010,61,4,25,40,0,24242.4
2025-03-01,ST005,PR0011,48,30,34,44,0,31276.52
2025-03-01,ST005,PR0012,13,35,35,13,0,11130.6
2025-03-01,ST005,PR0013,17,45,7,55,0,40967.85
2025-03-01,ST005,PR0014,41,31,29,43,0,6476.66
2025-03-01,ST005,PR0015,46,26,31,41,0,9864.19
2025-03-01,ST005,PR0016,57,11,15,53,0,15336.08
2025-03-01,ST005,PR0017,62,19,12,69,0,21016.71
2025-03-01,ST005,PR0018,65,14,4,75,0,30912.0
2025-03-01,ST005,PR0019,21,51,18,54,0,27530.28
2025-03-01,ST005,PR0020,24,34,14,44,0,18252.52
2025-03-01,ST005,PR0021,18,25,4,39,0,24828.96
2025-03-01,ST005,PR0022,13,0,13,0,7,0.0
2025-03-01,ST005,PR0023,12,23,32,3,0,1923.87
2025-03-01,ST005,PR0024,52,33,31,54,0,34666.38
2025-03-01,ST005,PR0025,47,44,22,69,0,64732.35
2025-03-01,ST005,PR0026,44,36,18,62,0,49633.48
2025-03-01,ST005,PR0027,9,0,9,0,6,0.0
2025-03-01,ST005,PR0028,63,53,28,88,0,12663.2
2025-03-01,ST005,PR0029,8,34,5,37,0,9543.41
2025-03-01,ST005,PR0030,23,26,28,21,0,6212.22
2025-03-01,ST005,PR0031,20,49,20,49,0,18713.1
2025-03-01,ST005,PR0032,42,30,16,56,0,24290.56
2025-03-01,ST005,PR0033,35,5,23,17,0,7850.6
2025-03-01,ST005,PR0034,52,54,32,74,0,44844.0
2025-03-01,ST005,PR0035,39,46,23,62,0,33649.26
2025-03-01,ST005,PR0036,50,34,27,57,0,36423.57
2025-03-01,ST005,PR0037,49,14,17,46,0,35434.72
2025-03-01,ST005,PR0038,12,1,13,0,11,0.0
2025-03-01,ST005,PR0039,4,2,6,0,4,0.0
2025-03-01,ST005,PR0040,22,1,8,15,0,13199.1
2025-03-01,ST005,PR0041,27,6,0,33,0,32451.87
2025-03-01,ST005,PR0042,65,37,39,63,0,8854.65
2025-03-01,ST005,PR0043,33,43,22,54,0,10991.16
2025-03-01,ST005,PR0044,22,11,10,23,0,6010.13
2025-03-01,ST005,PR0045,47,3,22,28,0,8009.4
2025-03-01,ST005,PR0046,14,22,29,7,0,2501.38
2025-03-01,ST005,PR0047,23,0,11,12,0,4623.48
2025-03-01,ST005,PR0048,44,31,22,53,0,24831.56
2025-03-01,ST005,PR0049,49,7,0,56,0,33558.0
2025-03-01,ST005,PR0050,38,28,30,36,0,21375.0
2025-03-01,ST005,PR0051,37,40,0,77,0,49987.63
2025-03-01,ST005,PR0052,35,36,29,42,0,27611.22
2025-03-01,ST005,PR0053,42,4,23,23,0,16691.33
2025-03-01,ST005,PR0054,11,51,31,31,0,30951.33
2025-03-01,ST005,PR0055,24,51,5,70,0,67445.7
2025-03-01,ST005,PR0056,22,8,16,14,0,2486.54
2025-03-01,ST005,PR0057,63,45,27,81,0,16083.36
2025-03-01,ST005,PR0058,59,30,26,63,0,19503.54
2025-03-01,ST005,PR0059,24,1,25,0,3,0.0
2025-03-01,ST005,PR0060,17,53,18,52,0,19754.28
2025-03-01,ST006,PR0001,8,54,11,51,0,12223.17
2025-03-01,ST006,PR0002,43,43,34,52,0,12079.08
2025-03-01,ST006,PR0003,14,38,19,33,0,10288.74
2025-03-01,ST006,PR0004,55,33,11,77,0,27401.99
2025-03-01,ST006,PR0005,16,13,29,0,9,0.0
2025-03-01,ST006,PR0006,20,31,21,30,0,16421.4
2025-03-01,ST006,PR0007,62,9,15,56,0,36714.72
2025-03-01,ST006,PR0008,20,34,11,43,0,22642.08
2025-03-01,ST006,PR0009,8,53,15,46,0,30490.18
2025-03-01,ST006,PR0010,63,31,27,67,0,40606.02
2025-03-01,ST006,PR0011,11,6,17,0,7,0.0
2025-03-01,ST006,PR0012,57,16,12,61,0,52228.2
2025-03-01,ST006,PR0013,21,33,48,6,0,4469.22
2025-03-01,ST006,PR0014,6,6,12,0,2,0.0
2025-03-01,ST006,PR0015,22,33,1,54,0,12991.86
2025-03-01,ST006,PR0016,59,30,29,60,0,17361.6
2025-03-01,ST006,PR0017,6,20,26,0,7,0.0
2025-03-01,ST006,PR0018,52,25,16,61,0,25141.76
2025-03-01,ST006,PR0019,19,44,29,34,0,17333.88
2025-03-01,ST006,PR0020,27,6,29,4,0,1659.32
2025-03-01,ST006,PR0021,8,32,0,40,0,25465.6
2025-03-01,ST006,PR0022,27,0,27,0,3,0.0
2025-03-01,ST006,PR0023,39,45,23,61,0,39118.69
2025-03-01,ST006,PR0024,20,2,22,0,2,0.0
2025-03-01,ST006,PR0025,35,17,22,30,0,28144.5
2025-03-01,ST006,PR0026,52,13,27,38,0,30420.52
2025-03-01,ST006,PR0027,6,54,26,34,0,26117.78
2025-03-01,ST006,PR0028,40,7,33,14,0,2014.6
2025-03-01,ST006,PR0029,36,39,29,46,0,11864.78
2025-03-01,ST006,PR0030,26,39,0,65,0,19228.3
2025-03-01,ST006,PR0031,25,48,16,57,0,21768.3
2025-03-01,ST006,PR0032,40,31,20,51,0,22121.76
2025-03-01,ST006,PR0033,36,38,10,64,0,29555.2
2025-03-01,ST006,PR0034,40,48,42,46,0,27876.0
2025-03-01,ST006,PR0035,60,48,31,77,0,41790.21
2025-03-01,ST006,PR0036,64,31,15,80,0,51120.8
2025-03-01,ST006,PR0037,5,19,15,9,0,6932.88
2025-03-01,ST006,PR0038,58,53,32,79,0,61169.7
2025-03-01,ST006,PR0039,34,21,32,23,0,20901.48
2025-03-01,ST006,PR0040,7,7,14,0,7,0.0
2025-03-01,ST006,PR0041,12,33,23,22,0,21634.58
2025-03-01,ST006,PR0042,50,41,26,65,0,9135.75
2025-03-01,ST006,PR0043,31,54,26,59,0,12008.86
2025-03-01,ST006,PR0044,8,25,22,11,0,2874.41
2025-03-01,ST006,PR0045,64,8,39,33,0,9439.65
2025-03-01,ST006,PR0046,37,46,12,71,0,25371.14
2025-03-01,ST006,PR0047,24,45,24,45,0,17338.05
2025-03-01,ST006,PR0048,6,43,18,31,0,14524.12
2025-03-01,ST006,PR0049,5,0,5,0,7,0.0
2025-03-01,ST006,PR0050,23,26,27,22,0,13062.5
2025-03-01,ST006,PR0051,55,32,23,64,0,41548.16
2025-03-01,ST006,PR0052,57,21,28,50,0,32870.5
2025-03-01,ST006,PR0053,60,0,20,40,0,29028.4
2025-03-01,ST006,PR0054,62,49,5,106,0,105833.58
2025-03-01,ST006,PR0055,26,30,12,44,0,42394.44
2025-03-01,ST006,PR0056,41,5,34,12,0,2131.32
2025-03-01,ST006,PR0057,49,26,10,65,0,12906.4
2025-03-01,ST006,PR0058,12,17,20,9,0,2786.22
2025-03-01,ST006,PR0059,17,25,11,31,0,9209.17
2025-03-01,ST006,PR0060,28,50,25,53,0,20134.17
2025-03-01,ST007,PR0001,43,21,19,45,0,10785.15
2025-03-01,ST007,PR0002,29,51,5,75,0,17421.75
2025-03-01,ST007,PR0003,51,0,28,23,0,7170.94
2025-03-01,ST007,PR0004,8,29,25,12,0,4270.44
2025-03-01,ST007,PR0005,55,13,5,63,0,31311.0
2025-03-01,ST007,PR0006,32,13,31,14,0,7663.32
2025-03-01,ST007,PR0007,27,39,36,30,0,19668.6
2025-03-01,ST007,PR0008,49,8,28,29,0,15270.24
2025-03-01,ST007,PR0009,28,27,29,26,0,17233.58
2025-03-01,ST007,PR0010,52,41,23,70,0,42424.2
2025-03-01,ST007,PR0011,45,25,25,45,0,31987.35
2025-03-01,ST007,PR0012,30,8,5,33,0,28254.6
2025-03-01,ST007,PR0013,36,46,24,58,0,43202.46
2025-03-01,ST007,PR0014,30,54,4,80,0,12049.6
2025-03-01,ST007,PR0015,32,2,13,21,0,5052.39
2025-03-01,ST007,PR0016,46,10,6,50,0,14468.0
2025-03-01,ST007,PR0017,40,36,19,57,0,17361.63
2025-03-01,ST007,PR0018,44,26,9,61,0,25141.76
2025-03-01,ST007,PR0019,13,49,33,29,0,14784.78
2025-03-01,ST007,PR0020,14,21,35,0,9,0.0
2025-03-01,ST007,PR0021,32,46,27,51,0,32468.64
2025-03-01,ST007,PR0022,27,41,10,58,0,39111.72
2025-03-01,ST007,PR0023,11,6,17,0,11,0.0
2025-03-01,ST007,PR0024,33,21,11,43,0,27604.71
2025-03-01,ST007,PR0025,7,2,9,0,7,0.0
2025-03-01,ST007,PR0026,39,54,31,62,0,49633.48
2025-03-01,ST007,PR0027,57,6,0,63,0,48394.71
2025-03-01,ST007,PR0028,64,22,0,86,0,12375.4
2025-03-01,ST007,PR0029,56,15,34,37,0,9543.41
2025-03-01,ST007,PR0030,24,36,30,30,0,8874.6
2025-03-01,ST007,PR0031,47,24,37,34,0,12984.6
2025-03-01,ST007,PR0032,63,39,24,78,0,33833.28
2025-03-01,ST007,PR0033,49,53,18,84,0,38791.2
2025-03-01,ST007,PR0034,29,24,31,22,0,13332.0
2025-03-01,ST007,PR0035,4,11,15,0,5,0.0
2025-03-01,ST007,PR0036,47,41,3,85,0,54315.85
2025-03-01,ST007,PR0037,45,43,20,68,0,52381.76
2025-03-01,ST007,PR0038,24,21,19,26,0,20131.8
2025-03-01,ST007,PR0039,51,29,22,58,0,52708.08
2025-03-01,ST007,PR0040,61,23,9,75,0,65995.5
2025-03-01,ST007,PR0041,4,26,28,2,7,1966.78
2025-03-01,ST007,PR0042,37,33,30,40,0,5622.0
2025-03-01,ST007,PR0043,14,32,19,27,0,5495.58
2025-03-01,ST007,PR0044,21,20,20,21,0,5487.51
2025-03-01,ST007,PR0045,36,35,3,68,0,19451.4
2025-03-01,ST007,PR0046,41,53,21,73,0,26085.82
2025-03-01,ST007,PR0047,41,4,15,30,0,11558.7
2025-03-01,ST007,PR0048,14,16,22,8,0,3748.16
2025-03-01,ST007,PR0049,4,4,8,0,9,0.0
2025-03-01,ST007,PR0050,4,44,14,34,0,20187.5
2025-03-01,ST007,PR0051,14,17,17,14,0,9088.66
2025-03-01,ST007,PR0052,35,45,41,39,0,25638.99
2025-03-01,ST007,PR0053,12,37,12,37,0,26851.27
2025-03-01,ST007,PR0054,59,47,12,94,0,93852.42
2025-03-01,ST007,PR0055,19,29,24,24,0,23124.24
2025-03-01,ST007,PR0056,7,24,13,18,0,3196.98
2025-03-01,ST007,PR0057,15,28,5,38,0,7545.28
2025-03-01,ST007,PR0058,21,54,31,44,0,13621.52
2025-03-01,ST007,PR0059,59,26,46,39,0,11585.73
2025-03-01,ST007,PR0060,16,21,22,15,0,5698.35
2025-03-01,ST008,PR0001,20,27,17,30,0,7190.1
2025-03-01,ST008,PR0002,9,13,8,14,0,3252.06
2025-03-01,ST008,PR0003,56,55,33,78,0,24318.84
2025-03-01,ST008,PR0004,11,3,9,5,0,1779.35
2025-03-01,ST008,PR0005,25,50,25,50,0,24850.0
2025-03-01,ST008,PR0006,24,2,23,3,0,1642.14
2025-03-01,ST008,PR0007,7,51,6,52,0,34092.24
2025-03-01,ST008,PR0008,32,35,15,52,0,27381.12
2025-03-01,ST008,PR0009,6,11,17,0,9,0.0
2025-03-01,ST008,PR0010,37,34,22,49,0,29696.94
2025-03-01,ST008,PR0011,63,18,19,62,0,44071.46
2025-03-01,ST008,PR0012,47,38,22,63,0,53940.6
2025-03-01,ST008,PR0013,59,14,23,50,0,37243.5
2025-03-01,ST008,PR0014,45,30,27,48,0,7229.76
2025-03-01,ST008,PR0015,30,16,37,9,0,2165.31
2025-03-01,ST008,PR0016,6,44,33,17,0,4919.12
2025-03-01,ST008,PR0017,42,13,49,6,0,1827.54
2025-03-01,ST008,PR0018,50,48,26,72,0,29675.52
2025-03-01,ST008,PR0019,63,27,11,79,0,40275.78
2025-03-01,ST008,PR0020,35,31,20,46,0,19082.18
2025-03-01,ST008,PR0021,52,3,7,48,0,30558.72
2025-03-01,ST008,PR0022,31,11,15,27,0,18207.18
2025-03-01,ST008,PR0023,44,39,16,67,0,42966.43
2025-03-01,ST008,PR0024,52,44,32,64,0,41086.08
2025-03-01,ST008,PR0025,47,36,36,47,0,44093.05
2025-03-01,ST008,PR0026,33,15,0,48,0,38425.92
2025-03-01,ST008,PR0027,21,44,21,44,0,33799.48
2025-03-01,ST008,PR0028,40,12,29,23,0,3309.7
2025-03-01,ST008,PR0029,14,25,0,39,0,10059.27
2025-03-01,ST008,PR0030,55,52,32,75,0,22186.5
2025-03-01,ST008,PR0031,6,50,31,25,0,9547.5
2025-03-01,ST008,PR0032,24,22,20,26,0,11277.76
2025-03-01,ST008,PR0033,50,50,45,55,0,25399.0
2025-03-01,ST008,PR0034,16,47,13,50,0,30300.0
2025-03-01,ST008,PR0035,13,47,51,9,0,4884.57
2025-03-01,ST008,PR0036,65,18,26,57,0,36423.57
2025-03-01,ST008,PR0037,55,42,29,68,0,52381.76
2025-03-01,ST008,PR0038,6,13,12,7,0,5420.1
2025-03-01,ST008,PR0039,38,28,34,32,0,29080.32
2025-03-01,ST008,PR0040,56,34,22,68,0,59835.92
2025-03-01,ST008,PR0041,36,52,35,53,0,52119.67
2025-03-01,ST008,PR0042,61,48,12,97,0,13633.35
2025-03-01,ST008,PR0043,50,22,4,68,0,13840.72
2025-03-01,ST008,PR0044,28,50,4,74,0,19336.94
2025-03-01,ST008,PR0045,21,44,19,46,0,13158.3
2025-03-01,ST008,PR0046,50,20,29,41,0,14650.94
2025-03-01,ST008,PR0047,30,13,7,36,0,13870.44
2025-03-01,ST008,PR0048,29,54,0,83,0,38887.16
2025-03-01,ST008,PR0049,31,3,30,4,0,2397.0
2025-03-01,ST008,PR0050,61,13,0,74,0,43937.5
2025-03-01,ST008,PR0051,44,27,27,44,0,28564.36
2025-03-01,ST008,PR0052,34,52,40,46,0,30240.86
2025-03-01,ST008,PR0053,44,19,32,31,0,22497.01
2025-03-01,ST008,PR0054,52,28,19,61,0,60904.23
2025-03-01,ST008,PR0055,53,6,32,27,0,26014.77
2025-03-01,ST008,PR0056,17,43,34,26,0,4617.86
2025-03-01,ST008,PR0057,61,24,15,70,0,13899.2
2025-03-01,ST008,PR0058,34,12,11,35,0,10835.3
2025-03-01,ST008,PR0059,12,31,30,13,0,3861.91
2025-03-01,ST008,PR0060,47,36,27,56,0,21273.84
2025-03-01,ST009,PR0001,57,2,24,35,0,8388.45
2025-03-01,ST009,PR0002,53,17,0,70,0,16260.3
2025-03-01,ST009,PR0003,42,55,28,69,0,21512.82
2025-03-01,ST009,PR0004,30,36,34,32,0,11387.84
2025-03-01,ST009,PR0005,18,54,37,35,0,17395.0
2025-03-01,ST009,PR0006,43,1,17,27,0,14779.26
2025-03-01,ST009,PR0007,6,30,24,12,0,7867.44
2025-03-01,ST009,PR0008,15,47,37,25,0,13164.0
2025-03-01,ST009,PR0009,60,33,3,90,0,59654.7
2025-03-01,ST009,PR0010,42,42,9,75,0,45454.5
2025-03-01,ST009,PR0011,14,11,23,2,2,1421.66
2025-03-01,ST009,PR0012,4,35,3,36,0,30823.2
2025-03-01,ST009,PR0013,34,19,28,25,0,18621.75
2025-03-01,ST009,PR0014,8,39,24,23,0,3464.26
2025-03-01,ST009,PR0015,21,0,4,17,0,4090.03
2025-03-01,ST009,PR0016,6,40,31,15,0,4340.4
2025-03-01,ST009,PR0017,49,22,19,52,0,15838.68
2025-03-01,ST009,PR0018,53,36,15,74,0,30499.84
2025-03-01,ST009,PR0019,33,36,21,48,0,24471.36
2025-03-01,ST009,PR0020,49,18,43,24,0,9955.92
2025-03-01,ST009,PR0021,18,30,19,29,0,18462.56
2025-03-01,ST009,PR0022,49,46,33,62,0,41809.08
2025-03-01,ST009,PR0023,39,27,22,44,0,28216.76
2025-03-01,ST009,PR0024,58,1,27,32,0,20543.04
2025-03-01,ST009,PR0025,44,43,15,72,0,67546.8
2025-03-01,ST009,PR0026,34,51,8,77,0,61641.58
2025-03-01,ST009,PR0027,31,54,11,74,0,56844.58
2025-03-01,ST009,PR0028,33,15,21,27,0,3885.3
2025-03-01,ST009,PR0029,19,54,21,52,0,13412.36
2025-03-01,ST009,PR0030,33,47,21,59,0,17453.38
2025-03-01,ST009,PR0031,39,17,23,33,0,12602.7
2025-03-01,ST009,PR0032,9,52,12,49,0,21254.24
2025-03-01,ST009,PR0033,10,26,28,8,0,3694.4
2025-03-01,ST009,PR0034,30,30,28,32,0,19392.0
2025-03-01,ST009,PR0035,24,7,31,0,11,0.0
2025-03-01,ST009,PR0036,53,17,33,37,0,23643.37
2025-03-01,ST009,PR0037,16,35,11,40,0,30812.8
2025-03-01,ST009,PR0038,5,8,9,4,0,3097.2
2025-03-01,ST009,PR0039,65,16,26,55,0,49981.8
2025-03-01,ST009,PR0040,58,2,0,60,0,52796.4
2025-03-01,ST009,PR0041,10,13,14,9,0,8850.51
2025-03-01,ST009,PR0042,56,23,29,50,0,7027.5
2025-03-01,ST009,PR0043,47,11,8,50,0,10177.0
2025-03-01,ST009,PR0044,24,36,11,49,0,12804.19
2025-03-01,ST009,PR0045,18,3,21,0,8,0.0
2025-03-01,ST009,PR0046,19,32,27,24,0,8576.16
2025-03-01,ST009,PR0047,6,10,0,16,0,6164.64
2025-03-01,ST009,PR0048,35,31,4,62,0,29048.24
2025-03-01,ST009,PR0049,30,4,28,6,0,3595.5
2025-03-01,ST009,PR0050,31,1,22,10,0,5937.5
2025-03-01,ST009,PR0051,45,52,20,77,0,49987.63
2025-03-01,ST009,PR0052,28,53,35,46,0,30240.86
2025-03-01,ST009,PR0053,41,49,21,69,0,50073.99
2025-03-01,ST009,PR0054,28,23,31,20,0,19968.6
2025-03-01,ST009,PR0055,28,44,26,46,0,44321.46
2025-03-01,ST009,PR0056,32,6,14,24,0,4262.64
2025-03-01,ST009,PR0057,5,35,2,38,0,7545.28
2025-03-01,ST009,PR0058,63,42,26,79,0,24456.82
2025-03-01,ST009,PR0059,47,11,19,39,0,11585.73
2025-03-01,ST009,PR0060,24,45,30,39,0,14815.71
2025-03-01,ST010,PR0001,25,44,0,69,0,16537.23
2025-03-01,ST010,PR0002,32,4,21,15,0,3484.35
2025-03-01,ST010,PR0003,29,39,20,48,0,14965.44
2025-03-01,ST010,PR0004,36,32,28,40,0,14234.8
2025-03-01,ST010,PR0005,13,51,35,29,0,14413.0
2025-03-01,ST010,PR0006,7,35,9,33,0,18063.54
2025-03-01,ST010,PR0007,63,20,35,48,0,31469.76
2025-03-01,ST010,PR0008,50,7,13,44,0,23168.64
2025-03-01,ST010,PR0009,50,26,17,59,0,39106.97
2025-03-01,ST010,PR0010,8,4,12,0,3,0.0
2025-03-01,ST010,PR0011,5,13,18,0,7,0.0
2025-03-01,ST010,PR0012,48,32,21,59,0,50515.8
2025-03-01,ST010,PR0013,31,22,26,27,0,20111.49
2025-03-01,ST010,PR0014,57,32,10,79,0,11898.98
2025-03-01,ST010,PR0015,7,4,11,0,7,0.0
2025-03-01,ST010,PR0016,48,53,6,95,0,27489.2
2025-03-01,ST010,PR0017,48,6,25,29,0,8833.11
2025-03-01,ST010,PR0018,49,41,23,67,0,27614.72
2025-03-01,ST010,PR0019,55,7,29,33,0,16824.06
2025-03-01,ST010,PR0020,37,16,11,42,0,17422.86
2025-03-01,ST010,PR0021,28,8,8,28,0,17825.92
2025-03-01,ST010,PR0022,4,11,15,0,6,0.0
2025-03-01,ST010,PR0023,27,34,7,54,0,34629.66
2025-03-01,ST010,PR0024,27,30,26,31,0,19901.07
2025-03-01,ST010,PR0025,28,40,9,59,0,55350.85
2025-03-01,ST010,PR0026,65,41,6,100,0,80054.0
2025-03-01,ST010,PR0027,13,28,41,0,6,0.0
2025-03-01,ST010,PR0028,23,3,26,0,2,0.0
2025-03-01,ST010,PR0029,11,36,38,9,0,2321.37
2025-03-01,ST010,PR0030,54,47,46,55,0,16270.1
2025-03-01,ST010,PR0031,9,26,10,25,0,9547.5
2025-03-01,ST010,PR0032,20,5,25,0,6,0.0
2025-03-01,ST010,PR0033,9,28,2,35,0,16163.0
2025-03-01,ST010,PR0034,47,31,24,54,0,32724.0
2025-03-01,ST010,PR0035,16,35,11,40,0,21709.2
2025-03-01,ST010,PR0036,28,43,34,37,0,23643.37
2025-03-01,ST010,PR0037,5,42,6,41,0,31583.12
2025-03-01,ST010,PR0038,11,1,12,0,11,0.0
2025-03-01,ST010,PR0039,33,19,33,19,0,17266.44
2025-03-01,ST010,PR0040,13,38,0,51,0,44876.94
2025-03-01,ST010,PR0041,10,37,28,19,0,18684.41
2025-03-01,ST010,PR0042,31,48,20,59,0,8292.45
2025-03-01,ST010,PR0043,21,20,31,10,0,2035.4
2025-03-01,ST010,PR0044,14,21,15,20,0,5226.2
2025-03-01,ST010,PR0045,60,40,16,84,0,24028.2
2025-03-01,ST010,PR0046,6,55,20,41,0,14650.94
2025-03-01,ST010,PR0047,28,27,28,27,0,10402.83
2025-03-01,ST010,PR0048,56,5,7,54,0,25300.08
2025-03-01,ST010,PR0049,33,51,21,63,0,37752.75
2025-03-01,ST010,PR0050,31,10,17,24,0,14250.0
2025-03-01,ST010,PR0051,59,34,34,59,0,38302.21
2025-03-01,ST010,PR0052,52,55,42,65,0,42731.65
2025-03-01,ST010,PR0053,11,50,40,21,0,15239.91
2025-03-01,ST010,PR0054,45,39,11,73,0,72885.39
2025-03-01,ST010,PR0055,56,50,2,104,0,100205.04
2025-03-01,ST010,PR0056,53,36,27,62,0,11011.82
2025-03-01,ST010,PR0057,23,47,15,55,0,10920.8
2025-03-01,ST010,PR0058,48,39,35,52,0,16098.16
2025-03-01,ST010,PR0059,17,26,13,30,0,8912.1
2025-03-01,ST010,PR0060,59,38,1,96,0,36469.44
2025-03-01,ST011,PR0001,36,52,11,77,0,18454.59
2025-03-01,ST011,PR0002,55,10,18,47,0,10917.63
2025-03-01,ST011,PR0003,40,9,12,37,0,11535.86
2025-03-01,ST011,PR0004,65,13,22,56,0,19928.72
2025-03-01,ST011,PR0005,52,14,15,51,0,25347.0
2025-03-01,ST011,PR0006,39,54,35,58,0,31748.04
2025-03-01,ST011,PR0007,40,31,31,40,0,26224.8
2025-03-01,ST011,PR0008,23,8,31,0,10,0.0
2025-03-01,ST011,PR0009,26,34,26,34,0,22536.22
2025-03-01,ST011,PR0010,10,17,25,2,9,1212.12
2025-03-01,ST011,PR0011,33,36,3,66,0,46914.78
2025-03-01,ST011,PR0012,50,34,33,51,0,43666.2
2025-03-01,ST011,PR0013,65,39,36,68,0,50651.16
2025-03-01,ST011,PR0014,44,19,17,46,0,6928.52
2025-03-01,ST011,PR0015,17,2,0,19,0,4571.21
2025-03-01,ST011,PR0016,58,15,21,52,0,15046.72
2025-03-01,ST011,PR0017,12,32,16,28,0,8528.52
2025-03-01,ST011,PR0018,20,44,26,38,0,15662.08
2025-03-01,ST011,PR0019,38,12,19,31,0,15804.42
2025-03-01,ST011,PR0020,18,37,0,55,0,22815.65
2025-03-01,ST011,PR0021,25,7,31,1,8,636.64
2025-03-01,ST011,PR0022,16,49,13,52,0,35065.68
2025-03-01,ST011,PR0023,53,49,24,78,0,50020.62
2025-03-01,ST011,PR0024,12,8,20,0,6,0.0
2025-03-01,ST011,PR0025,19,37,21,35,0,32835.25
2025-03-01,ST011,PR0026,45,31,27,49,0,39226.46
2025-03-01,ST011,PR0027,14,34,6,42,0,32263.14
2025-03-01,ST011,PR0028,26,6,28,4,0,575.6
2025-03-01,ST011,PR0029,22,4,26,0,3,0.0
2025-03-01,ST011,PR0030,6,44,9,41,0,12128.62
2025-03-01,ST011,PR0031,38,54,22,70,0,26733.0
2025-03-01,ST011,PR0032,60,38,29,69,0,29929.44
2025-03-01,ST011,PR0033,38,46,16,68,0,31402.4
2025-03-01,ST011,PR0034,35,2,20,17,0,10302.0
2025-03-01,ST011,PR0035,7,46,22,31,0,16824.63
2025-03-01,ST011,PR0036,29,34,8,55,0,35145.55
2025-03-01,ST011,PR0037,61,54,19,96,0,73950.72
2025-03-01,ST011,PR0038,31,36,32,35,0,27100.5
2025-03-01,ST011,PR0039,64,51,31,84,0,76335.84
2025-03-01,ST011,PR0040,27,1,19,9,0,7919.46
2025-03-01,ST011,PR0041,33,3,31,5,0,4916.95
2025-03-01,ST011,PR0042,10,54,26,38,0,5340.9
2025-03-01,ST011,PR0043,4,39,33,10,0,2035.4
2025-03-01,ST011,PR0044,26,44,36,34,0,8884.54
2025-03-01,ST011,PR0045,9,18,7,20,0,5721.0
2025-03-01,ST011,PR0046,52,14,29,37,0,13221.58
2025-03-01,ST011,PR0047,36,39,23,52,0,20035.08
2025-03-01,ST011,PR0048,51,24,21,54,0,25300.08
2025-03-01,ST011,PR0049,44,1,0,45,0,26966.25
2025-03-01,ST011,PR0050,18,16,10,24,0,14250.0
2025-03-01,ST011,PR0051,4,32,32,4,0,2596.76
2025-03-01,ST011,PR0052,43,29,18,54,0,35500.14
2025-03-01,ST011,PR0053,35,20,34,21,0,15239.91
2025-03-01,ST011,PR0054,18,23,23,18,0,17971.74
2025-03-01,ST011,PR0055,60,25,8,77,0,74190.27
2025-03-01,ST011,PR0056,61,14,16,59,0,10478.99
2025-03-01,ST011,PR0057,48,18,20,46,0,9133.76
2025-03-01,ST011,PR0058,13,26,5,34,0,10525.72
2025-03-01,ST011,PR0059,56,21,20,57,0,16932.99
2025-03-01,ST011,PR0060,56,18,15,59,0,22413.51
2025-03-01,ST012,PR0001,17,39,8,48,0,11504.16
2025-03-01,ST012,PR0002,54,19,12,61,0,14169.69
2025-03-01,ST012,PR0003,20,39,19,40,0,12471.2
2025-03-01,ST012,PR0004,24,2,16,10,0,3558.7
2025-03-01,ST012,PR0005,36,12,28,20,0,9940.0
2025-03-01,ST012,PR0006,31,10,20,21,0,11494.98
2025-03-01,ST012,PR0007,17,1,13,5,0,3278.1
2025-03-01,ST012,PR0008,29,36,13,52,0,27381.12
2025-03-01,ST012,PR0009,13,52,21,44,0,29164.52
2025-03-01,ST012,PR0010,55,36,44,47,0,28484.82
2025-03-01,ST012,PR0011,8,37,38,7,0,4975.81
2025-03-01,ST012,PR0012,24,54,38,40,0,34248.0
2025-03-01,ST012,PR0013,10,23,24,9,0,6703.83
2025-03-01,ST012,PR0014,60,34,11,83,0,12501.46
2025-03-01,ST012,PR0015,44,11,42,13,0,3127.67
2025-03-01,ST012,PR0016,10,55,19,46,0,13310.56
2025-03-01,ST012,PR0017,24,23,7,40,0,12183.6
2025-03-01,ST012,PR0018,12,0,12,0,8,0.0
2025-03-01,ST012,PR0019,44,11,2,53,0,27020.46
2025-03-01,ST012,PR0020,7,30,16,21,0,8711.43
2025-03-01,ST012,PR0021,59,14,15,58,0,36925.12
2025-03-01,ST012,PR0022,24,10,21,13,0,8766.42
2025-03-01,ST012,PR0023,20,31,15,36,0,23086.44
2025-03-01,ST012,PR0024,8,9,8,9,0,5777.73
2025-03-01,ST012,PR0025,40,49,12,77,0,72237.55
2025-03-01,ST012,PR0026,42,42,6,78,0,62442.12
2025-03-01,ST012,PR0027,52,43,21,74,0,56844.58
2025-03-01,ST012,PR0028,9,43,26,26,0,3741.4
2025-03-01,ST012,PR0029,22,26,12,36,0,9285.48
2025-03-01,ST012,PR0030,57,54,25,86,0,25440.52
2025-03-01,ST012,PR0031,58,19,18,59,0,22532.1
2025-03-01,ST012,PR0032,15,20,13,22,0,9542.72
2025-03-01,ST012,PR0033,55,26,46,35,0,16163.0
2025-03-01,ST012,PR0034,59,22,28,53,0,32118.0
2025-03-01,ST012,PR0035,52,8,0,60,0,32563.8
2025-03-01,ST012,PR0036,43,29,3,69,0,44091.69
2025-03-01,ST012,PR0037,38,4,0,42,0,32353.44
2025-03-01,ST012,PR0038,19,49,7,61,0,47232.3
2025-03-01,ST012,PR0039,19,11,10,20,0,18175.2
2025-03-01,ST012,PR0040,34,15,8,41,0,36077.54
2025-03-01,ST012,PR0041,44,5,20,29,0,28518.31
2025-03-01,ST012,PR0042,36,31,19,48,0,6746.4
2025-03-01,ST012,PR0043,43,16,25,34,0,6920.36
2025-03-01,ST012,PR0044,20,25,17,28,0,7316.68
2025-03-01,ST012,PR0045,37,32,23,46,0,13158.3
2025-03-01,ST012,PR0046,55,14,1,68,0,24299.12
2025-03-01,ST012,PR0047,30,16,35,11,0,4238.19
2025-03-01,ST012,PR0048,61,34,16,79,0,37013.08
2025-03-01,ST012,PR0049,35,24,24,35,0,20973.75
2025-03-01,ST012,PR0050,24,45,15,54,0,32062.5
2025-03-01,ST012,PR0051,44,8,0,52,0,33757.88
2025-03-01,ST012,PR0052,49,36,37,48,0,31555.68
2025-03-01,ST012,PR0053,51,11,8,54,0,39188.34
2025-03-01,ST012,PR0054,19,2,21,0,11,0.0
2025-03-01,ST012,PR0055,43,55,15,83,0,79971.33
2025-03-01,ST012,PR0056,35,21,29,27,0,4795.47
2025-03-01,ST012,PR0057,31,28,32,27,0,5361.12
2025-03-01,ST012,PR0058,11,23,29,5,0,1547.9
2025-03-01,ST012,PR0059,60,10,45,25,0,7426.75
2025-03-01,ST012,PR0060,12,54,18,48,0,18234.72
2025-03-01,ST013,PR0001,54,10,27,37,0,8867.79
2025-03-01,ST013,PR0002,37,42,22,57,0,13240.53
2025-03-01,ST013,PR0003,9,29,38,0,8,0.0
2025-03-01,ST013,PR0004,58,51,17,92,0,32740.04
2025-03-01,ST013,PR0005,7,39,35,11,0,5467.0
2025-03-01,ST013,PR0006,32,27,31,28,0,15326.64
2025-03-01,ST013,PR0007,31,15,34,12,0,7867.44
2025-03-01,ST013,PR0008,5,54,31,28,0,14743.68
2025-03-01,ST013,PR0009,29,47,27,49,0,32478.67
2025-03-01,ST013,PR0010,17,34,17,34,0,20606.04
2025-03-01,ST013,PR0011,60,51,35,76,0,54023.08
2025-03-01,ST013,PR0012,60,25,39,46,0,39385.2
2025-03-01,ST013,PR0013,63,40,3,100,0,74487.0
2025-03-01,ST013,PR0014,58,54,16,96,0,14459.52
2025-03-01,ST013,PR0015,55,11,17,49,0,11788.91
2025-03-01,ST013,PR0016,14,41,28,27,0,7812.72
2025-03-01,ST013,PR0017,49,27,13,63,0,19189.17
2025-03-01,ST013,PR0018,57,3,27,33,0,13601.28
2025-03-01,ST013,PR0019,54,17,19,52,0,26510.64
2025-03-01,ST013,PR0020,20,18,12,26,0,10785.58
2025-03-01,ST013,PR0021,46,34,25,55,0,35015.2
2025-03-01,ST013,PR0022,23,47,31,39,0,26299.26
2025-03-01,ST013,PR0023,61,21,13,69,0,44249.01
2025-03-01,ST013,PR0024,56,1,48,9,0,5777.73
2025-03-01,ST013,PR0025,32,6,19,19,0,17824.85
2025-03-01,ST013,PR0026,40,17,16,41,0,32822.14
2025-03-01,ST013,PR0027,8,4,0,12,0,9218.04
2025-03-01,ST013,PR0028,16,11,22,5,0,719.5
2025-03-01,ST013,PR0029,7,38,25,20,0,5158.6
2025-03-01,ST013,PR0030,35,34,8,61,0,18045.02
2025-03-01,ST013,PR0031,6,31,23,14,0,5346.6
2025-03-01,ST013,PR0032,38,4,11,31,0,13446.56
2025-03-01,ST013,PR0033,65,23,53,35,0,16163.0
2025-03-01,ST013,PR0034,35,42,10,67,0,40602.0
2025-03-01,ST013,PR0035,60,39,30,69,0,37448.37
2025-03-01,ST013,PR0036,34,27,4,57,0,36423.57
2025-03-01,ST013,PR0037,50,3,21,32,0,24650.24
2025-03-01,ST013,PR0038,58,0,15,43,0,33294.9
2025-03-01,ST013,PR0039,22,25,37,10,0,9087.6
2025-03-01,ST013,PR0040,31,24,30,25,0,21998.5
2025-03-01,ST013,PR0041,36,20,0,56,0,55069.84
2025-03-01,ST013,PR0042,21,51,17,55,0,7730.25
2025-03-01,ST013,PR0043,14,42,10,46,0,9362.84
2025-03-01,ST013,PR0044,38,37,38,37,0,9668.47
2025-03-01,ST013,PR0045,16,7,22,1,12,286.05
2025-03-01,ST013,PR0046,57,17,36,38,0,13578.92
2025-03-01,ST013,PR0047,62,6,18,50,0,19264.5
2025-03-01,ST013,PR0048,48,12,9,51,0,23894.52
2025-03-01,ST013,PR0049,17,55,17,55,0,32958.75
2025-03-01,ST013,PR0050,54,25,10,69,0,40968.75
2025-03-01,ST013,PR0051,30,46,25,51,0,33108.69
2025-03-01,ST013,PR0052,23,0,23,0,4,0.0
2025-03-01,ST013,PR0053,18,7,4,21,0,15239.91
2025-03-01,ST013,PR0054,9,19,15,13,0,12979.59
2025-03-01,ST013,PR0055,37,23,17,43,0,41430.93
2025-03-01,ST013,PR0056,43,44,34,53,0,9413.33
2025-03-01,ST013,PR0057,9,10,13,6,0,1191.36
2025-03-01,ST013,PR0058,39,28,19,48,0,14859.84
2025-03-01,ST013,PR0059,36,30,7,59,0,17527.13
2025-03-01,ST013,PR0060,9,10,19,0,10,0.0
2025-03-01,ST014,PR0001,11,4,15,0,12,0.0
2025-03-01,ST014,PR0002,52,53,32,73,0,16957.17
2025-03-01,ST014,PR0003,64,29,27,66,0,20577.48
2025-03-01,ST014,PR0004,24,16,20,20,0,7117.4
2025-03-01,ST014,PR0005,10,49,21,38,0,18886.0
2025-03-01,ST014,PR0006,26,39,4,61,0,33390.18
2025-03-01,ST014,PR0007,13,24,8,29,0,19012.98
2025-03-01,ST014,PR0008,14,38,25,27,0,14217.12
2025-03-01,ST014,PR0009,62,5,29,38,0,25187.54
2025-03-01,ST014,PR0010,54,13,19,48,0,29090.88
2025-03-01,ST014,PR0011,47,40,20,67,0,47625.61
2025-03-01,ST014,PR0012,53,11,9,55,0,47091.0
2025-03-01,ST014,PR0013,17,21,27,11,0,8193.57
2025-03-01,ST014,PR0014,61,44,33,72,0,10844.64
2025-03-01,ST014,PR0015,21,53,38,36,0,8661.24
2025-03-01,ST014,PR0016,48,13,0,61,0,17650.96
2025-03-01,ST014,PR0017,64,36,18,82,0,24976.38
2025-03-01,ST014,PR0018,19,10,9,20,0,8243.2
2025-03-01,ST014,PR0019,48,38,9,77,0,39256.14
2025-03-01,ST014,PR0020,62,41,21,82,0,34016.06
2025-03-01,ST014,PR0021,7,50,4,53,0,33741.92
2025-03-01,ST014,PR0022,32,20,7,45,0,30345.3
2025-03-01,ST014,PR0023,26,37,17,46,0,29499.34
2025-03-01,ST014,PR0024,35,11,10,36,0,23110.92
2025-03-01,ST014,PR0025,58,52,38,72,0,67546.8
2025-03-01,ST014,PR0026,55,29,20,64,0,51234.56
2025-03-01,ST014,PR0027,60,2,17,45,0,34567.65
2025-03-01,ST014,PR0028,35,2,0,37,0,5324.3
2025-03-01,ST014,PR0029,54,31,21,64,0,16507.52
2025-03-01,ST014,PR0030,4,30,34,0,9,0.0
2025-03-01,ST014,PR0031,14,37,15,36,0,13748.4
2025-03-01,ST014,PR0032,21,5,26,0,10,0.0
2025-03-01,ST014,PR0033,43,1,11,33,0,15239.4
2025-03-01,ST014,PR0034,22,6,28,0,10,0.0
2025-03-01,ST014,PR0035,10,28,30,8,0,4341.84
2025-03-01,ST014,PR0036,53,49,21,81,0,51759.81
2025-03-01,ST014,PR0037,56,16,27,45,0,34664.4
2025-03-01,ST014,PR0038,40,19,15,44,0,34069.2
2025-03-01,ST014,PR0039,59,18,28,49,0,44529.24
2025-03-01,ST014,PR0040,62,16,16,62,0,54556.28
2025-03-01,ST014,PR0041,63,11,52,22,0,21634.58
2025-03-01,ST014,PR0042,8,51,5,54,0,7589.7
2025-03-01,ST014,PR0043,65,39,23,81,0,16486.74
2025-03-01,ST014,PR0044,14,34,20,28,0,7316.68
2025-03-01,ST014,PR0045,37,8,19,26,0,7437.3
2025-03-01,ST014,PR0046,57,37,25,69,0,24656.46
2025-03-01,ST014,PR0047,60,42,35,67,0,25814.43
2025-03-01,ST014,PR0048,61,52,34,79,0,37013.08
2025-03-01,ST014,PR0049,54,27,35,46,0,27565.5
2025-03-01,ST014,PR0050,50,55,7,98,0,58187.5
2025-03-01,ST014,PR0051,47,41,16,72,0,46741.68
2025-03-01,ST014,PR0052,44,14,9,49,0,32213.09
2025-03-01,ST014,PR0053,29,22,38,13,0,9434.23
2025-03-01,ST014,PR0054,22,0,5,17,0,16973.31
2025-03-01,ST014,PR0055,48,9,5,52,0,50102.52
2025-03-01,ST014,PR0056,23,54,27,50,0,8880.5
2025-03-01,ST014,PR0057,12,4,0,16,0,3176.96
2025-03-01,ST014,PR0058,48,22,23,47,0,14550.26
2025-03-01,ST014,PR0059,13,21,24,10,0,2970.7
2025-03-01,ST014,PR0060,59,51,28,82,0,31150.98
2025-03-01,ST015,PR0001,58,53,7,104,0,24925.68
2025-03-01,ST015,PR0002,5,0,5,0,5,0.0
2025-03-01,ST015,PR0003,51,24,5,70,0,21824.6
2025-03-01,ST015,PR0004,61,9,15,55,0,19572.85
2025-03-01,ST015,PR0005,36,34,5,65,0,32305.0
2025-03-01,ST015,PR0006,9,45,22,32,0,17516.16
2025-03-01,ST015,PR0007,19,41,11,49,0,32125.38
2025-03-01,ST015,PR0008,27,51,48,30,0,15796.8
2025-03-01,ST015,PR0009,7,13,6,14,0,9279.62
2025-03-01,ST015,PR0010,32,45,24,53,0,32121.18
2025-03-01,ST015,PR0011,47,52,5,94,0,66818.02
2025-03-01,ST015,PR0012,34,11,28,17,0,14555.4
2025-03-01,ST015,PR0013,16,34,6,44,0,32774.28
2025-03-01,ST015,PR0014,19,10,29,0,12,0.0
2025-03-01,ST015,PR0015,57,22,31,48,0,11548.32
2025-03-01,ST015,PR0016,6,33,23,16,0,4629.76
2025-03-01,ST015,PR0017,42,33,37,38,0,11574.42
2025-03-01,ST015,PR0018,14,43,32,25,0,10304.0
2025-03-01,ST015,PR0019,8,38,7,39,0,19882.98
2025-03-01,ST015,PR0020,19,40,24,35,0,14519.05
2025-03-01,ST015,PR0021,64,32,22,74,0,47111.36
2025-03-01,ST015,PR0022,40,34,40,34,0,22927.56
2025-03-01,ST015,PR0023,13,28,20,21,0,13467.09
2025-03-01,ST015,PR0024,16,46,30,32,0,20543.04
2025-03-01,ST015,PR0025,50,12,26,36,0,33773.4
2025-03-01,ST015,PR0026,33,0,0,33,0,26417.82
2025-03-01,ST015,PR0027,4,52,27,29,0,22276.93
2025-03-01,ST015,PR0028,6,16,16,6,0,863.4
2025-03-01,ST015,PR0029,48,30,15,63,0,16249.59
2025-03-01,ST015,PR0030,31,48,24,55,0,16270.1
2025-03-01,ST015,PR0031,43,50,22,71,0,27114.9
2025-03-01,ST015,PR0032,13,32,27,18,0,7807.68
2025-03-01,ST015,PR0033,26,30,44,12,0,5541.6
2025-03-01,ST015,PR0034,47,33,17,63,0,38178.0
2025-03-01,ST015,PR0035,29,51,21,59,0,32021.07
2025-03-01,ST015,PR0036,10,45,12,43,0,27477.43
2025-03-01,ST015,PR0037,49,16,22,43,0,33123.76
2025-03-01,ST015,PR0038,39,13,21,31,0,24003.3
2025-03-01,ST015,PR0039,30,15,31,14,0,12722.64
2025-03-01,ST015,PR0040,60,9,11,58,0,51036.52
2025-03-01,ST015,PR0041,18,6,24,0,10,0.0
2025-03-01,ST015,PR0042,50,24,40,34,0,4778.7
2025-03-01,ST015,PR0043,44,42,23,63,0,12823.02
2025-03-01,ST015,PR0044,38,52,28,62,0,16201.22
2025-03-01,ST015,PR0045,8,20,28,0,11,0.0
2025-03-01,ST015,PR0046,52,10,32,30,0,10720.2
2025-03-01,ST015,PR0047,50,23,35,38,0,14641.02
2025-03-01,ST015,PR0048,48,51,21,78,0,36544.56
2025-03-01,ST015,PR0049,34,48,16,66,0,39550.5
2025-03-01,ST015,PR0050,25,37,36,26,0,15437.5
2025-03-01,ST015,PR0051,45,38,33,50,0,32459.5
2025-03-01,ST015,PR0052,41,0,3,38,0,24981.58
2025-03-01,ST015,PR0053,63,23,21,65,0,47171.15
2025-03-01,ST015,PR0054,28,3,15,16,0,15974.88
2025-03-01,ST015,PR0055,10,0,10,0,12,0.0
2025-03-01,ST015,PR0056,40,13,5,48,0,8525.28
2025-03-01,ST015,PR0057,24,19,9,34,0,6751.04
2025-03-01,ST015,PR0058,16,27,33,10,0,3095.8
2025-03-01,ST015,PR0059,18,40,18,40,0,11882.8
2025-03-01,ST015,PR0060,32,38,24,46,0,17474.94
2025-03-01,ST016,PR0001,44,42,29,57,0,13661.19
2025-03-01,ST016,PR0002,46,28,24,50,0,11614.5
2025-03-01,ST016,PR0003,19,4,15,8,0,2494.24
2025-03-01,ST016,PR0004,37,19,11,45,0,16014.15
2025-03-01,ST016,PR0005,56,2,22,36,0,17892.0
2025-03-01,ST016,PR0006,42,33,33,42,0,22989.96
2025-03-01,ST016,PR0007,37,26,1,62,0,40648.44
2025-03-01,ST016,PR0008,30,48,50,28,0,14743.68
2025-03-01,ST016,PR0009,21,19,13,27,0,17896.41
2025-03-01,ST016,PR0010,40,21,54,7,0,4242.42
2025-03-01,ST016,PR0011,53,48,12,89,0,63263.87
2025-03-01,ST016,PR0012,62,1,20,43,0,36816.6
2025-03-01,ST016,PR0013,27,38,0,65,0,48416.55
2025-03-01,ST016,PR0014,40,1,29,12,0,1807.44
2025-03-01,ST016,PR0015,13,54,49,18,0,4330.62
2025-03-01,ST016,PR0016,18,12,30,0,6,0.0
2025-03-01,ST016,PR0017,50,26,24,52,0,15838.68
2025-03-01,ST016,PR0018,12,53,6,59,0,24317.44
2025-03-01,ST016,PR0019,56,28,23,61,0,31099.02
2025-03-01,ST016,PR0020,46,38,24,60,0,24889.8
2025-03-01,ST016,PR0021,63,52,22,93,0,59207.52
2025-03-01,ST016,PR0022,32,0,0,32,0,21578.88
2025-03-01,ST016,PR0023,56,6,26,36,0,23086.44
2025-03-01,ST016,PR0024,51,47,21,77,0,49431.69
2025-03-01,ST016,PR0025,64,7,36,35,0,32835.25
2025-03-01,ST016,PR0026,48,53,6,95,0,76051.3
2025-03-01,ST016,PR0027,49,16,23,42,0,32263.14
2025-03-01,ST016,PR0028,33,17,18,32,0,4604.8
2025-03-01,ST016,PR0029,26,24,23,27,0,6964.11
2025-03-01,ST016,PR0030,48,32,49,31,0,9170.42
2025-03-01,ST016,PR0031,60,5,9,56,0,21386.4
2025-03-01,ST016,PR0032,30,40,27,43,0,18651.68
2025-03-01,ST016,PR0033,17,10,15,12,0,5541.6
2025-03-01,ST016,PR0034,41,32,32,41,0,24846.0
2025-03-01,ST016,PR0035,37,16,45,8,0,4341.84
2025-03-01,ST016,PR0036,38,4,4,38,0,24282.38
2025-03-01,ST016,PR0037,13,44,34,23,0,17717.36
2025-03-01,ST016,PR0038,25,35,23,37,0,28649.1
2025-03-01,ST016,PR0039,43,19,17,45,0,40894.2
2025-03-01,ST016,PR0040,11,28,27,12,0,10559.28
2025-03-01,ST016,PR0041,22,42,16,48,0,47202.72
2025-03-01,ST016,PR0042,28,38,21,45,0,6324.75
2025-03-01,ST016,PR0043,12,31,32,11,0,2238.94
2025-03-01,ST016,PR0044,28,25,23,30,0,7839.3
2025-03-01,ST016,PR0045,31,41,2,70,0,20023.5
2025-03-01,ST016,PR0046,49,46,9,86,0,30731.24
2025-03-01,ST016,PR0047,58,51,34,75,0,28896.75
2025-03-01,ST016,PR0048,20,24,27,17,0,7964.84
2025-03-01,ST016,PR0049,38,23,26,35,0,20973.75
2025-03-01,ST016,PR0050,43,7,3,47,0,27906.25
2025-03-01,ST016,PR0051,49,28,18,59,0,38302.21
2025-03-01,ST016,PR0052,32,39,0,71,0,46676.11
2025-03-01,ST016,PR0053,62,26,23,65,0,47171.15
2025-03-01,ST016,PR0054,32,34,20,46,0,45927.78
2025-03-01,ST016,PR0055,9,19,28,0,7,0.0
2025-03-01,ST016,PR0056,35,11,38,8,0,1420.88
2025-03-01,ST016,PR0057,45,12,18,39,0,7743.84
2025-03-01,ST016,PR0058,65,9,8,66,0,20432.28
2025-03-01,ST016,PR0059,25,53,5,73,0,21686.11
2025-03-01,ST016,PR0060,44,31,19,56,0,21273.84
2025-03-01,ST017,PR0001,63,3,38,28,0,6710.76
2025-03-01,ST017,PR0002,35,9,18,26,0,6039.54
2025-03-01,ST017,PR0003,60,16,6,70,0,21824.6
2025-03-01,ST017,PR0004,32,37,23,46,0,16370.02
2025-03-01,ST017,PR0005,16,33,23,26,0,12922.0
2025-03-01,ST017,PR0006,51,29,27,53,0,29011.14
2025-03-01,ST017,PR0007,32,49,26,55,0,36059.1
2025-03-01,ST017,PR0008,45,4,42,7,0,3685.92
2025-03-01,ST017,PR0009,21,36,21,36,0,23861.88
2025-03-01,ST017,PR0010,28,54,22,60,0,36363.6
2025-03-01,ST017,PR0011,59,27,20,66,0,46914.78
2025-03-01,ST017,PR0012,48,2,0,50,0,42810.0
2025-03-01,ST017,PR0013,42,13,37,18,0,13407.66
2025-03-01,ST017,PR0014,7,52,21,38,0,5723.56
2025-03-01,ST017,PR0015,7,43,44,6,0,1443.54
2025-03-01,ST017,PR0016,52,28,43,37,0,10706.32
2025-03-01,ST017,PR0017,41,9,14,36,0,10965.24
2025-03-01,ST017,PR0018,35,41,24,52,0,21432.32
2025-03-01,ST017,PR0019,58,31,3,86,0,43844.52
2025-03-01,ST017,PR0020,18,51,32,37,0,15348.71
2025-03-01,ST017,PR0021,45,5,42,8,0,5093.12
2025-03-01,ST017,PR0022,21,6,13,14,0,9440.76
2025-03-01,ST017,PR0023,42,1,22,21,0,13467.09
2025-03-01,ST017,PR0024,28,55,35,48,0,30814.56
2025-03-01,ST017,PR0025,6,49,42,13,0,12195.95
2025-03-01,ST017,PR0026,17,47,43,21,0,16811.34
2025-03-01,ST017,PR0027,43,23,17,49,0,37640.33
2025-03-01,ST017,PR0028,52,11,28,35,0,5036.5
2025-03-01,ST017,PR0029,25,7,14,18,0,4642.74
2025-03-01,ST017,PR0030,47,50,24,73,0,21594.86
2025-03-01,ST017,PR0031,19,26,19,26,0,9929.4
2025-03-01,ST017,PR0032,57,21,24,54,0,23423.04
2025-03-01,ST017,PR0033,7,38,45,0,8,0.0
2025-03-01,ST017,PR0034,36,39,27,48,0,29088.0
2025-03-01,ST017,PR0035,59,11,0,70,0,37991.1
2025-03-01,ST017,PR0036,31,46,9,68,0,43452.68
2025-03-01,ST017,PR0037,65,6,17,54,0,41597.28
2025-03-01,ST017,PR0038,9,45,18,36,0,27874.8
2025-03-01,ST017,PR0039,12,6,18,0,2,0.0
2025-03-01,ST017,PR0040,36,42,22,56,0,49276.64
2025-03-01,ST017,PR0041,57,55,19,93,0,91455.27
2025-03-01,ST017,PR0042,7,3,10,0,4,0.0
2025-03-01,ST017,PR0043,42,39,13,68,0,13840.72
2025-03-01,ST017,PR0044,11,55,22,44,0,11497.64
2025-03-01,ST017,PR0045,29,24,9,44,0,12586.2
2025-03-01,ST017,PR0046,59,17,12,64,0,22869.76
2025-03-01,ST017,PR0047,28,1,14,15,0,5779.35
2025-03-01,ST017,PR0048,10,46,13,43,0,20146.36
2025-03-01,ST017,PR0049,36,16,0,52,0,31161.0
2025-03-01,ST017,PR0050,39,38,7,70,0,41562.5
2025-03-01,ST017,PR0051,22,34,40,16,0,10387.04
2025-03-01,ST017,PR0052,26,10,14,22,0,14463.02
2025-03-01,ST017,PR0053,31,37,30,38,0,27576.98
2025-03-01,ST017,PR0054,46,51,22,75,0,74882.25
2025-03-01,ST017,PR0055,24,23,21,26,0,25051.26
2025-03-01,ST017,PR0056,13,24,32,5,0,888.05
2025-03-01,ST017,PR0057,6,15,21,0,2,0.0
2025-03-01,ST017,PR0058,30,43,10,63,0,19503.54
2025-03-01,ST017,PR0059,25,42,21,46,0,13665.22
2025-03-01,ST017,PR0060,58,5,21,42,0,15955.38
2025-03-01,ST018,PR0001,36,18,25,29,0,6950.43
2025-03-01,ST018,PR0002,56,10,31,35,0,8130.15
2025-03-01,ST018,PR0003,42,17,25,34,0,10600.52
2025-03-01,ST018,PR0004,62,9,5,66,0,23487.42
2025-03-01,ST018,PR0005,9,23,25,7,0,3479.0
2025-03-01,ST018,PR0006,19,12,31,0,10,0.0
2025-03-01,ST018,PR0007,24,54,22,56,0,36714.72
2025-03-01,ST018,PR0008,47,46,42,51,0,26854.56
2025-03-01,ST018,PR0009,27,33,12,48,0,31815.84
2025-03-01,ST018,PR0010,8,34,26,16,0,9696.96
2025-03-01,ST018,PR0011,45,49,4,90,0,63974.7
2025-03-01,ST018,PR0012,32,17,40,9,0,7705.8
2025-03-01,ST018,PR0013,18,53,18,53,0,39478.11
2025-03-01,ST018,PR0014,49,5,24,30,0,4518.6
2025-03-01,ST018,PR0015,10,13,23,0,7,0.0
2025-03-01,ST018,PR0016,23,54,7,70,0,20255.2
2025-03-01,ST018,PR0017,44,41,8,77,0,23453.43
2025-03-01,ST018,PR0018,56,47,25,78,0,32148.48
2025-03-01,ST018,PR0019,38,14,33,19,0,9686.58
2025-03-01,ST018,PR0020,21,51,0,72,0,29867.76
2025-03-01,ST018,PR0021,25,41,8,58,0,36925.12
2025-03-01,ST018,PR0022,25,31,29,27,0,18207.18
2025-03-01,ST018,PR0023,34,26,13,47,0,30140.63
2025-03-01,ST018,PR0024,12,50,40,22,0,14123.34
2025-03-01,ST018,PR0025,50,48,40,58,0,54412.7
2025-03-01,ST018,PR0026,41,14,15,40,0,32021.6
2025-03-01,ST018,PR0027,43,22,20,45,0,34567.65
2025-03-01,ST018,PR0028,43,36,9,70,0,10073.0
2025-03-01,ST018,PR0029,32,7,21,18,0,4642.74
2025-03-01,ST018,PR0030,18,51,24,45,0,13311.9
2025-03-01,ST018,PR0031,51,33,0,84,0,32079.6
2025-03-01,ST018,PR0032,55,7,42,20,0,8675.2
2025-03-01,ST018,PR0033,53,45,32,66,0,30478.8
2025-03-01,ST018,PR0034,32,50,42,40,0,24240.0
2025-03-01,ST018,PR0035,14,13,18,9,0,4884.57
2025-03-01,ST018,PR0036,31,4,33,2,6,1278.02
2025-03-01,ST018,PR0037,23,31,25,29,0,22339.28
2025-03-01,ST018,PR0038,36,4,40,0,6,0.0
2025-03-01,ST018,PR0039,34,6,11,29,0,26354.04
2025-03-01,ST018,PR0040,52,19,25,46,0,40477.24
2025-03-01,ST018,PR0041,58,39,20,77,0,75721.03
2025-03-01,ST018,PR0042,16,37,28,25,0,3513.75
2025-03-01,ST018,PR0043,38,36,36,38,0,7734.52
2025-03-01,ST018,PR0044,32,9,25,16,0,4180.96
2025-03-01,ST018,PR0045,56,21,30,47,0,13444.35
2025-03-01,ST018,PR0046,49,17,1,65,0,23227.1
2025-03-01,ST018,PR0047,36,52,29,59,0,22732.11
2025-03-01,ST018,PR0048,8,33,33,8,0,3748.16
2025-03-01,ST018,PR0049,45,24,1,68,0,40749.0
2025-03-01,ST018,PR0050,49,9,0,58,0,34437.5
2025-03-01,ST018,PR0051,12,35,29,18,0,11685.42
2025-03-01,ST018,PR0052,49,50,59,40,0,26296.4
2025-03-01,ST018,PR0053,21,9,20,10,0,7257.1
2025-03-01,ST018,PR0054,65,40,17,88,0,87861.84
2025-03-01,ST018,PR0055,25,44,0,69,0,66482.19
2025-03-01,ST018,PR0056,10,21,16,15,0,2664.15
2025-03-01,ST018,PR0057,18,37,29,26,0,5162.56
2025-03-01,ST018,PR0058,30,25,41,14,0,4334.12
2025-03-01,ST018,PR0059,8,42,16,34,0,10100.38
2025-03-01,ST018,PR0060,62,17,20,59,0,22413.51
2025-03-01,ST019,PR0001,34,20,1,53,0,12702.51
2025-03-01,ST019,PR0002,34,55,24,65,0,15098.85
2025-03-01,ST019,PR0003,36,42,30,48,0,14965.44
2025-03-01,ST019,PR0004,17,4,15,6,0,2135.22
2025-03-01,ST019,PR0005,8,14,22,0,10,0.0
2025-03-01,ST019,PR0006,63,19,19,63,0,34484.94
2025-03-01,ST019,PR0007,5,18,12,11,0,7211.82
2025-03-01,ST019,PR0008,11,4,0,15,0,7898.4
2025-03-01,ST019,PR0009,61,36,27,70,0,46398.1
2025-03-01,ST019,PR0010,44,30,9,65,0,39393.9
2025-03-01,ST019,PR0011,10,24,18,16,0,11373.28
2025-03-01,ST019,PR0012,30,43,20,53,0,45378.6
2025-03-01,ST019,PR0013,23,9,23,9,0,6703.83
2025-03-01,ST019,PR0014,12,16,23,5,0,753.1
2025-03-01,ST019,PR0015,48,2,20,30,0,7217.7
2025-03-01,ST019,PR0016,6,4,10,0,12,0.0
2025-03-01,ST019,PR0017,53,24,14,63,0,19189.17
2025-03-01,ST019,PR0018,14,30,37,7,0,2885.12
2025-03-01,ST019,PR0019,7,23,22,8,0,4078.56
2025-03-01,ST019,PR0020,22,6,7,21,0,8711.43
2025-03-01,ST019,PR0021,24,46,30,40,0,25465.6
2025-03-01,ST019,PR0022,44,35,14,65,0,43832.1
2025-03-01,ST019,PR0023,48,33,4,77,0,49379.33
2025-03-01,ST019,PR0024,18,48,12,54,0,34666.38
2025-03-01,ST019,PR0025,40,37,18,59,0,55350.85
2025-03-01,ST019,PR0026,64,22,15,71,0,56838.34
2025-03-01,ST019,PR0027,29,37,22,44,0,33799.48
2025-03-01,ST019,PR0028,24,1,12,13,0,1870.7
2025-03-01,ST019,PR0029,21,26,0,47,0,12122.71
2025-03-01,ST019,PR0030,23,44,6,61,0,18045.02
2025-03-01,ST019,PR0031,18,20,15,23,0,8783.7
2025-03-01,ST019,PR0032,47,40,10,77,0,33399.52
2025-03-01,ST019,PR0033,24,52,12,64,0,29555.2
2025-03-01,ST019,PR0034,49,6,29,26,0,15756.0
2025-03-01,ST019,PR0035,28,35,11,52,0,28221.96
2025-03-01,ST019,PR0036,35,1,16,20,0,12780.2
2025-03-01,ST019,PR0037,37,8,0,45,0,34664.4
2025-03-01,ST019,PR0038,17,0,15,2,7,1548.6
2025-03-01,ST019,PR0039,5,19,10,14,0,12722.64
2025-03-01,ST019,PR0040,51,53,26,78,0,68635.32
2025-03-01,ST019,PR0041,6,50,12,44,0,43269.16
2025-03-01,ST019,PR0042,55,26,34,47,0,6605.85
2025-03-01,ST019,PR0043,24,27,23,28,0,5699.12
2025-03-01,ST019,PR0044,28,30,15,43,0,11236.33
2025-03-01,ST019,PR0045,60,54,21,93,0,26602.65
2025-03-01,ST019,PR0046,11,20,20,11,0,3930.74
2025-03-01,ST019,PR0047,14,45,26,33,0,12714.57
2025-03-01,ST019,PR0048,24,0,21,3,0,1405.56
2025-03-01,ST019,PR0049,35,15,28,22,0,13183.5
2025-03-01,ST019,PR0050,45,37,29,53,0,31468.75
2025-03-01,ST019,PR0051,32,54,25,61,0,39600.59
2025-03-01,ST019,PR0052,61,18,11,68,0,44703.88
2025-03-01,ST019,PR0053,27,49,36,40,0,29028.4
2025-03-01,ST019,PR0054,61,24,13,72,0,71886.96
2025-03-01,ST019,PR0055,24,32,23,33,0,31795.83
2025-03-01,ST019,PR0056,5,13,14,4,0,710.44
2025-03-01,ST019,PR0057,17,51,14,54,0,10722.24
2025-03-01,ST019,PR0058,65,34,3,96,0,29719.68
2025-03-01,ST019,PR0059,47,22,34,35,0,10397.45
2025-03-01,ST019,PR0060,27,35,18,44,0,16715.16
2025-03-01,ST020,PR0001,21,39,18,42,0,10066.14
2025-03-01,ST020,PR0002,23,17,23,17,0,3948.93
2025-03-01,ST020,PR0003,4,45,41,8,0,2494.24
2025-03-01,ST020,PR0004,53,51,9,95,0,33807.65
2025-03-01,ST020,PR0005,15,39,11,43,0,21371.0
2025-03-01,ST020,PR0006,49,28,44,33,0,18063.54
2025-03-01,ST020,PR0007,54,30,19,65,0,42615.3
2025-03-01,ST020,PR0008,35,1,36,0,10,0.0
2025-03-01,ST020,PR0009,27,13,23,17,0,11268.11
2025-03-01,ST020,PR0010,38,10,25,23,0,13939.38
2025-03-01,ST020,PR0011,39,23,10,52,0,36963.16
2025-03-01,ST020,PR0012,24,34,7,51,0,43666.2
2025-03-01,ST020,PR0013,30,32,11,51,0,37988.37
2025-03-01,ST020,PR0014,36,16,16,36,0,5422.32
2025-03-01,ST020,PR0015,65,31,24,72,0,17322.48
2025-03-01,ST020,PR0016,17,2,15,4,0,1157.44
2025-03-01,ST020,PR0017,4,36,22,18,0,5482.62
2025-03-01,ST020,PR0018,28,44,3,69,0,28439.04
2025-03-01,ST020,PR0019,50,30,21,59,0,30079.38
2025-03-01,ST020,PR0020,63,52,0,115,0,47705.45
2025-03-01,ST020,PR0021,47,50,16,81,0,51567.84
2025-03-01,ST020,PR0022,13,30,25,18,0,12138.12
2025-03-01,ST020,PR0023,58,17,14,61,0,39118.69
2025-03-01,ST020,PR0024,26,49,42,33,0,21185.01
2025-03-01,ST020,PR0025,5,13,18,0,7,0.0
2025-03-01,ST020,PR0026,60,4,30,34,0,27218.36
2025-03-01,ST020,PR0027,22,21,39,4,0,3072.68
2025-03-01,ST020,PR0028,56,5,13,48,0,6907.2
2025-03-01,ST020,PR0029,60,53,25,88,0,22697.84
2025-03-01,ST020,PR0030,9,19,8,20,0,5916.4
2025-03-01,ST020,PR0031,22,11,33,0,2,0.0
2025-03-01,ST020,PR0032,13,29,16,26,0,11277.76
2025-03-01,ST020,PR0033,36,26,15,47,0,21704.6
2025-03-01,ST020,PR0034,28,49,19,58,0,35148.0
2025-03-01,ST020,PR0035,58,51,21,88,0,47760.24
2025-03-01,ST020,PR0036,53,25,24,54,0,34506.54
2025-03-01,ST020,PR0037,30,1,22,9,0,6932.88
2025-03-01,ST020,PR0038,35,21,26,30,0,23229.0
2025-03-01,ST020,PR0039,12,55,24,43,0,39076.68
2025-03-01,ST020,PR0040,14,30,40,4,0,3519.76
2025-03-01,ST020,PR0041,34,50,13,71,0,69820.69
2025-03-01,ST020,PR0042,34,36,24,46,0,6465.3
2025-03-01,ST020,PR0043,13,9,22,0,7,0.0
2025-03-01,ST020,PR0044,9,49,28,30,0,7839.3
2025-03-01,ST020,PR0045,14,34,8,40,0,11442.0
2025-03-01,ST020,PR0046,59,23,37,45,0,16080.3
2025-03-01,ST020,PR0047,61,38,26,73,0,28126.17
2025-03-01,ST020,PR0048,14,4,4,14,0,6559.28
2025-03-01,ST020,PR0049,37,49,39,47,0,28164.75
2025-03-01,ST020,PR0050,54,45,7,92,0,54625.0
2025-03-01,ST020,PR0051,58,29,29,58,0,37653.02
2025-03-01,ST020,PR0052,35,8,37,6,0,3944.46
2025-03-01,ST020,PR0053,17,6,23,0,7,0.0
2025-03-01,ST020,PR0054,65,52,21,96,0,95849.28
2025-03-01,ST020,PR0055,43,18,37,24,0,23124.24
2025-03-01,ST020,PR0056,31,37,19,49,0,8702.89
2025-03-01,ST020,PR0057,44,0,15,29,0,5758.24
2025-03-01,ST020,PR0058,4,42,16,30,0,9287.4
2025-03-01,ST020,PR0059,15,11,26,0,11,0.0
2025-03-01,ST020,PR0060,7,47,6,48,0,18234.72
2025-03-01,ST021,PR0001,44,37,22,59,0,14140.53
2025-03-01,ST021,PR0002,35,52,6,81,0,18815.49
2025-03-01,ST021,PR0003,42,16,0,58,0,18083.24
2025-03-01,ST021,PR0004,6,1,5,2,9,711.74
2025-03-01,ST021,PR0005,21,38,29,30,0,14910.0
2025-03-01,ST021,PR0006,40,46,45,41,0,22442.58
2025-03-01,ST021,PR0007,19,19,15,23,0,15079.26
2025-03-01,ST021,PR0008,31,12,43,0,4,0.0
2025-03-01,ST021,PR0009,19,18,12,25,0,16570.75
2025-03-01,ST021,PR0010,10,7,5,12,0,7272.72
2025-03-01,ST021,PR0011,34,2,17,19,0,13505.77
2025-03-01,ST021,PR0012,17,48,20,45,0,38529.0
2025-03-01,ST021,PR0013,51,9,11,49,0,36498.63
2025-03-01,ST021,PR0014,54,7,20,41,0,6175.42
2025-03-01,ST021,PR0015,38,24,37,25,0,6014.75
2025-03-01,ST021,PR0016,57,25,34,48,0,13889.28
2025-03-01,ST021,PR0017,51,49,24,76,0,23148.84
2025-03-01,ST021,PR0018,58,55,28,85,0,35033.6
2025-03-01,ST021,PR0019,37,23,39,21,0,10706.22
2025-03-01,ST021,PR0020,44,5,33,16,0,6637.28
2025-03-01,ST021,PR0021,15,50,36,29,0,18462.56
2025-03-01,ST021,PR0022,58,35,15,78,0,52598.52
2025-03-01,ST021,PR0023,45,37,22,60,0,38477.4
2025-03-01,ST021,PR0024,58,29,13,74,0,47505.78
2025-03-01,ST021,PR0025,33,27,5,55,0,51598.25
2025-03-01,ST021,PR0026,16,52,13,55,0,44029.7
2025-03-01,ST021,PR0027,59,28,28,59,0,45322.03
2025-03-01,ST021,PR0028,16,18,13,21,0,3021.9
2025-03-01,ST021,PR0029,6,24,6,24,0,6190.32
2025-03-01,ST021,PR0030,11,24,35,0,6,0.0
2025-03-01,ST021,PR0031,39,47,20,66,0,25205.4
2025-03-01,ST021,PR0032,19,4,23,0,7,0.0
2025-03-01,ST021,PR0033,38,20,28,30,0,13854.0
2025-03-01,ST021,PR0034,14,2,16,0,10,0.0
2025-03-01,ST021,PR0035,34,43,40,37,0,20081.01
2025-03-01,ST021,PR0036,42,12,20,34,0,21726.34
2025-03-01,ST021,PR0037,46,37,21,62,0,47759.84
2025-03-01,ST021,PR0038,60,9,16,53,0,41037.9
2025-03-01,ST021,PR0039,48,40,23,65,0,59069.4
2025-03-01,ST021,PR0040,8,8,5,11,0,9679.34
2025-03-01,ST021,PR0041,10,50,29,31,0,30485.09
2025-03-01,ST021,PR0042,57,30,19,68,0,9557.4
2025-03-01,ST021,PR0043,43,23,37,29,0,5902.66
2025-03-01,ST021,PR0044,35,31,16,50,0,13065.5
2025-03-01,ST021,PR0045,14,49,18,45,0,12872.25
2025-03-01,ST021,PR0046,5,37,18,24,0,8576.16
2025-03-01,ST021,PR0047,27,38,33,32,0,12329.28
2025-03-01,ST021,PR0048,31,30,19,42,0,19677.84
2025-03-01,ST021,PR0049,6,10,16,0,9,0.0
2025-03-01,ST021,PR0050,26,19,37,8,0,4750.0
2025-03-01,ST021,PR0051,59,25,35,49,0,31810.31
2025-03-01,ST021,PR0052,15,18,33,0,6,0.0
2025-03-01,ST021,PR0053,38,15,20,33,0,23948.43
2025-03-01,ST021,PR0054,23,43,24,42,0,41934.06
2025-03-01,ST021,PR0055,65,2,20,47,0,45284.97
2025-03-01,ST021,PR0056,38,40,11,67,0,11899.87
2025-03-01,ST021,PR0057,7,9,16,0,5,0.0
2025-03-01,ST021,PR0058,65,38,43,60,0,18574.8
2025-03-01,ST021,PR0059,58,52,8,102,0,30301.14
2025-03-01,ST021,PR0060,9,12,21,0,2,0.0
2025-03-01,ST022,PR0001,4,21,22,3,0,719.01
2025-03-01,ST022,PR0002,36,51,4,83,0,19280.07
2025-03-01,ST022,PR0003,35,30,10,55,0,17147.9
2025-03-01,ST022,PR0004,53,46,25,74,0,26334.38
2025-03-01,ST022,PR0005,23,37,15,45,0,22365.0
2025-03-01,ST022,PR0006,28,48,10,66,0,36127.08
2025-03-01,ST022,PR0007,24,4,18,10,0,6556.2
2025-03-01,ST022,PR0008,54,44,24,74,0,38965.44
2025-03-01,ST022,PR0009,51,4,10,45,0,29827.35
2025-03-01,ST022,PR0010,61,22,49,34,0,20606.04
2025-03-01,ST022,PR0011,65,54,23,96,0,68239.68
2025-03-01,ST022,PR0012,23,24,37,10,0,8562.0
2025-03-01,ST022,PR0013,52,35,25,62,0,46181.94
2025-03-01,ST022,PR0014,6,42,23,25,0,3765.5
2025-03-01,ST022,PR0015,7,17,24,0,3,0.0
2025-03-01,ST022,PR0016,56,42,33,65,0,18808.4
2025-03-01,ST022,PR0017,13,3,16,0,9,0.0
2025-03-01,ST022,PR0018,44,33,0,77,0,31736.32
2025-03-01,ST022,PR0019,29,22,9,42,0,21412.44
2025-03-01,ST022,PR0020,23,19,42,0,7,0.0
2025-03-01,ST022,PR0021,16,25,29,12,0,7639.68
2025-03-01,ST022,PR0022,9,49,13,45,0,30345.3
2025-03-01,ST022,PR0023,30,26,17,39,0,25010.31
2025-03-01,ST022,PR0024,25,6,31,0,7,0.0
2025-03-01,ST022,PR0025,26,42,27,41,0,38464.15
2025-03-01,ST022,PR0026,30,10,10,30,0,24016.2
2025-03-01,ST022,PR0027,29,54,32,51,0,39176.67
2025-03-01,ST022,PR0028,20,1,17,4,0,575.6
2025-03-01,ST022,PR0029,25,32,21,36,0,9285.48
2025-03-01,ST022,PR0030,39,44,12,71,0,21003.22
2025-03-01,ST022,PR0031,41,45,13,73,0,27878.7
2025-03-01,ST022,PR0032,44,2,18,28,0,12145.28
2025-03-01,ST022,PR0033,61,18,5,74,0,34173.2
2025-03-01,ST022,PR0034,11,7,18,0,10,0.0
2025-03-01,ST022,PR0035,6,43,0,49,0,26593.77
2025-03-01,ST022,PR0036,26,3,23,6,0,3834.06
2025-03-01,ST022,PR0037,52,53,30,75,0,57774.0
2025-03-01,ST022,PR0038,48,52,0,100,0,77430.0
2025-03-01,ST022,PR0039,23,55,13,65,0,59069.4
2025-03-01,ST022,PR0040,38,30,35,33,0,29038.02
2025-03-01,ST022,PR0041,44,44,22,66,0,64903.74
2025-03-01,ST022,PR0042,8,5,13,0,6,0.0
2025-03-01,ST022,PR0043,45,43,20,68,0,13840.72
2025-03-01,ST022,PR0044,7,12,19,0,8,0.0
2025-03-01,ST022,PR0045,15,31,23,23,0,6579.15
2025-03-01,ST022,PR0046,63,44,23,84,0,30016.56
2025-03-01,ST022,PR0047,18,46,19,45,0,17338.05
2025-03-01,ST022,PR0048,50,44,12,82,0,38418.64
2025-03-01,ST022,PR0049,8,51,20,39,0,23370.75
2025-03-01,ST022,PR0050,47,11,39,19,0,11281.25
2025-03-01,ST022,PR0051,8,5,13,0,2,0.0
2025-03-01,ST022,PR0052,42,1,13,30,0,19722.3
2025-03-01,ST022,PR0053,25,29,18,36,0,26125.56
2025-03-01,ST022,PR0054,32,1,33,0,11,0.0
2025-03-01,ST022,PR0055,9,31,35,5,0,4817.55
2025-03-01,ST022,PR0056,35,6,41,0,12,0.0
2025-03-01,ST022,PR0057,59,31,26,64,0,12707.84
2025-03-01,ST022,PR0058,51,35,28,58,0,17955.64
2025-03-01,ST022,PR0059,57,5,5,57,0,16932.99
2025-03-01,ST022,PR0060,25,28,13,40,0,15195.6
2025-03-01,ST023,PR0001,42,16,17,41,0,9826.47
2025-03-01,ST023,PR0002,4,35,11,28,0,6504.12
2025-03-01,ST023,PR0003,40,53,30,63,0,19642.14
2025-03-01,ST023,PR0004,11,34,20,25,0,8896.75
2025-03-01,ST023,PR0005,19,29,23,25,0,12425.0
2025-03-01,ST023,PR0006,16,45,27,34,0,18610.92
2025-03-01,ST023,PR0007,52,11,8,55,0,36059.1
2025-03-01,ST023,PR0008,58,23,26,55,0,28960.8
2025-03-01,ST023,PR0009,12,6,18,0,12,0.0
2025-03-01,ST023,PR0010,5,3,8,0,11,0.0
2025-03-01,ST023,PR0011,30,40,19,51,0,36252.33
2025-03-01,ST023,PR0012,36,29,0,65,0,55653.0
2025-03-01,ST023,PR0013,23,22,2,43,0,32029.41
2025-03-01,ST023,PR0014,63,54,22,95,0,14308.9
2025-03-01,ST023,PR0015,64,29,21,72,0,17322.48
2025-03-01,ST023,PR0016,61,8,40,29,0,8391.44
2025-03-01,ST023,PR0017,51,14,9,56,0,17057.04
2025-03-01,ST023,PR0018,29,28,27,30,0,12364.8
2025-03-01,ST023,PR0019,30,27,8,49,0,24981.18
2025-03-01,ST023,PR0020,15,24,23,16,0,6637.28
2025-03-01,ST023,PR0021,28,49,22,55,0,35015.2
2025-03-01,ST023,PR0022,61,10,24,47,0,31693.98
2025-03-01,ST023,PR0023,58,28,13,73,0,46814.17
2025-03-01,ST023,PR0024,32,23,22,33,0,21185.01
2025-03-01,ST023,PR0025,38,17,28,27,0,25330.05
2025-03-01,ST023,PR0026,30,11,17,24,0,19212.96
2025-03-01,ST023,PR0027,13,31,9,35,0,26885.95
2025-03-01,ST023,PR0028,9,2,11,0,8,0.0
2025-03-01,ST023,PR0029,24,42,3,63,0,16249.59
2025-03-01,ST023,PR0030,23,35,39,19,0,5620.58
2025-03-01,ST023,PR0031,44,17,19,42,0,16039.8
2025-03-01,ST023,PR0032,8,14,22,0,7,0.0
2025-03-01,ST023,PR0033,35,53,19,69,0,31864.2
2025-03-01,ST023,PR0034,45,51,23,73,0,44238.0
2025-03-01,ST023,PR0035,33,16,20,29,0,15739.17
2025-03-01,ST023,PR0036,60,4,0,64,0,40896.64
2025-03-01,ST023,PR0037,8,2,10,0,2,0.0
2025-03-01,ST023,PR0038,48,45,31,62,0,48006.6
2025-03-01,ST023,PR0039,38,24,10,52,0,47255.52
2025-03-01,ST023,PR0040,64,38,17,85,0,74794.9
2025-03-01,ST023,PR0041,41,31,23,49,0,48186.11
2025-03-01,ST023,PR0042,25,28,17,36,0,5059.8
2025-03-01,ST023,PR0043,22,42,18,46,0,9362.84
2025-03-01,ST023,PR0044,24,26,14,36,0,9407.16
2025-03-01,ST023,PR0045,12,19,31,0,12,0.0
2025-03-01,ST023,PR0046,6,0,6,0,7,0.0
2025-03-01,ST023,PR0047,14,51,35,30,0,11558.7
2025-03-01,ST023,PR0048,23,51,33,41,0,19209.32
2025-03-01,ST023,PR0049,48,21,31,38,0,22771.5
2025-03-01,ST023,PR0050,64,30,14,80,0,47500.0
2025-03-01,ST023,PR0051,63,46,18,91,0,59076.29
2025-03-01,ST023,PR0052,38,52,13,77,0,50620.57
2025-03-01,ST023,PR0053,57,55,28,84,0,60959.64
2025-03-01,ST023,PR0054,43,17,28,32,0,31949.76
2025-03-01,ST023,PR0055,59,23,29,53,0,51066.03
2025-03-01,ST023,PR0056,51,46,19,78,0,13853.58
2025-03-01,ST023,PR0057,42,11,0,53,0,10523.68
2025-03-01,ST023,PR0058,51,42,26,67,0,20741.86
2025-03-01,ST023,PR0059,14,46,31,29,0,8615.03
2025-03-01,ST023,PR0060,5,3,8,0,12,0.0
2025-03-01,ST024,PR0001,29,15,26,18,0,4314.06
2025-03-01,ST024,PR0002,45,53,12,86,0,19976.94
2025-03-01,ST024,PR0003,14,18,19,13,0,4053.14
2025-03-01,ST024,PR0004,55,41,28,68,0,24199.16
2025-03-01,ST024,PR0005,44,30,27,47,0,23359.0
2025-03-01,ST024,PR0006,11,0,1,10,0,5473.8
2025-03-01,ST024,PR0007,59,22,29,52,0,34092.24
2025-03-01,ST024,PR0008,13,35,2,46,0,24221.76
2025-03-01,ST024,PR0009,61,15,8,68,0,45072.44
2025-03-01,ST024,PR0010,11,31,24,18,0,10909.08
2025-03-01,ST024,PR0011,49,27,20,56,0,39806.48
2025-03-01,ST024,PR0012,33,0,11,22,0,18836.4
2025-03-01,ST024,PR0013,15,49,37,27,0,20111.49
2025-03-01,ST024,PR0014,25,21,31,15,0,2259.3
2025-03-01,ST024,PR0015,49,16,12,53,0,12751.27
2025-03-01,ST024,PR0016,55,51,24,82,0,23727.52
2025-03-01,ST024,PR0017,24,45,35,34,0,10356.06
2025-03-01,ST024,PR0018,44,12,43,13,0,5358.08
2025-03-01,ST024,PR0019,56,13,33,36,0,18353.52
2025-03-01,ST024,PR0020,64,54,20,98,0,40653.34
2025-03-01,ST024,PR0021,65,55,28,92,0,58570.88
2025-03-01,ST024,PR0022,47,6,38,15,0,10115.1
2025-03-01,ST024,PR0023,36,18,21,33,0,21162.57
2025-03-01,ST024,PR0024,30,13,22,21,0,13481.37
2025-03-01,ST024,PR0025,23,37,7,53,0,49721.95
2025-03-01,ST024,PR0026,9,54,18,45,0,36024.3
2025-03-01,ST024,PR0027,31,13,19,25,0,19204.25
2025-03-01,ST024,PR0028,5,28,21,12,0,1726.8
2025-03-01,ST024,PR0029,46,49,0,95,0,24503.35
2025-03-01,ST024,PR0030,48,48,0,96,0,28398.72
2025-03-01,ST024,PR0031,52,49,15,86,0,32843.4
2025-03-01,ST024,PR0032,40,23,15,48,0,20820.48
2025-03-01,ST024,PR0033,14,51,20,45,0,20781.0
2025-03-01,ST024,PR0034,10,45,32,23,0,13938.0
2025-03-01,ST024,PR0035,10,15,25,0,3,0.0
2025-03-01,ST024,PR0036,44,22,34,32,0,20448.32
2025-03-01,ST024,PR0037,59,11,9,61,0,46989.52
2025-03-01,ST024,PR0038,28,10,13,25,0,19357.5
2025-03-01,ST024,PR0039,63,51,20,94,0,85423.44
2025-03-01,ST024,PR0040,34,27,23,38,0,33437.72
2025-03-01,ST024,PR0041,24,23,25,22,0,21634.58
2025-03-01,ST024,PR0042,61,52,21,92,0,12930.6
2025-03-01,ST024,PR0043,19,18,0,37,0,7530.98
2025-03-01,ST024,PR0044,60,16,36,40,0,10452.4
2025-03-01,ST024,PR0045,63,33,28,68,0,19451.4
2025-03-01,ST024,PR0046,63,50,27,86,0,30731.24
2025-03-01,ST024,PR0047,47,52,11,88,0,33905.52
2025-03-01,ST024,PR0048,44,31,46,29,0,13587.08
2025-03-01,ST024,PR0049,50,33,25,58,0,34756.5
2025-03-01,ST024,PR0050,64,44,0,108,0,64125.0
2025-03-01,ST024,PR0051,4,9,13,0,11,0.0
2025-03-01,ST024,PR0052,5,51,22,34,0,22351.94
2025-03-01,ST024,PR0053,9,20,7,22,0,15965.62
2025-03-01,ST024,PR0054,13,37,18,32,0,31949.76
2025-03-01,ST024,PR0055,54,43,28,69,0,66482.19
2025-03-01,ST024,PR0056,65,31,16,80,0,14208.8
2025-03-01,ST024,PR0057,63,19,18,64,0,12707.84
2025-03-01,ST024,PR0058,59,3,19,43,0,13311.94
2025-03-01,ST024,PR0059,39,50,32,57,0,16932.99
2025-03-01,ST024,PR0060,61,6,43,24,0,9117.36
2025-04-01,ST001,PR0001,14,50,37,27,0,6471.09
2025-04-01,ST001,PR0002,13,23,4,32,0,7433.28
2025-04-01,ST001,PR0003,13,22,22,13,0,4053.14
2025-04-01,ST001,PR0004,30,31,31,30,0,10676.1
2025-04-01,ST001,PR0005,17,45,23,39,0,19383.0
2025-04-01,ST001,PR0006,59,20,43,36,0,19705.68
2025-04-01,ST001,PR0007,25,52,12,65,0,42615.3
2025-04-01,ST001,PR0008,14,36,16,34,0,17903.04
2025-04-01,ST001,PR0009,14,19,33,0,8,0.0
2025-04-01,ST001,PR0010,44,17,29,32,0,19393.92
2025-04-01,ST001,PR0011,21,9,14,16,0,11373.28
2025-04-01,ST001,PR0012,25,51,3,73,0,62502.6
2025-04-01,ST001,PR0013,26,37,27,36,0,26815.32
2025-04-01,ST001,PR0014,38,32,27,43,0,6476.66
2025-04-01,ST001,PR0015,31,15,25,21,0,5052.39
2025-04-01,ST001,PR0016,13,27,23,17,0,4919.12
2025-04-01,ST001,PR0017,30,24,12,42,0,12792.78
2025-04-01,ST001,PR0018,55,9,11,53,0,21844.48
2025-04-01,ST001,PR0019,49,24,31,42,0,21412.44
2025-04-01,ST001,PR0020,62,42,31,73,0,30282.59
2025-04-01,ST001,PR0021,52,8,18,42,0,26738.88
2025-04-01,ST001,PR0022,12,4,2,14,0,9440.76
2025-04-01,ST001,PR0023,35,35,14,56,0,35912.24
2025-04-01,ST001,PR0024,64,15,6,73,0,46863.81
2025-04-01,ST001,PR0025,11,7,18,0,3,0.0
2025-04-01,ST001,PR0026,54,7,41,20,0,16010.8
2025-04-01,ST001,PR0027,12,27,29,10,0,7681.7
2025-04-01,ST001,PR0028,15,2,17,0,8,0.0
2025-04-01,ST001,PR0029,16,34,35,15,0,3868.95
2025-04-01,ST001,PR0030,46,47,7,86,0,25440.52
2025-04-01,ST001,PR0031,44,47,33,58,0,22150.2
2025-04-01,ST001,PR0032,7,22,13,16,0,6940.16
2025-04-01,ST001,PR0033,62,26,20,68,0,31402.4
2025-04-01,ST001,PR0034,26,37,4,59,0,35754.0
2025-04-01,ST001,PR0035,61,11,28,44,0,23880.12
2025-04-01,ST001,PR0036,43,27,41,29,0,18531.29
2025-04-01,ST001,PR0037,62,4,35,31,0,23879.92
2025-04-01,ST001,PR0038,64,52,22,94,0,72784.2
2025-04-01,ST001,PR0039,54,35,40,49,0,44529.24
2025-04-01,ST001,PR0040,12,12,23,1,7,879.94
2025-04-01,ST001,PR0041,26,38,23,41,0,40318.99
2025-04-01,ST001,PR0042,61,6,24,43,0,6043.65
2025-04-01,ST001,PR0043,11,14,17,8,0,1628.32
2025-04-01,ST001,PR0044,33,28,22,39,0,10191.09
2025-04-01,ST001,PR0045,6,4,10,0,4,0.0
2025-04-01,ST001,PR0046,44,34,34,44,0,15722.96
2025-04-01,ST001,PR0047,50,46,28,68,0,26199.72
2025-04-01,ST001,PR0048,10,1,9,2,6,937.04
2025-04-01,ST001,PR0049,59,51,29,81,0,48539.25
2025-04-01,ST001,PR0050,38,39,20,57,0,33843.75
2025-04-01,ST001,PR0051,37,27,36,28,0,18177.32
2025-04-01,ST001,PR0052,56,49,29,76,0,49963.16
2025-04-01,ST001,PR0053,9,28,34,3,0,2177.13
2025-04-01,ST001,PR0054,32,7,28,11,0,10982.73
2025-04-01,ST001,PR0055,47,53,5,95,0,91533.45
2025-04-01,ST001,PR0056,23,48,21,50,0,8880.5
2025-04-01,ST001,PR0057,19,21,7,33,0,6552.48
2025-04-01,ST001,PR0058,41,6,16,31,0,9596.98
2025-04-01,ST001,PR0059,56,7,4,59,0,17527.13
2025-04-01,ST001,PR0060,62,50,22,90,0,34190.1
2025-04-01,ST002,PR0001,36,2,27,11,0,2636.37
2025-04-01,ST002,PR0002,23,54,33,44,0,10220.76
2025-04-01,ST002,PR0003,20,26,36,10,0,3117.8
2025-04-01,ST002,PR0004,13,2,15,0,7,0.0
2025-04-01,ST002,PR0005,41,3,6,38,0,18886.0
2025-04-01,ST002,PR0006,17,45,22,40,0,21895.2
2025-04-01,ST002,PR0007,15,40,10,45,0,29502.9
2025-04-01,ST002,PR0008,22,14,11,25,0,13164.0
2025-04-01,ST002,PR0009,58,17,12,63,0,41758.29
2025-04-01,ST002,PR0010,25,4,13,16,0,9696.96
2025-04-01,ST002,PR0011,25,33,38,20,0,14216.6
2025-04-01,ST002,PR0012,12,28,40,0,3,0.0
2025-04-01,ST002,PR0013,17,10,8,19,0,14152.53
2025-04-01,ST002,PR0014,59,5,5,59,0,8886.58
2025-04-01,ST002,PR0015,20,28,3,45,0,10826.55
2025-04-01,ST002,PR0016,34,7,28,13,0,3761.68
2025-04-01,ST002,PR0017,7,52,22,37,0,11269.83
2025-04-01,ST002,PR0018,8,41,32,17,0,7006.72
2025-04-01,ST002,PR0019,47,55,24,78,0,39765.96
2025-04-01,ST002,PR0020,43,27,2,68,0,28208.44
2025-04-01,ST002,PR0021,60,53,19,94,0,59844.16
2025-04-01,ST002,PR0022,10,36,0,46,0,31019.64
2025-04-01,ST002,PR0023,18,50,25,43,0,27575.47
2025-04-01,ST002,PR0024,7,29,7,29,0,18617.13
2025-04-01,ST002,PR0025,39,15,6,48,0,45031.2
2025-04-01,ST002,PR0026,44,6,28,22,0,17611.88
2025-04-01,ST002,PR0027,15,35,50,0,7,0.0
2025-04-01,ST002,PR0028,40,28,34,34,0,4892.6
2025-04-01,ST002,PR0029,26,16,20,22,0,5674.46
2025-04-01,ST002,PR0030,48,48,12,84,0,24848.88
2025-04-01,ST002,PR0031,62,0,6,56,0,21386.4
2025-04-01,ST002,PR0032,60,9,7,62,0,26893.12
2025-04-01,ST002,PR0033,55,37,35,57,0,26322.6
2025-04-01,ST002,PR0034,30,17,29,18,0,10908.0
2025-04-01,ST002,PR0035,27,26,17,36,0,19538.28
2025-04-01,ST002,PR0036,25,9,27,7,0,4473.07
2025-04-01,ST002,PR0037,45,26,14,57,0,43908.24
2025-04-01,ST002,PR0038,55,52,21,86,0,66589.8
2025-04-01,ST002,PR0039,4,9,13,0,2,0.0
2025-04-01,ST002,PR0040,40,51,29,62,0,54556.28
2025-04-01,ST002,PR0041,41,45,33,53,0,52119.67
2025-04-01,ST002,PR0042,48,30,24,54,0,7589.7
2025-04-01,ST002,PR0043,28,44,26,46,0,9362.84
2025-04-01,ST002,PR0044,17,4,21,0,6,0.0
2025-04-01,ST002,PR0045,33,52,11,74,0,21167.7
2025-04-01,ST002,PR0046,42,25,31,36,0,12864.24
2025-04-01,ST002,PR0047,25,40,12,53,0,20420.37
2025-04-01,ST002,PR0048,59,51,16,94,0,44040.88
2025-04-01,ST002,PR0049,56,15,36,35,0,20973.75
2025-04-01,ST002,PR0050,35,30,21,44,0,26125.0
2025-04-01,ST002,PR0051,14,55,1,68,0,44144.92
2025-04-01,ST002,PR0052,56,46,8,94,0,61796.54
2025-04-01,ST002,PR0053,4,37,13,28,0,20319.88
2025-04-01,ST002,PR0054,10,29,27,12,0,11981.16
2025-04-01,ST002,PR0055,56,7,38,25,0,24087.75
2025-04-01,ST002,PR0056,65,48,20,93,0,16517.73
2025-04-01,ST002,PR0057,8,33,14,27,0,5361.12
2025-04-01,ST002,PR0058,48,51,38,61,0,18884.38
2025-04-01,ST002,PR0059,60,44,19,85,0,25250.95
2025-04-01,ST002,PR0060,31,37,0,68,0,25832.52
2025-04-01,ST003,PR0001,10,5,15,0,5,0.0
2025-04-01,ST003,PR0002,47,52,7,92,0,21370.68
2025-04-01,ST003,PR0003,55,10,11,54,0,16836.12
2025-04-01,ST003,PR0004,25,16,7,34,0,12099.58
2025-04-01,ST003,PR0005,53,18,18,53,0,26341.0
2025-04-01,ST003,PR0006,24,33,21,36,0,19705.68
2025-04-01,ST003,PR0007,30,20,38,12,0,7867.44
2025-04-01,ST003,PR0008,63,50,16,97,0,51076.32
2025-04-01,ST003,PR0009,27,13,28,12,0,7953.96
2025-04-01,ST003,PR0010,12,20,9,23,0,13939.38
2025-04-01,ST003,PR0011,39,31,22,48,0,34119.84
2025-04-01,ST003,PR0012,58,39,10,87,0,74489.4
2025-04-01,ST003,PR0013,49,9,33,25,0,18621.75
2025-04-01,ST003,PR0014,13,51,23,41,0,6175.42
2025-04-01,ST003,PR0015,14,30,13,31,0,7458.29
2025-04-01,ST003,PR0016,43,17,11,49,0,14178.64
2025-04-01,ST003,PR0017,36,29,16,49,0,14924.91
2025-04-01,ST003,PR0018,65,17,34,48,0,19783.68
2025-04-01,ST003,PR0019,23,10,30,3,0,1529.46
2025-04-01,ST003,PR0020,29,43,5,67,0,27793.61
2025-04-01,ST003,PR0021,52,51,26,77,0,49021.28
2025-04-01,ST003,PR0022,14,20,13,21,0,14161.14
2025-04-01,ST003,PR0023,12,7,19,0,7,0.0
2025-04-01,ST003,PR0024,52,41,13,80,0,51357.6
2025-04-01,ST003,PR0025,21,4,25,0,6,0.0
2025-04-01,ST003,PR0026,39,36,37,38,0,30420.52
2025-04-01,ST003,PR0027,28,49,3,74,0,56844.58
2025-04-01,ST003,PR0028,13,39,19,33,0,4748.7
2025-04-01,ST003,PR0029,44,18,22,40,0,10317.2
2025-04-01,ST003,PR0030,62,27,27,62,0,18340.84
2025-04-01,ST003,PR0031,19,29,16,32,0,12220.8
2025-04-01,ST003,PR0032,36,31,13,54,0,23423.04
2025-04-01,ST003,PR0033,18,46,13,51,0,23551.8
2025-04-01,ST003,PR0034,13,23,19,17,0,10302.0
2025-04-01,ST003,PR0035,39,46,24,61,0,33106.53
2025-04-01,ST003,PR0036,43,26,27,42,0,26838.42
2025-04-01,ST003,PR0037,38,30,26,42,0,32353.44
2025-04-01,ST003,PR0038,62,33,0,95,0,73558.5
2025-04-01,ST003,PR0039,41,31,2,70,0,63613.2
2025-04-01,ST003,PR0040,32,55,44,43,0,37837.42
2025-04-01,ST003,PR0041,50,53,22,81,0,79654.59
2025-04-01,ST003,PR0042,16,12,28,0,10,0.0
2025-04-01,ST003,PR0043,21,50,18,53,0,10787.62
2025-04-01,ST003,PR0044,35,18,13,40,0,10452.4
2025-04-01,ST003,PR0045,40,18,12,46,0,13158.3
2025-04-01,ST003,PR0046,47,19,14,52,0,18581.68
2025-04-01,ST003,PR0047,42,51,30,63,0,24273.27
2025-04-01,ST003,PR0048,8,54,3,59,0,27642.68
2025-04-01,ST003,PR0049,5,5,10,0,8,0.0
2025-04-01,ST003,PR0050,19,39,8,50,0,29687.5
2025-04-01,ST003,PR0051,18,13,14,17,0,11036.23
2025-04-01,ST003,PR0052,38,53,23,68,0,44703.88
2025-04-01,ST003,PR0053,27,14,13,28,0,20319.88
2025-04-01,ST003,PR0054,56,35,31,60,0,59905.8
2025-04-01,ST003,PR0055,37,11,16,32,0,30832.32
2025-04-01,ST003,PR0056,39,29,31,37,0,6571.57
2025-04-01,ST003,PR0057,40,38,33,45,0,8935.2
2025-04-01,ST003,PR0058,34,38,25,47,0,14550.26
2025-04-01,ST003,PR0059,18,2,15,5,0,1485.35
2025-04-01,ST003,PR0060,56,47,9,94,0,35709.66
2025-04-01,ST004,PR0001,6,42,41,7,0,1677.69
2025-04-01,ST004,PR0002,43,52,44,51,0,11846.79
2025-04-01,ST004,PR0003,13,40,19,34,0,10600.52
2025-04-01,ST004,PR0004,13,1,14,0,3,0.0
2025-04-01,ST004,PR0005,50,51,17,84,0,41748.0
2025-04-01,ST004,PR0006,6,53,23,36,0,19705.68
2025-04-01,ST004,PR0007,28,37,28,37,0,24257.94
2025-04-01,ST004,PR0008,9,21,5,25,0,13164.0
2025-04-01,ST004,PR0009,41,21,12,50,0,33141.5
2025-04-01,ST004,PR0010,8,10,18,0,10,0.0
2025-04-01,ST004,PR0011,43,23,10,56,0,39806.48
2025-04-01,ST004,PR0012,35,9,28,16,0,13699.2
2025-04-01,ST004,PR0013,48,44,20,72,0,53630.64
2025-04-01,ST004,PR0014,14,11,18,7,0,1054.34
2025-04-01,ST004,PR0015,31,23,25,29,0,6977.11
2025-04-01,ST004,PR0016,32,40,6,66,0,19097.76
2025-04-01,ST004,PR0017,6,7,13,0,4,0.0
2025-04-01,ST004,PR0018,48,17,15,50,0,20608.0
2025-04-01,ST004,PR0019,16,30,17,29,0,14784.78
2025-04-01,ST004,PR0020,6,53,10,49,0,20326.67
2025-04-01,ST004,PR0021,55,21,39,37,0,23555.68
2025-04-01,ST004,PR0022,22,27,26,23,0,15509.82
2025-04-01,ST004,PR0023,43,13,23,33,0,21162.57
2025-04-01,ST004,PR0024,64,52,33,83,0,53283.51
2025-04-01,ST004,PR0025,34,38,20,52,0,48783.8
2025-04-01,ST004,PR0026,34,20,33,21,0,16811.34
2025-04-01,ST004,PR0027,23,15,0,38,0,29190.46
2025-04-01,ST004,PR0028,7,27,34,0,5,0.0
2025-04-01,ST004,PR0029,52,30,40,42,0,10833.06
2025-04-01,ST004,PR0030,23,49,40,32,0,9466.24
2025-04-01,ST004,PR0031,62,6,12,56,0,21386.4
2025-04-01,ST004,PR0032,15,20,0,35,0,15181.6
2025-04-01,ST004,PR0033,46,22,23,45,0,20781.0
2025-04-01,ST004,PR0034,18,6,24,0,10,0.0
2025-04-01,ST004,PR0035,14,24,18,20,0,10854.6
2025-04-01,ST004,PR0036,38,12,9,41,0,26199.41
2025-04-01,ST004,PR0037,27,10,17,20,0,15406.4
2025-04-01,ST004,PR0038,51,26,14,63,0,48780.9
2025-04-01,ST004,PR0039,5,31,13,23,0,20901.48
2025-04-01,ST004,PR0040,18,18,19,17,0,14958.98
2025-04-01,ST004,PR0041,58,49,23,84,0,82604.76
2025-04-01,ST004,PR0042,39,35,0,74,0,10400.7
2025-04-01,ST004,PR0043,8,23,8,23,0,4681.42
2025-04-01,ST004,PR0044,49,50,33,66,0,17246.46
2025-04-01,ST004,PR0045,56,43,22,77,0,22025.85
2025-04-01,ST004,PR0046,37,24,21,40,0,14293.6
2025-04-01,ST004,PR0047,24,16,4,36,0,13870.44
2025-04-01,ST004,PR0048,11,42,27,26,0,12181.52
2025-04-01,ST004,PR0049,33,46,11,68,0,40749.0
2025-04-01,ST004,PR0050,65,30,30,65,0,38593.75
2025-04-01,ST004,PR0051,8,13,21,0,11,0.0
2025-04-01,ST004,PR0052,61,53,24,90,0,59166.9
2025-04-01,ST004,PR0053,47,40,19,68,0,49348.28
2025-04-01,ST004,PR0054,13,1,14,0,10,0.0
2025-04-01,ST004,PR0055,60,38,9,89,0,85752.39
2025-04-01,ST004,PR0056,39,29,32,36,0,6393.96
2025-04-01,ST004,PR0057,44,48,40,52,0,10325.12
2025-04-01,ST004,PR0058,47,32,23,56,0,17336.48
2025-04-01,ST004,PR0059,55,23,13,65,0,19309.55
2025-04-01,ST004,PR0060,10,45,21,34,0,12916.26
2025-04-01,ST005,PR0001,52,15,14,53,0,12702.51
2025-04-01,ST005,PR0002,49,22,15,56,0,13008.24
2025-04-01,ST005,PR0003,10,30,3,37,0,11535.86
2025-04-01,ST005,PR0004,13,28,23,18,0,6405.66
2025-04-01,ST005,PR0005,61,48,15,94,0,46718.0
2025-04-01,ST005,PR0006,55,40,7,88,0,48169.44
2025-04-01,ST005,PR0007,44,51,14,81,0,53105.22
2025-04-01,ST005,PR0008,12,41,2,51,0,26854.56
2025-04-01,ST005,PR0009,17,33,21,29,0,19222.07
2025-04-01,ST005,PR0010,57,33,16,74,0,44848.44
2025-04-01,ST005,PR0011,44,46,24,66,0,46914.78
2025-04-01,ST005,PR0012,62,36,35,63,0,53940.6
2025-04-01,ST005,PR0013,53,44,18,79,0,58844.73
2025-04-01,ST005,PR0014,18,12,30,0,7,0.0
2025-04-01,ST005,PR0015,58,9,17,50,0,12029.5
2025-04-01,ST005,PR0016,17,3,20,0,11,0.0
2025-04-01,ST005,PR0017,15,54,13,56,0,17057.04
2025-04-01,ST005,PR0018,19,43,25,37,0,15249.92
2025-04-01,ST005,PR0019,7,31,14,24,0,12235.68
2025-04-01,ST005,PR0020,65,52,42,75,0,31112.25
2025-04-01,ST005,PR0021,36,55,30,61,0,38835.04
2025-04-01,ST005,PR0022,58,38,44,52,0,35065.68
2025-04-01,ST005,PR0023,34,39,22,51,0,32705.79
2025-04-01,ST005,PR0024,15,31,44,2,5,1283.94
2025-04-01,ST005,PR0025,48,32,15,65,0,60979.75
2025-04-01,ST005,PR0026,7,9,9,7,0,5603.78
2025-04-01,ST005,PR0027,16,23,10,29,0,22276.93
2025-04-01,ST005,PR0028,64,38,33,69,0,9929.1
2025-04-01,ST005,PR0029,18,28,41,5,0,1289.65
2025-04-01,ST005,PR0030,40,23,18,45,0,13311.9
2025-04-01,ST005,PR0031,63,43,27,79,0,30170.1
2025-04-01,ST005,PR0032,52,16,24,44,0,19085.44
2025-04-01,ST005,PR0033,27,20,17,30,0,13854.0
2025-04-01,ST005,PR0034,54,14,24,44,0,26664.0
2025-04-01,ST005,PR0035,12,52,3,61,0,33106.53
2025-04-01,ST005,PR0036,10,55,15,50,0,31950.5
2025-04-01,ST005,PR0037,16,36,9,43,0,33123.76
2025-04-01,ST005,PR0038,48,33,2,79,0,61169.7
2025-04-01,ST005,PR0039,65,18,7,76,0,69065.76
2025-04-01,ST005,PR0040,7,46,3,50,0,43997.0
2025-04-01,ST005,PR0041,55,44,18,81,0,79654.59
2025-04-01,ST005,PR0042,10,10,20,0,9,0.0
2025-04-01,ST005,PR0043,27,55,50,32,0,6513.28
2025-04-01,ST005,PR0044,33,33,29,37,0,9668.47
2025-04-01,ST005,PR0045,5,13,2,16,0,4576.8
2025-04-01,ST005,PR0046,17,13,21,9,0,3216.06
2025-04-01,ST005,PR0047,42,21,10,53,0,20420.37
2025-04-01,ST005,PR0048,6,54,25,35,0,16398.2
2025-04-01,ST005,PR0049,20,19,38,1,6,599.25
2025-04-01,ST005,PR0050,29,38,23,44,0,26125.0
2025-04-01,ST005,PR0051,53,4,26,31,0,20124.89
2025-04-01,ST005,PR0052,45,5,37,13,0,8546.33
2025-04-01,ST005,PR0053,25,3,28,0,3,0.0
2025-04-01,ST005,PR0054,43,4,14,33,0,32948.19
2025-04-01,ST005,PR0055,22,31,24,29,0,27941.79
2025-04-01,ST005,PR0056,53,53,12,94,0,16695.34
2025-04-01,ST005,PR0057,51,45,27,69,0,13700.64
2025-04-01,ST005,PR0058,33,50,21,62,0,19193.96
2025-04-01,ST005,PR0059,17,5,7,15,0,4456.05
2025-04-01,ST005,PR0060,43,17,9,51,0,19374.39
2025-04-01,ST006,PR0001,24,29,53,0,12,0.0
2025-04-01,ST006,PR0002,55,16,29,42,0,9756.18
2025-04-01,ST006,PR0003,54,42,0,96,0,29930.88
2025-04-01,ST006,PR0004,52,23,28,47,0,16725.89
2025-04-01,ST006,PR0005,16,2,11,7,0,3479.0
2025-04-01,ST006,PR0006,42,10,37,15,0,8210.7
2025-04-01,ST006,PR0007,53,14,38,29,0,19012.98
2025-04-01,ST006,PR0008,52,43,5,90,0,47390.4
2025-04-01,ST006,PR0009,50,24,15,59,0,39106.97
2025-04-01,ST006,PR0010,50,5,11,44,0,26666.64
2025-04-01,ST006,PR0011,41,51,13,79,0,56155.57
2025-04-01,ST006,PR0012,13,53,33,33,0,28254.6
2025-04-01,ST006,PR0013,22,42,15,49,0,36498.63
2025-04-01,ST006,PR0014,55,44,25,74,0,11145.88
2025-04-01,ST006,PR0015,60,41,32,69,0,16600.71
2025-04-01,ST006,PR0016,48,24,18,54,0,15625.44
2025-04-01,ST006,PR0017,10,42,17,35,0,10660.65
2025-04-01,ST006,PR0018,45,37,33,49,0,20195.84
2025-04-01,ST006,PR0019,23,18,20,21,0,10706.22
2025-04-01,ST006,PR0020,16,22,29,9,0,3733.47
2025-04-01,ST006,PR0021,41,41,32,50,0,31832.0
2025-04-01,ST006,PR0022,19,24,0,43,0,28996.62
2025-04-01,ST006,PR0023,61,44,6,99,0,63487.71
2025-04-01,ST006,PR0024,24,16,26,14,0,8987.58
2025-04-01,ST006,PR0025,7,46,38,15,0,14072.25
2025-04-01,ST006,PR0026,54,5,12,47,0,37625.38
2025-04-01,ST006,PR0027,25,20,23,22,0,16899.74
2025-04-01,ST006,PR0028,30,54,0,84,0,12087.6
2025-04-01,ST006,PR0029,56,23,34,45,0,11606.85
2025-04-01,ST006,PR0030,4,42,41,5,0,1479.1
2025-04-01,ST006,PR0031,55,52,31,76,0,29024.4
2025-04-01,ST006,PR0032,29,32,24,37,0,16049.12
2025-04-01,ST006,PR0033,51,55,42,64,0,29555.2
2025-04-01,ST006,PR0034,65,50,16,99,0,59994.0
2025-04-01,ST006,PR0035,37,34,9,62,0,33649.26
2025-04-01,ST006,PR0036,50,42,28,64,0,40896.64
2025-04-01,ST006,PR0037,18,35,45,8,0,6162.56
2025-04-01,ST006,PR0038,36,40,20,56,0,43360.8
2025-04-01,ST006,PR0039,4,33,29,8,0,7270.08
2025-04-01,ST006,PR0040,19,45,35,29,0,25518.26
2025-04-01,ST006,PR0041,46,18,35,29,0,28518.31
2025-04-01,ST006,PR0042,64,45,25,84,0,11806.2
2025-04-01,ST006,PR0043,54,41,57,38,0,7734.52
2025-04-01,ST006,PR0044,37,46,8,75,0,19598.25
2025-04-01,ST006,PR0045,64,30,2,92,0,26316.6
2025-04-01,ST006,PR0046,15,19,34,0,6,0.0
2025-04-01,ST006,PR0047,19,47,22,44,0,16952.76
2025-04-01,ST006,PR0048,9,38,30,17,0,7964.84
2025-04-01,ST006,PR0049,39,50,29,60,0,35955.0
2025-04-01,ST006,PR0050,8,29,37,0,6,0.0
2025-04-01,ST006,PR0051,16,22,10,28,0,18177.32
2025-04-01,ST006,PR0052,35,51,19,67,0,44046.47
2025-04-01,ST006,PR0053,38,17,16,39,0,28302.69
2025-04-01,ST006,PR0054,60,34,30,64,0,63899.52
2025-04-01,ST006,PR0055,50,43,33,60,0,57810.6
2025-04-01,ST006,PR0056,23,20,31,12,0,2131.32
2025-04-01,ST006,PR0057,52,43,2,93,0,18466.08
2025-04-01,ST006,PR0058,55,36,24,67,0,20741.86
2025-04-01,ST006,PR0059,49,7,34,22,0,6535.54
2025-04-01,ST006,PR0060,56,5,6,55,0,20893.95
2025-04-01,ST007,PR0001,26,30,13,43,0,10305.81
2025-04-01,ST007,PR0002,13,14,14,13,0,3019.77
2025-04-01,ST007,PR0003,62,21,54,29,0,9041.62
2025-04-01,ST007,PR0004,38,3,33,8,0,2846.96
2025-04-01,ST007,PR0005,18,39,57,0,10,0.0
2025-04-01,ST007,PR0006,30,11,32,9,0,4926.42
2025-04-01,ST007,PR0007,23,42,5,60,0,39337.2
2025-04-01,ST007,PR0008,38,19,40,17,0,8951.52
2025-04-01,ST007,PR0009,32,55,23,64,0,42421.12
2025-04-01,ST007,PR0010,18,49,41,26,0,15757.56
2025-04-01,ST007,PR0011,21,44,31,34,0,24168.22
2025-04-01,ST007,PR0012,28,4,0,32,0,27398.4
2025-04-01,ST007,PR0013,21,0,0,21,0,15642.27
2025-04-01,ST007,PR0014,34,47,23,58,0,8735.96
2025-04-01,ST007,PR0015,51,43,31,63,0,15157.17
2025-04-01,ST007,PR0016,5,49,14,40,0,11574.4
2025-04-01,ST007,PR0017,44,51,30,65,0,19798.35
2025-04-01,ST007,PR0018,27,21,6,42,0,17310.72
2025-04-01,ST007,PR0019,7,42,20,29,0,14784.78
2025-04-01,ST007,PR0020,23,6,19,10,0,4148.3
2025-04-01,ST007,PR0021,45,51,46,50,0,31832.0
2025-04-01,ST007,PR0022,22,54,36,40,0,26973.6
2025-04-01,ST007,PR0023,40,41,21,60,0,38477.4
2025-04-01,ST007,PR0024,48,16,13,51,0,32740.47
2025-04-01,ST007,PR0025,28,40,35,33,0,30958.95
2025-04-01,ST007,PR0026,47,40,25,62,0,49633.48
2025-04-01,ST007,PR0027,41,17,23,35,0,26885.95
2025-04-01,ST007,PR0028,10,8,18,0,7,0.0
2025-04-01,ST007,PR0029,21,55,23,53,0,13670.29
2025-04-01,ST007,PR0030,27,0,27,0,9,0.0
2025-04-01,ST007,PR0031,26,2,12,16,0,6110.4
2025-04-01,ST007,PR0032,20,12,13,19,0,8241.44
2025-04-01,ST007,PR0033,53,11,5,59,0,27246.2
2025-04-01,ST007,PR0034,62,38,29,71,0,43026.0
2025-04-01,ST007,PR0035,43,17,30,30,0,16281.9
2025-04-01,ST007,PR0036,33,20,21,32,0,20448.32
2025-04-01,ST007,PR0037,60,13,21,52,0,40056.64
2025-04-01,ST007,PR0038,58,1,20,39,0,30197.7
2025-04-01,ST007,PR0039,27,20,31,16,0,14540.16
2025-04-01,ST007,PR0040,33,48,3,78,0,68635.32
2025-04-01,ST007,PR0041,12,44,10,46,0,45235.94
2025-04-01,ST007,PR0042,22,55,23,54,0,7589.7
2025-04-01,ST007,PR0043,10,11,5,16,0,3256.64
2025-04-01,ST007,PR0044,64,17,39,42,0,10975.02
2025-04-01,ST007,PR0045,42,27,15,54,0,15446.7
2025-04-01,ST007,PR0046,15,44,24,35,0,12506.9
2025-04-01,ST007,PR0047,33,50,30,53,0,20420.37
2025-04-01,ST007,PR0048,33,40,6,67,0,31390.84
2025-04-01,ST007,PR0049,52,16,20,48,0,28764.0
2025-04-01,ST007,PR0050,10,1,1,10,0,5937.5
2025-04-01,ST007,PR0051,7,44,29,22,0,14282.18
2025-04-01,ST007,PR0052,37,14,22,29,0,19064.89
2025-04-01,ST007,PR0053,25,47,17,55,0,39914.05
2025-04-01,ST007,PR0054,14,36,37,13,0,12979.59
2025-04-01,ST007,PR0055,32,21,26,27,0,26014.77
2025-04-01,ST007,PR0056,29,5,34,0,5,0.0
2025-04-01,ST007,PR0057,58,13,29,42,0,8339.52
2025-04-01,ST007,PR0058,34,53,16,71,0,21980.18
2025-04-01,ST007,PR0059,64,25,8,81,0,24062.67
2025-04-01,ST007,PR0060,55,30,28,57,0,21653.73
2025-04-01,ST008,PR0001,6,1,0,7,0,1677.69
2025-04-01,ST008,PR0002,21,54,22,53,0,12311.37
2025-04-01,ST008,PR0003,58,42,34,66,0,20577.48
2025-04-01,ST008,PR0004,30,15,25,20,0,7117.4
2025-04-01,ST008,PR0005,61,16,0,77,0,38269.0
2025-04-01,ST008,PR0006,29,44,27,46,0,25179.48
2025-04-01,ST008,PR0007,65,24,5,84,0,55072.08
2025-04-01,ST008,PR0008,4,31,30,5,0,2632.8
2025-04-01,ST008,PR0009,36,25,17,44,0,29164.52
2025-04-01,ST008,PR0010,48,13,16,45,0,27272.7
2025-04-01,ST008,PR0011,4,47,9,42,0,29854.86
2025-04-01,ST008,PR0012,16,29,23,22,0,18836.4
2025-04-01,ST008,PR0013,27,4,27,4,0,2979.48
2025-04-01,ST008,PR0014,8,25,33,0,7,0.0
2025-04-01,ST008,PR0015,37,34,20,51,0,12270.09
2025-04-01,ST008,PR0016,12,2,10,4,0,1157.44
2025-04-01,ST008,PR0017,8,7,12,3,0,913.77
2025-04-01,ST008,PR0018,63,45,29,79,0,32560.64
2025-04-01,ST008,PR0019,39,3,20,22,0,11216.04
2025-04-01,ST008,PR0020,53,54,37,70,0,29038.1
2025-04-01,ST008,PR0021,27,30,28,29,0,18462.56
2025-04-01,ST008,PR0022,44,7,26,25,0,16858.5
2025-04-01,ST008,PR0023,5,2,7,0,6,0.0
2025-04-01,ST008,PR0024,36,14,21,29,0,18617.13
2025-04-01,ST008,PR0025,64,15,43,36,0,33773.4
2025-04-01,ST008,PR0026,31,42,35,38,0,30420.52
2025-04-01,ST008,PR0027,43,24,24,43,0,33031.31
2025-04-01,ST008,PR0028,40,21,16,45,0,6475.5
2025-04-01,ST008,PR0029,53,18,15,56,0,14444.08
2025-04-01,ST008,PR0030,38,5,17,26,0,7691.32
2025-04-01,ST008,PR0031,65,4,27,42,0,16039.8
2025-04-01,ST008,PR0032,30,49,0,79,0,34267.04
2025-04-01,ST008,PR0033,62,23,10,75,0,34635.0
2025-04-01,ST008,PR0034,13,54,30,37,0,22422.0
2025-04-01,ST008,PR0035,8,23,25,6,0,3256.38
2025-04-01,ST008,PR0036,58,8,10,56,0,35784.56
2025-04-01,ST008,PR0037,24,23,22,25,0,19258.0
2025-04-01,ST008,PR0038,45,39,22,62,0,48006.6
2025-04-01,ST008,PR0039,16,27,36,7,0,6361.32
2025-04-01,ST008,PR0040,54,15,30,39,0,34317.66
2025-04-01,ST008,PR0041,30,5,29,6,0,5900.34
2025-04-01,ST008,PR0042,42,50,18,74,0,10400.7
2025-04-01,ST008,PR0043,9,13,1,21,0,4274.34
2025-04-01,ST008,PR0044,13,53,27,39,0,10191.09
2025-04-01,ST008,PR0045,59,41,32,68,0,19451.4
2025-04-01,ST008,PR0046,22,4,9,17,0,6074.78
2025-04-01,ST008,PR0047,28,50,41,37,0,14255.73
2025-04-01,ST008,PR0048,13,0,13,0,6,0.0
2025-04-01,ST008,PR0049,59,7,24,42,0,25168.5
2025-04-01,ST008,PR0050,57,29,1,85,0,50468.75
2025-04-01,ST008,PR0051,59,36,21,74,0,48040.06
2025-04-01,ST008,PR0052,26,37,14,49,0,32213.09
2025-04-01,ST008,PR0053,39,25,19,45,0,32656.95
2025-04-01,ST008,PR0054,35,33,27,41,0,40935.63
2025-04-01,ST008,PR0055,55,20,18,57,0,54920.07
2025-04-01,ST008,PR0056,38,21,24,35,0,6216.35
2025-04-01,ST008,PR0057,26,33,8,51,0,10126.56
2025-04-01,ST008,PR0058,13,38,28,23,0,7120.34
2025-04-01,ST008,PR0059,51,4,32,23,0,6832.61
2025-04-01,ST008,PR0060,24,39,51,12,0,4558.68
2025-04-01,ST009,PR0001,49,11,30,30,0,7190.1
2025-04-01,ST009,PR0002,18,50,16,52,0,12079.08
2025-04-01,ST009,PR0003,37,55,17,75,0,23383.5
2025-04-01,ST009,PR0004,43,25,29,39,0,13878.93
2025-04-01,ST009,PR0005,7,30,32,5,0,2485.0
2025-04-01,ST009,PR0006,26,53,50,29,0,15874.02
2025-04-01,ST009,PR0007,43,45,32,56,0,36714.72
2025-04-01,ST009,PR0008,26,12,29,9,0,4739.04
2025-04-01,ST009,PR0009,57,11,15,53,0,35129.99
2025-04-01,ST009,PR0010,43,21,17,47,0,28484.82
2025-04-01,ST009,PR0011,19,1,20,0,12,0.0
2025-04-01,ST009,PR0012,4,27,29,2,12,1712.4
2025-04-01,ST009,PR0013,43,48,35,56,0,41712.72
2025-04-01,ST009,PR0014,6,0,6,0,11,0.0
2025-04-01,ST009,PR0015,4,46,33,17,0,4090.03
2025-04-01,ST009,PR0016,11,21,29,3,0,868.08
2025-04-01,ST009,PR0017,7,53,27,33,0,10051.47
2025-04-01,ST009,PR0018,55,29,37,47,0,19371.52
2025-04-01,ST009,PR0019,32,29,0,61,0,31099.02
2025-04-01,ST009,PR0020,61,45,15,91,0,37749.53
2025-04-01,ST009,PR0021,54,43,23,74,0,47111.36
2025-04-01,ST009,PR0022,5,41,18,28,0,18881.52
2025-04-01,ST009,PR0023,23,11,2,32,0,20521.28
2025-04-01,ST009,PR0024,33,25,30,28,0,17975.16
2025-04-01,ST009,PR0025,8,48,26,30,0,28144.5
2025-04-01,ST009,PR0026,17,19,21,15,0,12008.1
2025-04-01,ST009,PR0027,56,46,29,73,0,56076.41
2025-04-01,ST009,PR0028,45,55,22,78,0,11224.2
2025-04-01,ST009,PR0029,44,53,39,58,0,14959.94
2025-04-01,ST009,PR0030,15,15,16,14,0,4141.48
2025-04-01,ST009,PR0031,53,19,30,42,0,16039.8
2025-04-01,ST009,PR0032,51,42,16,77,0,33399.52
2025-04-01,ST009,PR0033,18,8,26,0,10,0.0
2025-04-01,ST009,PR0034,64,14,38,40,0,24240.0
2025-04-01,ST009,PR0035,65,54,35,84,0,45589.32
2025-04-01,ST009,PR0036,31,4,15,20,0,12780.2
2025-04-01,ST009,PR0037,30,49,21,58,0,44678.56
2025-04-01,ST009,PR0038,5,5,10,0,7,0.0
2025-04-01,ST009,PR0039,36,33,0,69,0,62704.44
2025-04-01,ST009,PR0040,55,49,7,97,0,85354.18
2025-04-01,ST009,PR0041,51,11,32,30,0,29501.7
2025-04-01,ST009,PR0042,43,13,4,52,0,7308.6
2025-04-01,ST009,PR0043,5,32,12,25,0,5088.5
2025-04-01,ST009,PR0044,12,28,5,35,0,9145.85
2025-04-01,ST009,PR0045,23,25,27,21,0,6007.05
2025-04-01,ST009,PR0046,21,30,27,24,0,8576.16
2025-04-01,ST009,PR0047,35,19,5,49,0,18879.21
2025-04-01,ST009,PR0048,16,7,23,0,2,0.0
2025-04-01,ST009,PR0049,7,37,35,9,0,5393.25
2025-04-01,ST009,PR0050,27,3,21,9,0,5343.75
2025-04-01,ST009,PR0051,32,30,17,45,0,29213.55
2025-04-01,ST009,PR0052,15,49,32,32,0,21037.12
2025-04-01,ST009,PR0053,38,40,24,54,0,39188.34
2025-04-01,ST009,PR0054,43,6,25,24,0,23962.32
2025-04-01,ST009,PR0055,7,22,28,1,9,963.51
2025-04-01,ST009,PR0056,42,18,26,34,0,6038.74
2025-04-01,ST009,PR0057,45,32,16,61,0,12112.16
2025-04-01,ST009,PR0058,35,28,43,20,0,6191.6
2025-04-01,ST009,PR0059,13,17,30,0,9,0.0
2025-04-01,ST009,PR0060,31,46,22,55,0,20893.95
2025-04-01,ST010,PR0001,35,26,8,53,0,12702.51
2025-04-01,ST010,PR0002,4,23,27,0,8,0.0
2025-04-01,ST010,PR0003,19,55,16,58,0,18083.24
2025-04-01,ST010,PR0004,40,9,33,16,0,5693.92
2025-04-01,ST010,PR0005,5,47,16,36,0,17892.0
2025-04-01,ST010,PR0006,23,22,26,19,0,10400.22
2025-04-01,ST010,PR0007,37,2,8,31,0,20324.22
2025-04-01,ST010,PR0008,59,31,0,90,0,47390.4
2025-04-01,ST010,PR0009,24,41,22,43,0,28501.69
2025-04-01,ST010,PR0010,64,49,26,87,0,52727.22
2025-04-01,ST010,PR0011,15,25,14,26,0,18481.58
2025-04-01,ST010,PR0012,24,9,32,1,3,856.2
2025-04-01,ST010,PR0013,27,5,25,7,0,5214.09
2025-04-01,ST010,PR0014,42,25,21,46,0,6928.52
2025-04-01,ST010,PR0015,36,14,15,35,0,8420.65
2025-04-01,ST010,PR0016,58,51,0,109,0,31540.24
2025-04-01,ST010,PR0017,55,30,16,69,0,21016.71
2025-04-01,ST010,PR0018,34,24,20,38,0,15662.08
2025-04-01,ST010,PR0019,23,41,18,46,0,23451.72
2025-04-01,ST010,PR0020,30,22,43,9,0,3733.47
2025-04-01,ST010,PR0021,18,9,4,23,0,14642.72
2025-04-01,ST010,PR0022,40,1,31,10,0,6743.4
2025-04-01,ST010,PR0023,46,22,15,53,0,33988.37
2025-04-01,ST010,PR0024,26,25,11,40,0,25678.8
2025-04-01,ST010,PR0025,4,0,4,0,2,0.0
2025-04-01,ST010,PR0026,24,8,11,21,0,16811.34
2025-04-01,ST010,PR0027,52,38,37,53,0,40713.01
2025-04-01,ST010,PR0028,15,29,44,0,6,0.0
2025-04-01,ST010,PR0029,18,32,16,34,0,8769.62
2025-04-01,ST010,PR0030,33,42,22,53,0,15678.46
2025-04-01,ST010,PR0031,61,52,0,113,0,43154.7
2025-04-01,ST010,PR0032,32,7,11,28,0,12145.28
2025-04-01,ST010,PR0033,44,20,27,37,0,17086.6
2025-04-01,ST010,PR0034,63,23,25,61,0,36966.0
2025-04-01,ST010,PR0035,54,5,18,41,0,22251.93
2025-04-01,ST010,PR0036,42,28,11,59,0,37701.59
2025-04-01,ST010,PR0037,9,29,19,19,0,14636.08
2025-04-01,ST010,PR0038,40,29,38,31,0,24003.3
2025-04-01,ST010,PR0039,5,51,2,54,0,49073.04
2025-04-01,ST010,PR0040,13,3,16,0,6,0.0
2025-04-01,ST010,PR0041,45,37,14,68,0,66870.52
2025-04-01,ST010,PR0042,19,22,20,21,0,2951.55
2025-04-01,ST010,PR0043,41,54,34,61,0,12415.94
2025-04-01,ST010,PR0044,35,54,12,77,0,20120.87
2025-04-01,ST010,PR0045,12,38,21,29,0,8295.45
2025-04-01,ST010,PR0046,22,1,22,1,10,357.34
2025-04-01,ST010,PR0047,17,21,9,29,0,11173.41
2025-04-01,ST010,PR0048,57,49,32,74,0,34670.48
2025-04-01,ST010,PR0049,54,34,21,67,0,40149.75
2025-04-01,ST010,PR0050,49,47,8,88,0,52250.0
2025-04-01,ST010,PR0051,12,3,7,8,0,5193.52
2025-04-01,ST010,PR0052,64,34,22,76,0,49963.16
2025-04-01,ST010,PR0053,39,53,42,50,0,36285.5
2025-04-01,ST010,PR0054,14,50,19,45,0,44929.35
2025-04-01,ST010,PR0055,34,23,27,30,0,28905.3
2025-04-01,ST010,PR0056,37,31,41,27,0,4795.47
2025-04-01,ST010,PR0057,13,26,13,26,0,5162.56
2025-04-01,ST010,PR0058,39,27,26,40,0,12383.2
2025-04-01,ST010,PR0059,39,27,41,25,0,7426.75
2025-04-01,ST010,PR0060,10,27,20,17,0,6458.13
2025-04-01,ST011,PR0001,43,46,29,60,0,14380.2
2025-04-01,ST011,PR0002,7,38,26,19,0,4413.51
2025-04-01,ST011,PR0003,42,22,38,26,0,8106.28
2025-04-01,ST011,PR0004,42,13,17,38,0,13523.06
2025-04-01,ST011,PR0005,49,30,16,63,0,31311.0
2025-04-01,ST011,PR0006,40,26,20,46,0,25179.48
2025-04-01,ST011,PR0007,40,54,6,88,0,57694.56
2025-04-01,ST011,PR0008,4,45,24,25,0,13164.0
2025-04-01,ST011,PR0009,53,11,40,24,0,15907.92
2025-04-01,ST011,PR0010,23,27,32,18,0,10909.08
2025-04-01,ST011,PR0011,50,52,26,76,0,54023.08
2025-04-01,ST011,PR0012,29,15,17,27,0,23117.4
2025-04-01,ST011,PR0013,54,22,20,56,0,41712.72
2025-04-01,ST011,PR0014,9,45,30,24,0,3614.88
2025-04-01,ST011,PR0015,60,38,21,77,0,18525.43
2025-04-01,ST011,PR0016,45,15,24,36,0,10416.96
2025-04-01,ST011,PR0017,7,42,21,28,0,8528.52
2025-04-01,ST011,PR0018,60,38,11,87,0,35857.92
2025-04-01,ST011,PR0019,12,4,16,0,11,0.0
2025-04-01,ST011,PR0020,39,51,8,82,0,34016.06
2025-04-01,ST011,PR0021,39,27,13,53,0,33741.92
2025-04-01,ST011,PR0022,17,8,25,0,8,0.0
2025-04-01,ST011,PR0023,56,17,10,63,0,40401.27
2025-04-01,ST011,PR0024,15,35,26,24,0,15407.28
2025-04-01,ST011,PR0025,46,49,23,72,0,67546.8
2025-04-01,ST011,PR0026,28,3,23,8,0,6404.32
2025-04-01,ST011,PR0027,27,10,26,11,0,8449.87
2025-04-01,ST011,PR0028,29,42,7,64,0,9209.6
2025-04-01,ST011,PR0029,19,45,5,59,0,15217.87
2025-04-01,ST011,PR0030,42,8,6,44,0,13016.08
2025-04-01,ST011,PR0031,8,9,17,0,3,0.0
2025-04-01,ST011,PR0032,11,55,19,47,0,20386.72
2025-04-01,ST011,PR0033,45,44,34,55,0,25399.0
2025-04-01,ST011,PR0034,53,27,12,68,0,41208.0
2025-04-01,ST011,PR0035,24,17,34,7,0,3799.11
2025-04-01,ST011,PR0036,53,3,21,35,0,22365.35
2025-04-01,ST011,PR0037,24,46,8,62,0,47759.84
2025-04-01,ST011,PR0038,65,25,39,51,0,39489.3
2025-04-01,ST011,PR0039,43,0,23,20,0,18175.2
2025-04-01,ST011,PR0040,63,17,30,50,0,43997.0
2025-04-01,ST011,PR0041,37,54,25,66,0,64903.74
2025-04-01,ST011,PR0042,51,13,21,43,0,6043.65
2025-04-01,ST011,PR0043,20,27,0,47,0,9566.38
2025-04-01,ST011,PR0044,28,33,25,36,0,9407.16
2025-04-01,ST011,PR0045,46,11,10,47,0,13444.35
2025-04-01,ST011,PR0046,42,50,21,71,0,25371.14
2025-04-01,ST011,PR0047,9,21,10,20,0,7705.8
2025-04-01,ST011,PR0048,16,6,22,0,10,0.0
2025-04-01,ST011,PR0049,47,25,22,50,0,29962.5
2025-04-01,ST011,PR0050,64,12,9,67,0,39781.25
2025-04-01,ST011,PR0051,44,22,26,40,0,25967.6
2025-04-01,ST011,PR0052,56,2,26,32,0,21037.12
2025-04-01,ST011,PR0053,21,26,0,47,0,34108.37
2025-04-01,ST011,PR0054,41,26,7,60,0,59905.8
2025-04-01,ST011,PR0055,39,42,27,54,0,52029.54
2025-04-01,ST011,PR0056,34,39,16,57,0,10123.77
2025-04-01,ST011,PR0057,35,54,27,62,0,12310.72
2025-04-01,ST011,PR0058,54,15,3,66,0,20432.28
2025-04-01,ST011,PR0059,22,17,32,7,0,2079.49
2025-04-01,ST011,PR0060,13,39,19,33,0,12536.37
2025-04-01,ST012,PR0001,42,47,12,77,0,18454.59
2025-04-01,ST012,PR0002,29,22,8,43,0,9988.47
2025-04-01,ST012,PR0003,35,45,3,77,0,24007.06
2025-04-01,ST012,PR0004,8,31,31,8,0,2846.96
2025-04-01,ST012,PR0005,46,9,13,42,0,20874.0
2025-04-01,ST012,PR0006,56,51,13,94,0,51453.72
2025-04-01,ST012,PR0007,52,22,39,35,0,22946.7
2025-04-01,ST012,PR0008,18,45,24,39,0,20535.84
2025-04-01,ST012,PR0009,29,8,10,27,0,17896.41
2025-04-01,ST012,PR0010,59,46,8,97,0,58787.82
2025-04-01,ST012,PR0011,35,0,11,24,0,17059.92
2025-04-01,ST012,PR0012,47,17,25,39,0,33391.8
2025-04-01,ST012,PR0013,18,12,20,10,0,7448.7
2025-04-01,ST012,PR0014,17,46,21,42,0,6326.04
2025-04-01,ST012,PR0015,42,23,1,64,0,15397.76
2025-04-01,ST012,PR0016,16,2,18,0,4,0.0
2025-04-01,ST012,PR0017,24,38,41,21,0,6396.39
2025-04-01,ST012,PR0018,58,21,32,47,0,19371.52
2025-04-01,ST012,PR0019,46,41,13,74,0,37726.68
2025-04-01,ST012,PR0020,49,46,42,53,0,21985.99
2025-04-01,ST012,PR0021,55,45,26,74,0,47111.36
2025-04-01,ST012,PR0022,9,27,18,18,0,12138.12
2025-04-01,ST012,PR0023,42,23,34,31,0,19879.99
2025-04-01,ST012,PR0024,61,12,19,54,0,34666.38
2025-04-01,ST012,PR0025,26,2,3,25,0,23453.75
2025-04-01,ST012,PR0026,56,49,23,82,0,65644.28
2025-04-01,ST012,PR0027,55,15,24,46,0,35335.82
2025-04-01,ST012,PR0028,18,31,18,31,0,4460.9
2025-04-01,ST012,PR0029,36,52,12,76,0,19602.68
2025-04-01,ST012,PR0030,14,48,13,49,0,14495.18
2025-04-01,ST012,PR0031,39,45,0,84,0,32079.6
2025-04-01,ST012,PR0032,52,32,19,65,0,28194.4
2025-04-01,ST012,PR0033,48,8,31,25,0,11545.0
2025-04-01,ST012,PR0034,60,45,38,67,0,40602.0
2025-04-01,ST012,PR0035,13,4,12,5,0,2713.65
2025-04-01,ST012,PR0036,61,27,13,75,0,47925.75
2025-04-01,ST012,PR0037,61,10,17,54,0,41597.28
2025-04-01,ST012,PR0038,58,31,19,70,0,54201.0
2025-04-01,ST012,PR0039,20,40,32,28,0,25445.28
2025-04-01,ST012,PR0040,16,1,17,0,4,0.0
2025-04-01,ST012,PR0041,21,22,15,28,0,27534.92
2025-04-01,ST012,PR0042,16,41,24,33,0,4638.15
2025-04-01,ST012,PR0043,62,12,4,70,0,14247.8
2025-04-01,ST012,PR0044,29,38,33,34,0,8884.54
2025-04-01,ST012,PR0045,57,6,14,49,0,14016.45
2025-04-01,ST012,PR0046,59,19,30,48,0,17152.32
2025-04-01,ST012,PR0047,55,52,21,86,0,33134.94
2025-04-01,ST012,PR0048,44,36,23,57,0,26705.64
2025-04-01,ST012,PR0049,33,30,6,57,0,34157.25
2025-04-01,ST012,PR0050,43,6,14,35,0,20781.25
2025-04-01,ST012,PR0051,56,48,14,90,0,58427.1
2025-04-01,ST012,PR0052,65,43,11,97,0,63768.77
2025-04-01,ST012,PR0053,15,2,17,0,12,0.0
2025-04-01,ST012,PR0054,16,19,34,1,12,998.43
2025-04-01,ST012,PR0055,42,30,20,52,0,50102.52
2025-04-01,ST012,PR0056,65,5,25,45,0,7992.45
2025-04-01,ST012,PR0057,10,11,8,13,0,2581.28
2025-04-01,ST012,PR0058,10,53,47,16,0,4953.28
2025-04-01,ST012,PR0059,58,9,36,31,0,9209.17
2025-04-01,ST012,PR0060,44,38,27,55,0,20893.95
2025-04-01,ST013,PR0001,63,23,6,80,0,19173.6
2025-04-01,ST013,PR0002,7,3,10,0,7,0.0
2025-04-01,ST013,PR0003,53,2,4,51,0,15900.78
2025-04-01,ST013,PR0004,7,8,15,0,2,0.0
2025-04-01,ST013,PR0005,14,9,21,2,6,994.0
2025-04-01,ST013,PR0006,17,13,0,30,0,16421.4
2025-04-01,ST013,PR0007,39,10,29,20,0,13112.4
2025-04-01,ST013,PR0008,34,10,21,23,0,12110.88
2025-04-01,ST013,PR0009,21,54,50,25,0,16570.75
2025-04-01,ST013,PR0010,64,25,43,46,0,27878.76
2025-04-01,ST013,PR0011,19,52,22,49,0,34830.67
2025-04-01,ST013,PR0012,8,10,18,0,5,0.0
2025-04-01,ST013,PR0013,39,54,10,83,0,61824.21
2025-04-01,ST013,PR0014,46,7,12,41,0,6175.42
2025-04-01,ST013,PR0015,27,1,28,0,7,0.0
2025-04-01,ST013,PR0016,39,1,33,7,0,2025.52
2025-04-01,ST013,PR0017,25,39,30,34,0,10356.06
2025-04-01,ST013,PR0018,63,1,13,51,0,21020.16
2025-04-01,ST013,PR0019,46,46,46,46,0,23451.72
2025-04-01,ST013,PR0020,45,22,14,53,0,21985.99
2025-04-01,ST013,PR0021,41,43,23,61,0,38835.04
2025-04-01,ST013,PR0022,42,18,35,25,0,16858.5
2025-04-01,ST013,PR0023,19,35,23,31,0,19879.99
2025-04-01,ST013,PR0024,48,7,9,46,0,29530.62
2025-04-01,ST013,PR0025,51,34,51,34,0,31897.1
2025-04-01,ST013,PR0026,61,42,27,76,0,60841.04
2025-04-01,ST013,PR0027,57,50,7,100,0,76817.0
2025-04-01,ST013,PR0028,16,15,2,29,0,4173.1
2025-04-01,ST013,PR0029,6,29,19,16,0,4126.88
2025-04-01,ST013,PR0030,30,31,0,61,0,18045.02
2025-04-01,ST013,PR0031,4,36,34,6,0,2291.4
2025-04-01,ST013,PR0032,26,18,18,26,0,11277.76
2025-04-01,ST013,PR0033,8,9,14,3,0,1385.4
2025-04-01,ST013,PR0034,4,12,0,16,0,9696.0
2025-04-01,ST013,PR0035,42,18,40,20,0,10854.6
2025-04-01,ST013,PR0036,32,24,14,42,0,26838.42
2025-04-01,ST013,PR0037,60,12,25,47,0,36205.04
2025-04-01,ST013,PR0038,44,22,0,66,0,51103.8
2025-04-01,ST013,PR0039,42,22,34,30,0,27262.8
2025-04-01,ST013,PR0040,13,0,12,1,3,879.94
2025-04-01,ST013,PR0041,10,12,22,0,6,0.0
2025-04-01,ST013,PR0042,22,3,23,2,9,281.1
2025-04-01,ST013,PR0043,47,25,18,54,0,10991.16
2025-04-01,ST013,PR0044,12,50,36,26,0,6794.06
2025-04-01,ST013,PR0045,28,44,37,35,0,10011.75
2025-04-01,ST013,PR0046,46,4,45,5,0,1786.7
2025-04-01,ST013,PR0047,44,20,15,49,0,18879.21
2025-04-01,ST013,PR0048,29,5,32,2,6,937.04
2025-04-01,ST013,PR0049,45,31,9,67,0,40149.75
2025-04-01,ST013,PR0050,37,16,47,6,0,3562.5
2025-04-01,ST013,PR0051,25,38,19,44,0,28564.36
2025-04-01,ST013,PR0052,59,37,13,83,0,54565.03
2025-04-01,ST013,PR0053,34,32,31,35,0,25399.85
2025-04-01,ST013,PR0054,45,3,35,13,0,12979.59
2025-04-01,ST013,PR0055,37,41,9,69,0,66482.19
2025-04-01,ST013,PR0056,25,3,28,0,2,0.0
2025-04-01,ST013,PR0057,43,15,12,46,0,9133.76
2025-04-01,ST013,PR0058,48,50,31,67,0,20741.86
2025-04-01,ST013,PR0059,17,3,0,20,0,5941.4
2025-04-01,ST013,PR0060,28,43,44,27,0,10257.03
2025-04-01,ST014,PR0001,10,20,30,0,8,0.0
2025-04-01,ST014,PR0002,57,16,35,38,0,8827.02
2025-04-01,ST014,PR0003,18,27,39,6,0,1870.68
2025-04-01,ST014,PR0004,22,35,42,15,0,5338.05
2025-04-01,ST014,PR0005,57,19,37,39,0,19383.0
2025-04-01,ST014,PR0006,52,49,27,74,0,40506.12
2025-04-01,ST014,PR0007,61,12,22,51,0,33436.62
2025-04-01,ST014,PR0008,19,43,20,42,0,22115.52
2025-04-01,ST014,PR0009,18,47,26,39,0,25850.37
2025-04-01,ST014,PR0010,25,17,28,14,0,8484.84
2025-04-01,ST014,PR0011,50,24,50,24,0,17059.92
2025-04-01,ST014,PR0012,13,49,40,22,0,18836.4
2025-04-01,ST014,PR0013,59,23,18,64,0,47671.68
2025-04-01,ST014,PR0014,46,48,8,86,0,12953.32
2025-04-01,ST014,PR0015,26,47,25,48,0,11548.32
2025-04-01,ST014,PR0016,25,6,31,0,9,0.0
2025-04-01,ST014,PR0017,60,0,2,58,0,17666.22
2025-04-01,ST014,PR0018,27,16,14,29,0,11952.64
2025-04-01,ST014,PR0019,22,21,24,19,0,9686.58
2025-04-01,ST014,PR0020,50,9,30,29,0,12030.07
2025-04-01,ST014,PR0021,8,54,16,46,0,29285.44
2025-04-01,ST014,PR0022,32,39,33,38,0,25624.92
2025-04-01,ST014,PR0023,35,22,28,29,0,18597.41
2025-04-01,ST014,PR0024,10,12,22,0,11,0.0
2025-04-01,ST014,PR0025,61,5,10,56,0,52536.4
2025-04-01,ST014,PR0026,65,51,33,83,0,66444.82
2025-04-01,ST014,PR0027,32,13,45,0,7,0.0
2025-04-01,ST014,PR0028,45,2,15,32,0,4604.8
2025-04-01,ST014,PR0029,7,50,21,36,0,9285.48
2025-04-01,ST014,PR0030,20,8,19,9,0,2662.38
2025-04-01,ST014,PR0031,27,23,15,35,0,13366.5
2025-04-01,ST014,PR0032,24,41,24,41,0,17784.16
2025-04-01,ST014,PR0033,11,23,7,27,0,12468.6
2025-04-01,ST014,PR0034,14,53,17,50,0,30300.0
2025-04-01,ST014,PR0035,34,5,30,9,0,4884.57
2025-04-01,ST014,PR0036,61,31,41,51,0,32589.51
2025-04-01,ST014,PR0037,12,40,14,38,0,29272.16
2025-04-01,ST014,PR0038,5,19,11,13,0,10065.9
2025-04-01,ST014,PR0039,48,5,45,8,0,7270.08
2025-04-01,ST014,PR0040,9,29,25,13,0,11439.22
2025-04-01,ST014,PR0041,27,45,27,45,0,44252.55
2025-04-01,ST014,PR0042,29,50,2,77,0,10822.35
2025-04-01,ST014,PR0043,56,2,20,38,0,7734.52
2025-04-01,ST014,PR0044,49,23,23,49,0,12804.19
2025-04-01,ST014,PR0045,60,22,36,46,0,13158.3
2025-04-01,ST014,PR0046,5,0,5,0,5,0.0
2025-04-01,ST014,PR0047,60,22,24,58,0,22346.82
2025-04-01,ST014,PR0048,37,8,27,18,0,8433.36
2025-04-01,ST014,PR0049,27,35,34,28,0,16779.0
2025-04-01,ST014,PR0050,36,38,20,54,0,32062.5
2025-04-01,ST014,PR0051,4,45,36,13,0,8439.47
2025-04-01,ST014,PR0052,30,52,10,72,0,47333.52
2025-04-01,ST014,PR0053,44,30,25,49,0,35559.79
2025-04-01,ST014,PR0054,56,27,25,58,0,57908.94
2025-04-01,ST014,PR0055,65,24,28,61,0,58774.11
2025-04-01,ST014,PR0056,9,31,35,5,0,888.05
2025-04-01,ST014,PR0057,7,41,6,42,0,8339.52
2025-04-01,ST014,PR0058,45,36,0,81,0,25075.98
2025-04-01,ST014,PR0059,43,46,23,66,0,19606.62
2025-04-01,ST014,PR0060,33,37,39,31,0,11776.59
2025-04-01,ST015,PR0001,63,4,24,43,0,10305.81
2025-04-01,ST015,PR0002,37,21,31,27,0,6271.83
2025-04-01,ST015,PR0003,34,32,42,24,0,7482.72
2025-04-01,ST015,PR0004,32,17,40,9,0,3202.83
2025-04-01,ST015,PR0005,35,10,27,18,0,8946.0
2025-04-01,ST015,PR0006,41,51,16,76,0,41600.88
2025-04-01,ST015,PR0007,60,37,39,58,0,38025.96
2025-04-01,ST015,PR0008,43,27,39,31,0,16323.36
2025-04-01,ST015,PR0009,8,6,9,5,0,3314.15
2025-04-01,ST015,PR0010,57,2,27,32,0,19393.92
2025-04-01,ST015,PR0011,59,6,4,61,0,43360.63
2025-04-01,ST015,PR0012,47,38,15,70,0,59934.0
2025-04-01,ST015,PR0013,54,10,11,53,0,39478.11
2025-04-01,ST015,PR0014,17,37,28,26,0,3916.12
2025-04-01,ST015,PR0015,18,37,34,21,0,5052.39
2025-04-01,ST015,PR0016,42,35,42,35,0,10127.6
2025-04-01,ST015,PR0017,27,37,30,34,0,10356.06
2025-04-01,ST015,PR0018,33,50,22,61,0,25141.76
2025-04-01,ST015,PR0019,62,42,14,90,0,45883.8
2025-04-01,ST015,PR0020,55,46,16,85,0,35260.55
2025-04-01,ST015,PR0021,37,20,29,28,0,17825.92
2025-04-01,ST015,PR0022,17,14,27,4,0,2697.36
2025-04-01,ST015,PR0023,27,40,28,39,0,25010.31
2025-04-01,ST015,PR0024,62,12,20,54,0,34666.38
2025-04-01,ST015,PR0025,16,1,17,0,8,0.0
2025-04-01,ST015,PR0026,11,38,23,26,0,20814.04
2025-04-01,ST015,PR0027,6,26,26,6,0,4609.02
2025-04-01,ST015,PR0028,19,51,9,61,0,8777.9
2025-04-01,ST015,PR0029,18,29,30,17,0,4384.81
2025-04-01,ST015,PR0030,35,21,3,53,0,15678.46
2025-04-01,ST015,PR0031,25,2,27,0,5,0.0
2025-04-01,ST015,PR0032,39,37,35,41,0,17784.16
2025-04-01,ST015,PR0033,18,29,2,45,0,20781.0
2025-04-01,ST015,PR0034,24,54,15,63,0,38178.0
2025-04-01,ST015,PR0035,9,33,21,21,0,11397.33
2025-04-01,ST015,PR0036,23,0,23,0,8,0.0
2025-04-01,ST015,PR0037,20,51,23,48,0,36975.36
2025-04-01,ST015,PR0038,56,15,0,71,0,54975.3
2025-04-01,ST015,PR0039,53,34,27,60,0,54525.6
2025-04-01,ST015,PR0040,10,27,33,4,0,3519.76
2025-04-01,ST015,PR0041,5,40,18,27,0,26551.53
2025-04-01,ST015,PR0042,14,21,10,25,0,3513.75
2025-04-01,ST015,PR0043,43,32,23,52,0,10584.08
2025-04-01,ST015,PR0044,36,48,29,55,0,14372.05
2025-04-01,ST015,PR0045,12,41,36,17,0,4862.85
2025-04-01,ST015,PR0046,11,16,2,25,0,8933.5
2025-04-01,ST015,PR0047,38,15,53,0,3,0.0
2025-04-01,ST015,PR0048,14,48,36,26,0,12181.52
2025-04-01,ST015,PR0049,48,37,12,73,0,43745.25
2025-04-01,ST015,PR0050,9,54,2,61,0,36218.75
2025-04-01,ST015,PR0051,20,36,5,51,0,33108.69
2025-04-01,ST015,PR0052,24,14,34,4,0,2629.64
2025-04-01,ST015,PR0053,41,31,27,45,0,32656.95
2025-04-01,ST015,PR0054,23,24,15,32,0,31949.76
2025-04-01,ST015,PR0055,4,23,26,1,8,963.51
2025-04-01,ST015,PR0056,34,21,9,46,0,8170.06
2025-04-01,ST015,PR0057,18,49,16,51,0,10126.56
2025-04-01,ST015,PR0058,34,18,14,38,0,11764.04
2025-04-01,ST015,PR0059,35,46,30,51,0,15150.57
2025-04-01,ST015,PR0060,24,37,16,45,0,17095.05
2025-04-01,ST016,PR0001,65,47,13,99,0,23727.33
2025-04-01,ST016,PR0002,56,55,16,95,0,22067.55
2025-04-01,ST016,PR0003,15,15,15,15,0,4676.7
2025-04-01,ST016,PR0004,49,21,53,17,0,6049.79
2025-04-01,ST016,PR0005,40,49,17,72,0,35784.0
2025-04-01,ST016,PR0006,21,54,14,61,0,33390.18
2025-04-01,ST016,PR0007,9,48,28,29,0,19012.98
2025-04-01,ST016,PR0008,57,26,52,31,0,16323.36
2025-04-01,ST016,PR0009,12,36,30,18,0,11930.94
2025-04-01,ST016,PR0010,30,4,30,4,0,2424.24
2025-04-01,ST016,PR0011,39,4,25,18,0,12794.94
2025-04-01,ST016,PR0012,12,13,25,0,3,0.0
2025-04-01,ST016,PR0013,40,25,21,44,0,32774.28
2025-04-01,ST016,PR0014,38,32,17,53,0,7982.86
2025-04-01,ST016,PR0015,9,39,37,11,0,2646.49
2025-04-01,ST016,PR0016,54,53,5,102,0,29514.72
2025-04-01,ST016,PR0017,17,52,12,57,0,17361.63
2025-04-01,ST016,PR0018,6,7,13,0,3,0.0
2025-04-01,ST016,PR0019,20,0,16,4,0,2039.28
2025-04-01,ST016,PR0020,17,3,16,4,0,1659.32
2025-04-01,ST016,PR0021,28,0,12,16,0,10186.24
2025-04-01,ST016,PR0022,45,47,28,64,0,43157.76
2025-04-01,ST016,PR0023,5,15,20,0,9,0.0
2025-04-01,ST016,PR0024,60,38,20,78,0,50073.66
2025-04-01,ST016,PR0025,4,19,5,18,0,16886.7
2025-04-01,ST016,PR0026,42,20,17,45,0,36024.3
2025-04-01,ST016,PR0027,11,45,22,34,0,26117.78
2025-04-01,ST016,PR0028,34,27,24,37,0,5324.3
2025-04-01,ST016,PR0029,34,30,0,64,0,16507.52
2025-04-01,ST016,PR0030,4,6,10,0,9,0.0
2025-04-01,ST016,PR0031,25,0,25,0,4,0.0
2025-04-01,ST016,PR0032,39,37,7,69,0,29929.44
2025-04-01,ST016,PR0033,19,6,19,6,0,2770.8
2025-04-01,ST016,PR0034,4,27,10,21,0,12726.0
2025-04-01,ST016,PR0035,26,13,7,32,0,17367.36
2025-04-01,ST016,PR0036,33,2,27,8,0,5112.08
2025-04-01,ST016,PR0037,51,33,21,63,0,48530.16
2025-04-01,ST016,PR0038,53,50,27,76,0,58846.8
2025-04-01,ST016,PR0039,43,27,25,45,0,40894.2
2025-04-01,ST016,PR0040,16,54,24,46,0,40477.24
2025-04-01,ST016,PR0041,54,53,0,107,0,105222.73
2025-04-01,ST016,PR0042,60,22,31,51,0,7168.05
2025-04-01,ST016,PR0043,42,2,27,17,0,3460.18
2025-04-01,ST016,PR0044,26,45,31,40,0,10452.4
2025-04-01,ST016,PR0045,38,47,4,81,0,23170.05
2025-04-01,ST016,PR0046,26,41,14,53,0,18939.02
2025-04-01,ST016,PR0047,59,24,33,50,0,19264.5
2025-04-01,ST016,PR0048,54,40,28,66,0,30922.32
2025-04-01,ST016,PR0049,37,37,17,57,0,34157.25
2025-04-01,ST016,PR0050,39,23,29,33,0,19593.75
2025-04-01,ST016,PR0051,52,23,36,39,0,25318.41
2025-04-01,ST016,PR0052,47,42,7,82,0,53907.62
2025-04-01,ST016,PR0053,55,43,49,49,0,35559.79
2025-04-01,ST016,PR0054,36,9,13,32,0,31949.76
2025-04-01,ST016,PR0055,43,18,10,51,0,49139.01
2025-04-01,ST016,PR0056,61,22,28,55,0,9768.55
2025-04-01,ST016,PR0057,62,55,13,104,0,20650.24
2025-04-01,ST016,PR0058,24,23,7,40,0,12383.2
2025-04-01,ST016,PR0059,34,20,25,29,0,8615.03
2025-04-01,ST016,PR0060,55,29,18,66,0,25072.74
2025-04-01,ST017,PR0001,25,43,4,64,0,15338.88
2025-04-01,ST017,PR0002,9,22,26,5,0,1161.45
2025-04-01,ST017,PR0003,41,49,40,50,0,15589.0
2025-04-01,ST017,PR0004,61,38,28,71,0,25266.77
2025-04-01,ST017,PR0005,8,4,12,0,12,0.0
2025-04-01,ST017,PR0006,12,55,6,61,0,33390.18
2025-04-01,ST017,PR0007,8,25,28,5,0,3278.1
2025-04-01,ST017,PR0008,30,7,35,2,6,1053.12
2025-04-01,ST017,PR0009,56,44,8,92,0,60980.36
2025-04-01,ST017,PR0010,47,48,16,79,0,47878.74
2025-04-01,ST017,PR0011,52,0,20,32,0,22746.56
2025-04-01,ST017,PR0012,46,20,14,52,0,44522.4
2025-04-01,ST017,PR0013,16,0,16,0,9,0.0
2025-04-01,ST017,PR0014,48,14,38,24,0,3614.88
2025-04-01,ST017,PR0015,33,1,6,28,0,6736.52
2025-04-01,ST017,PR0016,14,46,12,48,0,13889.28
2025-04-01,ST017,PR0017,47,15,27,35,0,10660.65
2025-04-01,ST017,PR0018,27,32,5,54,0,22256.64
2025-04-01,ST017,PR0019,19,28,15,32,0,16314.24
2025-04-01,ST017,PR0020,46,22,14,54,0,22400.82
2025-04-01,ST017,PR0021,65,40,14,91,0,57934.24
2025-04-01,ST017,PR0022,55,19,31,43,0,28996.62
2025-04-01,ST017,PR0023,28,30,30,28,0,17956.12
2025-04-01,ST017,PR0024,45,55,6,94,0,60345.18
2025-04-01,ST017,PR0025,50,18,16,52,0,48783.8
2025-04-01,ST017,PR0026,60,12,17,55,0,44029.7
2025-04-01,ST017,PR0027,10,14,18,6,0,4609.02
2025-04-01,ST017,PR0028,26,7,19,14,0,2014.6
2025-04-01,ST017,PR0029,5,13,15,3,0,773.79
2025-04-01,ST017,PR0030,53,52,5,100,0,29582.0
2025-04-01,ST017,PR0031,40,13,20,33,0,12602.7
2025-04-01,ST017,PR0032,20,37,7,50,0,21688.0
2025-04-01,ST017,PR0033,58,8,29,37,0,17086.6
2025-04-01,ST017,PR0034,19,46,18,47,0,28482.0
2025-04-01,ST017,PR0035,19,10,14,15,0,8140.95
2025-04-01,ST017,PR0036,35,33,20,48,0,30672.48
2025-04-01,ST017,PR0037,27,51,7,71,0,54692.72
2025-04-01,ST017,PR0038,41,9,29,21,0,16260.3
2025-04-01,ST017,PR0039,46,23,17,52,0,47255.52
2025-04-01,ST017,PR0040,11,22,21,12,0,10559.28
2025-04-01,ST017,PR0041,62,19,12,69,0,67853.91
2025-04-01,ST017,PR0042,9,8,17,0,9,0.0
2025-04-01,ST017,PR0043,19,27,20,26,0,5292.04
2025-04-01,ST017,PR0044,58,29,12,75,0,19598.25
2025-04-01,ST017,PR0045,22,44,17,49,0,14016.45
2025-04-01,ST017,PR0046,25,30,4,51,0,18224.34
2025-04-01,ST017,PR0047,61,35,37,59,0,22732.11
2025-04-01,ST017,PR0048,38,50,35,53,0,24831.56
2025-04-01,ST017,PR0049,14,3,8,9,0,5393.25
2025-04-01,ST017,PR0050,63,51,0,114,0,67687.5
2025-04-01,ST017,PR0051,25,48,20,53,0,34407.07
2025-04-01,ST017,PR0052,13,0,13,0,7,0.0
2025-04-01,ST017,PR0053,37,35,18,54,0,39188.34
2025-04-01,ST017,PR0054,61,46,17,90,0,89858.7
2025-04-01,ST017,PR0055,52,52,27,77,0,74190.27
2025-04-01,ST017,PR0056,16,33,22,27,0,4795.47
2025-04-01,ST017,PR0057,30,14,34,10,0,1985.6
2025-04-01,ST017,PR0058,60,52,23,89,0,27552.62
2025-04-01,ST017,PR0059,59,4,21,42,0,12476.94
2025-04-01,ST017,PR0060,35,40,14,61,0,23173.29
2025-04-01,ST018,PR0001,39,48,11,76,0,18214.92
2025-04-01,ST018,PR0002,63,51,36,78,0,18118.62
2025-04-01,ST018,PR0003,14,51,35,30,0,9353.4
2025-04-01,ST018,PR0004,37,22,13,46,0,16370.02
2025-04-01,ST018,PR0005,8,7,15,0,3,0.0
2025-04-01,ST018,PR0006,6,41,37,10,0,5473.8
2025-04-01,ST018,PR0007,40,6,25,21,0,13768.02
2025-04-01,ST018,PR0008,29,40,29,40,0,21062.4
2025-04-01,ST018,PR0009,11,26,22,15,0,9942.45
2025-04-01,ST018,PR0010,29,48,23,54,0,32727.24
2025-04-01,ST018,PR0011,10,28,16,22,0,15638.26
2025-04-01,ST018,PR0012,63,46,24,85,0,72777.0
2025-04-01,ST018,PR0013,39,11,27,23,0,17132.01
2025-04-01,ST018,PR0014,25,42,14,53,0,7982.86
2025-04-01,ST018,PR0015,42,38,30,50,0,12029.5
2025-04-01,ST018,PR0016,61,46,25,82,0,23727.52
2025-04-01,ST018,PR0017,36,13,6,43,0,13097.37
2025-04-01,ST018,PR0018,21,23,8,36,0,14837.76
2025-04-01,ST018,PR0019,22,5,15,12,0,6117.84
2025-04-01,ST018,PR0020,12,13,25,0,4,0.0
2025-04-01,ST018,PR0021,20,31,24,27,0,17189.28
2025-04-01,ST018,PR0022,45,38,12,71,0,47878.14
2025-04-01,ST018,PR0023,50,48,21,77,0,49379.33
2025-04-01,ST018,PR0024,9,29,32,6,0,3851.82
2025-04-01,ST018,PR0025,47,35,3,79,0,74113.85
2025-04-01,ST018,PR0026,64,39,7,96,0,76851.84
2025-04-01,ST018,PR0027,54,55,56,53,0,40713.01
2025-04-01,ST018,PR0028,28,15,12,31,0,4460.9
2025-04-01,ST018,PR0029,13,33,25,21,0,5416.53
2025-04-01,ST018,PR0030,17,51,11,57,0,16861.74
2025-04-01,ST018,PR0031,39,52,26,65,0,24823.5
2025-04-01,ST018,PR0032,44,27,22,49,0,21254.24
2025-04-01,ST018,PR0033,25,26,15,36,0,16624.8
2025-04-01,ST018,PR0034,8,22,0,30,0,18180.0
2025-04-01,ST018,PR0035,59,23,19,63,0,34191.99
2025-04-01,ST018,PR0036,8,18,22,4,0,2556.04
2025-04-01,ST018,PR0037,9,25,20,14,0,10784.48
2025-04-01,ST018,PR0038,26,43,15,54,0,41812.2
2025-04-01,ST018,PR0039,39,21,25,35,0,31806.6
2025-04-01,ST018,PR0040,32,39,36,35,0,30797.9
2025-04-01,ST018,PR0041,22,21,12,31,0,30485.09
2025-04-01,ST018,PR0042,49,33,31,51,0,7168.05
2025-04-01,ST018,PR0043,48,0,21,27,0,5495.58
2025-04-01,ST018,PR0044,18,13,8,23,0,6010.13
2025-04-01,ST018,PR0045,13,4,17,0,6,0.0
2025-04-01,ST018,PR0046,21,45,29,37,0,13221.58
2025-04-01,ST018,PR0047,7,52,24,35,0,13485.15
2025-04-01,ST018,PR0048,38,13,29,22,0,10307.44
2025-04-01,ST018,PR0049,43,8,27,24,0,14382.0
2025-04-01,ST018,PR0050,40,50,27,63,0,37406.25
2025-04-01,ST018,PR0051,12,32,1,43,0,27915.17
2025-04-01,ST018,PR0052,28,26,22,32,0,21037.12
2025-04-01,ST018,PR0053,19,55,37,37,0,26851.27
2025-04-01,ST018,PR0054,60,24,29,55,0,54913.65
2025-04-01,ST018,PR0055,5,35,36,4,0,3854.04
2025-04-01,ST018,PR0056,44,2,16,30,0,5328.3
2025-04-01,ST018,PR0057,43,20,0,63,0,12509.28
2025-04-01,ST018,PR0058,15,38,28,25,0,7739.5
2025-04-01,ST018,PR0059,60,20,12,68,0,20200.76
2025-04-01,ST018,PR0060,57,51,23,85,0,32290.65
2025-04-01,ST019,PR0001,34,46,24,56,0,13421.52
2025-04-01,ST019,PR0002,50,21,22,49,0,11382.21
2025-04-01,ST019,PR0003,9,19,0,28,0,8729.84
2025-04-01,ST019,PR0004,65,16,42,39,0,13878.93
2025-04-01,ST019,PR0005,4,25,29,0,10,0.0
2025-04-01,ST019,PR0006,53,2,23,32,0,17516.16
2025-04-01,ST019,PR0007,8,0,8,0,3,0.0
2025-04-01,ST019,PR0008,25,15,15,25,0,13164.0
2025-04-01,ST019,PR0009,10,51,39,22,0,14582.26
2025-04-01,ST019,PR0010,46,45,12,79,0,47878.74
2025-04-01,ST019,PR0011,54,14,21,47,0,33409.01
2025-04-01,ST019,PR0012,60,36,25,71,0,60790.2
2025-04-01,ST019,PR0013,13,32,37,8,0,5958.96
2025-04-01,ST019,PR0014,14,38,42,10,0,1506.2
2025-04-01,ST019,PR0015,10,27,15,22,0,5292.98
2025-04-01,ST019,PR0016,45,23,2,66,0,19097.76
2025-04-01,ST019,PR0017,64,43,10,97,0,29545.23
2025-04-01,ST019,PR0018,50,30,23,57,0,23493.12
2025-04-01,ST019,PR0019,52,25,29,48,0,24471.36
2025-04-01,ST019,PR0020,21,11,23,9,0,3733.47
2025-04-01,ST019,PR0021,36,55,25,66,0,42018.24
2025-04-01,ST019,PR0022,17,8,14,11,0,7417.74
2025-04-01,ST019,PR0023,22,43,15,50,0,32064.5
2025-04-01,ST019,PR0024,53,48,12,89,0,57135.33
2025-04-01,ST019,PR0025,12,10,0,22,0,20639.3
2025-04-01,ST019,PR0026,64,15,44,35,0,28018.9
2025-04-01,ST019,PR0027,40,14,41,13,0,9986.21
2025-04-01,ST019,PR0028,39,38,37,40,0,5756.0
2025-04-01,ST019,PR0029,34,13,31,16,0,4126.88
2025-04-01,ST019,PR0030,33,47,13,67,0,19819.94
2025-04-01,ST019,PR0031,57,34,31,60,0,22914.0
2025-04-01,ST019,PR0032,55,29,25,59,0,25591.84
2025-04-01,ST019,PR0033,12,21,10,23,0,10621.4
2025-04-01,ST019,PR0034,60,25,0,85,0,51510.0
2025-04-01,ST019,PR0035,57,45,14,88,0,47760.24
2025-04-01,ST019,PR0036,24,6,0,30,0,19170.3
2025-04-01,ST019,PR0037,41,23,33,31,0,23879.92
2025-04-01,ST019,PR0038,9,44,21,32,0,24777.6
2025-04-01,ST019,PR0039,63,5,26,42,0,38167.92
2025-04-01,ST019,PR0040,13,38,28,23,0,20238.62
2025-04-01,ST019,PR0041,27,21,13,35,0,34418.65
2025-04-01,ST019,PR0042,14,36,11,39,0,5481.45
2025-04-01,ST019,PR0043,8,30,38,0,5,0.0
2025-04-01,ST019,PR0044,44,23,28,39,0,10191.09
2025-04-01,ST019,PR0045,17,39,3,53,0,15160.65
2025-04-01,ST019,PR0046,48,5,21,32,0,11434.88
2025-04-01,ST019,PR0047,48,51,10,89,0,34290.81
2025-04-01,ST019,PR0048,41,51,31,61,0,28579.72
2025-04-01,ST019,PR0049,62,30,25,67,0,40149.75
2025-04-01,ST019,PR0050,58,44,0,102,0,60562.5
2025-04-01,ST019,PR0051,65,54,15,104,0,67515.76
2025-04-01,ST019,PR0052,47,37,20,64,0,42074.24
2025-04-01,ST019,PR0053,36,20,31,25,0,18142.75
2025-04-01,ST019,PR0054,34,6,22,18,0,17971.74
2025-04-01,ST019,PR0055,23,17,16,24,0,23124.24
2025-04-01,ST019,PR0056,10,25,23,12,0,2131.32
2025-04-01,ST019,PR0057,39,55,33,61,0,12112.16
2025-04-01,ST019,PR0058,57,10,21,46,0,14240.68
2025-04-01,ST019,PR0059,60,32,8,84,0,24953.88
2025-04-01,ST019,PR0060,46,27,32,41,0,15575.49
2025-04-01,ST020,PR0001,24,53,18,59,0,14140.53
2025-04-01,ST020,PR0002,21,40,12,49,0,11382.21
2025-04-01,ST020,PR0003,63,45,25,83,0,25877.74
2025-04-01,ST020,PR0004,54,50,27,77,0,27401.99
2025-04-01,ST020,PR0005,38,5,10,33,0,16401.0
2025-04-01,ST020,PR0006,52,11,35,28,0,15326.64
2025-04-01,ST020,PR0007,12,11,5,18,0,11801.16
2025-04-01,ST020,PR0008,23,4,27,0,12,0.0
2025-04-01,ST020,PR0009,32,53,19,66,0,43746.78
2025-04-01,ST020,PR0010,39,16,7,48,0,29090.88
2025-04-01,ST020,PR0011,48,33,33,48,0,34119.84
2025-04-01,ST020,PR0012,51,3,19,35,0,29967.0
2025-04-01,ST020,PR0013,43,52,17,78,0,58099.86
2025-04-01,ST020,PR0014,41,29,30,40,0,6024.8
2025-04-01,ST020,PR0015,27,23,17,33,0,7939.47
2025-04-01,ST020,PR0016,5,55,28,32,0,9259.52
2025-04-01,ST020,PR0017,64,28,13,79,0,24062.61
2025-04-01,ST020,PR0018,53,29,41,41,0,16898.56
2025-04-01,ST020,PR0019,54,28,16,66,0,33648.12
2025-04-01,ST020,PR0020,59,0,12,47,0,19497.01
2025-04-01,ST020,PR0021,43,4,0,47,0,29922.08
2025-04-01,ST020,PR0022,40,6,17,29,0,19555.86
2025-04-01,ST020,PR0023,27,35,48,14,0,8978.06
2025-04-01,ST020,PR0024,44,55,12,87,0,55851.39
2025-04-01,ST020,PR0025,11,16,18,9,0,8443.35
2025-04-01,ST020,PR0026,27,7,34,0,3,0.0
2025-04-01,ST020,PR0027,20,45,32,33,0,25349.61
2025-04-01,ST020,PR0028,19,48,23,44,0,6331.6
2025-04-01,ST020,PR0029,26,31,24,33,0,8511.69
2025-04-01,ST020,PR0030,34,44,40,38,0,11241.16
2025-04-01,ST020,PR0031,24,28,33,19,0,7256.1
2025-04-01,ST020,PR0032,39,17,18,38,0,16482.88
2025-04-01,ST020,PR0033,56,24,15,65,0,30017.0
2025-04-01,ST020,PR0034,25,43,7,61,0,36966.0
2025-04-01,ST020,PR0035,54,21,11,64,0,34734.72
2025-04-01,ST020,PR0036,62,11,32,41,0,26199.41
2025-04-01,ST020,PR0037,40,10,2,48,0,36975.36
2025-04-01,ST020,PR0038,25,23,43,5,0,3871.5
2025-04-01,ST020,PR0039,12,30,18,24,0,21810.24
2025-04-01,ST020,PR0040,32,52,23,61,0,53676.34
2025-04-01,ST020,PR0041,29,36,27,38,0,37368.82
2025-04-01,ST020,PR0042,52,5,39,18,0,2529.9
2025-04-01,ST020,PR0043,25,46,58,13,0,2646.02
2025-04-01,ST020,PR0044,62,45,19,88,0,22995.28
2025-04-01,ST020,PR0045,58,35,14,79,0,22597.95
2025-04-01,ST020,PR0046,25,38,5,58,0,20725.72
2025-04-01,ST020,PR0047,15,14,29,0,6,0.0
2025-04-01,ST020,PR0048,40,36,20,56,0,26237.12
2025-04-01,ST020,PR0049,60,53,24,89,0,53333.25
2025-04-01,ST020,PR0050,26,31,10,47,0,27906.25
2025-04-01,ST020,PR0051,45,21,12,54,0,35056.26
2025-04-01,ST020,PR0052,5,27,26,6,0,3944.46
2025-04-01,ST020,PR0053,58,16,33,41,0,29754.11
2025-04-01,ST020,PR0054,51,45,9,87,0,86863.41
2025-04-01,ST020,PR0055,52,39,31,60,0,57810.6
2025-04-01,ST020,PR0056,53,11,38,26,0,4617.86
2025-04-01,ST020,PR0057,6,4,10,0,9,0.0
2025-04-01,ST020,PR0058,19,27,29,17,0,5262.86
2025-04-01,ST020,PR0059,30,24,31,23,0,6832.61
2025-04-01,ST020,PR0060,65,39,24,80,0,30391.2
2025-04-01,ST021,PR0001,59,17,21,55,0,13181.85
2025-04-01,ST021,PR0002,28,32,18,42,0,9756.18
2025-04-01,ST021,PR0003,49,3,22,30,0,9353.4
2025-04-01,ST021,PR0004,46,3,1,48,0,17081.76
2025-04-01,ST021,PR0005,26,4,30,0,5,0.0
2025-04-01,ST021,PR0006,7,36,23,20,0,10947.6
2025-04-01,ST021,PR0007,44,42,21,65,0,42615.3
2025-04-01,ST021,PR0008,42,44,18,68,0,35806.08
2025-04-01,ST021,PR0009,45,15,25,35,0,23199.05
2025-04-01,ST021,PR0010,10,49,30,29,0,17575.74
2025-04-01,ST021,PR0011,49,34,31,52,0,36963.16
2025-04-01,ST021,PR0012,61,45,17,89,0,76201.8
2025-04-01,ST021,PR0013,47,34,30,51,0,37988.37
2025-04-01,ST021,PR0014,38,5,30,13,0,1958.06
2025-04-01,ST021,PR0015,19,7,11,15,0,3608.85
2025-04-01,ST021,PR0016,18,26,32,12,0,3472.32
2025-04-01,ST021,PR0017,44,42,26,60,0,18275.4
2025-04-01,ST021,PR0018,21,30,15,36,0,14837.76
2025-04-01,ST021,PR0019,43,21,35,29,0,14784.78
2025-04-01,ST021,PR0020,33,10,15,28,0,11615.24
2025-04-01,ST021,PR0021,23,3,11,15,0,9549.6
2025-04-01,ST021,PR0022,28,20,7,41,0,27647.94
2025-04-01,ST021,PR0023,29,16,30,15,0,9619.35
2025-04-01,ST021,PR0024,30,3,33,0,12,0.0
2025-04-01,ST021,PR0025,32,17,28,21,0,19701.15
2025-04-01,ST021,PR0026,20,16,15,21,0,16811.34
2025-04-01,ST021,PR0027,38,2,17,23,0,17667.91
2025-04-01,ST021,PR0028,58,50,40,68,0,9785.2
2025-04-01,ST021,PR0029,53,35,33,55,0,14186.15
2025-04-01,ST021,PR0030,55,41,15,81,0,23961.42
2025-04-01,ST021,PR0031,43,22,18,47,0,17949.3
2025-04-01,ST021,PR0032,22,35,16,41,0,17784.16
2025-04-01,ST021,PR0033,55,29,15,69,0,31864.2
2025-04-01,ST021,PR0034,55,52,20,87,0,52722.0
2025-04-01,ST021,PR0035,46,40,25,61,0,33106.53
2025-04-01,ST021,PR0036,52,2,12,42,0,26838.42
2025-04-01,ST021,PR0037,7,54,7,54,0,41597.28
2025-04-01,ST021,PR0038,65,52,25,92,0,71235.6
2025-04-01,ST021,PR0039,65,38,12,91,0,82697.16
2025-04-01,ST021,PR0040,54,23,46,31,0,27278.14
2025-04-01,ST021,PR0041,6,9,15,0,12,0.0
2025-04-01,ST021,PR0042,41,1,29,13,0,1827.15
2025-04-01,ST021,PR0043,37,51,29,59,0,12008.86
2025-04-01,ST021,PR0044,7,15,10,12,0,3135.72
2025-04-01,ST021,PR0045,54,36,10,80,0,22884.0
2025-04-01,ST021,PR0046,21,6,27,0,11,0.0
2025-04-01,ST021,PR0047,32,15,14,33,0,12714.57
2025-04-01,ST021,PR0048,30,31,28,33,0,15461.16
2025-04-01,ST021,PR0049,12,9,2,19,0,11385.75
2025-04-01,ST021,PR0050,32,15,5,42,0,24937.5
2025-04-01,ST021,PR0051,15,3,4,14,0,9088.66
2025-04-01,ST021,PR0052,11,20,31,0,9,0.0
2025-04-01,ST021,PR0053,65,2,0,67,0,48622.57
2025-04-01,ST021,PR0054,16,31,20,27,0,26957.61
2025-04-01,ST021,PR0055,8,27,29,6,0,5781.06
2025-04-01,ST021,PR0056,20,54,21,53,0,9413.33
2025-04-01,ST021,PR0057,42,8,16,34,0,6751.04
2025-04-01,ST021,PR0058,48,12,14,46,0,14240.68
2025-04-01,ST021,PR0059,38,9,15,32,0,9506.24
2025-04-01,ST021,PR0060,17,31,37,11,0,4178.79
2025-04-01,ST022,PR0001,4,17,21,0,11,0.0
2025-04-01,ST022,PR0002,19,14,33,0,9,0.0
2025-04-01,ST022,PR0003,59,51,32,78,0,24318.84
2025-04-01,ST022,PR0004,62,6,0,68,0,24199.16
2025-04-01,ST022,PR0005,48,12,30,30,0,14910.0
2025-04-01,ST022,PR0006,6,7,13,0,4,0.0
2025-04-01,ST022,PR0007,35,8,31,12,0,7867.44
2025-04-01,ST022,PR0008,45,30,22,53,0,27907.68
2025-04-01,ST022,PR0009,6,6,9,3,0,1988.49
2025-04-01,ST022,PR0010,44,1,28,17,0,10303.02
2025-04-01,ST022,PR0011,55,5,38,22,0,15638.26
2025-04-01,ST022,PR0012,34,55,24,65,0,55653.0
2025-04-01,ST022,PR0013,57,50,23,84,0,62569.08
2025-04-01,ST022,PR0014,40,9,16,33,0,4970.46
2025-04-01,ST022,PR0015,27,5,26,6,0,1443.54
2025-04-01,ST022,PR0016,43,21,45,19,0,5497.84
2025-04-01,ST022,PR0017,32,22,14,40,0,12183.6
2025-04-01,ST022,PR0018,65,34,7,92,0,37918.72
2025-04-01,ST022,PR0019,48,26,9,65,0,33138.3
2025-04-01,ST022,PR0020,4,1,5,0,4,0.0
2025-04-01,ST022,PR0021,10,13,23,0,4,0.0
2025-04-01,ST022,PR0022,35,4,0,39,0,26299.26
2025-04-01,ST022,PR0023,10,44,0,54,0,34629.66
2025-04-01,ST022,PR0024,37,23,19,41,0,26320.77
2025-04-01,ST022,PR0025,60,9,40,29,0,27206.35
2025-04-01,ST022,PR0026,39,29,35,33,0,26417.82
2025-04-01,ST022,PR0027,52,11,31,32,0,24581.44
2025-04-01,ST022,PR0028,27,49,19,57,0,8202.3
2025-04-01,ST022,PR0029,34,50,22,62,0,15991.66
2025-04-01,ST022,PR0030,9,53,29,33,0,9762.06
2025-04-01,ST022,PR0031,34,19,21,32,0,12220.8
2025-04-01,ST022,PR0032,6,40,12,34,0,14747.84
2025-04-01,ST022,PR0033,10,25,26,9,0,4156.2
2025-04-01,ST022,PR0034,48,16,3,61,0,36966.0
2025-04-01,ST022,PR0035,40,49,37,52,0,28221.96
2025-04-01,ST022,PR0036,51,10,23,38,0,24282.38
2025-04-01,ST022,PR0037,19,54,18,55,0,42367.6
2025-04-01,ST022,PR0038,7,2,9,0,12,0.0
2025-04-01,ST022,PR0039,54,2,17,39,0,35441.64
2025-04-01,ST022,PR0040,28,25,16,37,0,32557.78
2025-04-01,ST022,PR0041,20,42,38,24,0,23601.36
2025-04-01,ST022,PR0042,30,11,9,32,0,4497.6
2025-04-01,ST022,PR0043,41,31,24,48,0,9769.92
2025-04-01,ST022,PR0044,55,21,19,57,0,14894.67
2025-04-01,ST022,PR0045,4,19,23,0,7,0.0
2025-04-01,ST022,PR0046,30,36,4,62,0,22155.08
2025-04-01,ST022,PR0047,59,42,33,68,0,26199.72
2025-04-01,ST022,PR0048,51,15,39,27,0,12650.04
2025-04-01,ST022,PR0049,4,33,14,23,0,13782.75
2025-04-01,ST022,PR0050,22,37,19,40,0,23750.0
2025-04-01,ST022,PR0051,47,1,18,30,0,19475.7
2025-04-01,ST022,PR0052,13,20,33,0,10,0.0
2025-04-01,ST022,PR0053,54,31,10,75,0,54428.25
2025-04-01,ST022,PR0054,30,48,21,57,0,56910.51
2025-04-01,ST022,PR0055,35,20,24,31,0,29868.81
2025-04-01,ST022,PR0056,57,21,27,51,0,9058.11
2025-04-01,ST022,PR0057,52,45,0,97,0,19260.32
2025-04-01,ST022,PR0058,20,49,49,20,0,6191.6
2025-04-01,ST022,PR0059,33,16,7,42,0,12476.94
2025-04-01,ST022,PR0060,41,17,13,45,0,17095.05
2025-04-01,ST023,PR0001,6,22,28,0,3,0.0
2025-04-01,ST023,PR0002,20,30,6,44,0,10220.76
2025-04-01,ST023,PR0003,65,34,25,74,0,23071.72
2025-04-01,ST023,PR0004,41,43,26,58,0,20640.46
2025-04-01,ST023,PR0005,41,4,17,28,0,13916.0
2025-04-01,ST023,PR0006,51,32,0,83,0,45432.54
2025-04-01,ST023,PR0007,52,25,27,50,0,32781.0
2025-04-01,ST023,PR0008,33,46,9,70,0,36859.2
2025-04-01,ST023,PR0009,45,6,29,22,0,14582.26
2025-04-01,ST023,PR0010,18,48,13,53,0,32121.18
2025-04-01,ST023,PR0011,60,34,32,62,0,44071.46
2025-04-01,ST023,PR0012,7,47,22,32,0,27398.4
2025-04-01,ST023,PR0013,21,4,13,12,0,8938.44
2025-04-01,ST023,PR0014,52,28,16,64,0,9639.68
2025-04-01,ST023,PR0015,53,13,0,66,0,15878.94
2025-04-01,ST023,PR0016,59,4,35,28,0,8102.08
2025-04-01,ST023,PR0017,37,3,23,17,0,5178.03
2025-04-01,ST023,PR0018,38,24,3,59,0,24317.44
2025-04-01,ST023,PR0019,4,43,19,28,0,14274.96
2025-04-01,ST023,PR0020,46,33,17,62,0,25719.46
2025-04-01,ST023,PR0021,25,53,14,64,0,40744.96
2025-04-01,ST023,PR0022,5,18,0,23,0,15509.82
2025-04-01,ST023,PR0023,32,51,18,65,0,41683.85
2025-04-01,ST023,PR0024,14,36,15,35,0,22468.95
2025-04-01,ST023,PR0025,34,22,13,43,0,40340.45
2025-04-01,ST023,PR0026,43,25,1,67,0,53636.18
2025-04-01,ST023,PR0027,14,11,25,0,12,0.0
2025-04-01,ST023,PR0028,48,23,15,56,0,8058.4
2025-04-01,ST023,PR0029,48,35,31,52,0,13412.36
2025-04-01,ST023,PR0030,41,34,8,67,0,19819.94
2025-04-01,ST023,PR0031,25,27,15,37,0,14130.3
2025-04-01,ST023,PR0032,8,13,21,0,5,0.0
2025-04-01,ST023,PR0033,41,9,16,34,0,15701.2
2025-04-01,ST023,PR0034,65,34,27,72,0,43632.0
2025-04-01,ST023,PR0035,31,0,21,10,0,5427.3
2025-04-01,ST023,PR0036,60,46,28,78,0,49842.78
2025-04-01,ST023,PR0037,43,49,4,88,0,67788.16
2025-04-01,ST023,PR0038,43,55,20,78,0,60395.4
2025-04-01,ST023,PR0039,41,50,28,63,0,57251.88
2025-04-01,ST023,PR0040,22,33,28,27,0,23758.38
2025-04-01,ST023,PR0041,4,36,30,10,0,9833.9
2025-04-01,ST023,PR0042,48,48,17,79,0,11103.45
2025-04-01,ST023,PR0043,11,21,6,26,0,5292.04
2025-04-01,ST023,PR0044,23,14,31,6,0,1567.86
2025-04-01,ST023,PR0045,36,35,20,51,0,14588.55
2025-04-01,ST023,PR0046,27,20,17,30,0,10720.2
2025-04-01,ST023,PR0047,23,41,43,21,0,8091.09
2025-04-01,ST023,PR0048,61,46,27,80,0,37481.6
2025-04-01,ST023,PR0049,60,27,25,62,0,37153.5
2025-04-01,ST023,PR0050,21,45,0,66,0,39187.5
2025-04-01,ST023,PR0051,26,36,19,43,0,27915.17
2025-04-01,ST023,PR0052,65,29,20,74,0,48648.34
2025-04-01,ST023,PR0053,7,52,33,26,0,18868.46
2025-04-01,ST023,PR0054,26,25,34,17,0,16973.31
2025-04-01,ST023,PR0055,13,9,16,6,0,5781.06
2025-04-01,ST023,PR0056,13,26,6,33,0,5861.13
2025-04-01,ST023,PR0057,50,54,30,74,0,14693.44
2025-04-01,ST023,PR0058,57,47,0,104,0,32196.32
2025-04-01,ST023,PR0059,54,52,22,84,0,24953.88
2025-04-01,ST023,PR0060,35,5,32,8,0,3039.12
2025-04-01,ST024,PR0001,24,21,19,26,0,6231.42
2025-04-01,ST024,PR0002,52,52,14,90,0,20906.1
2025-04-01,ST024,PR0003,59,20,43,36,0,11224.08
2025-04-01,ST024,PR0004,35,26,36,25,0,8896.75
2025-04-01,ST024,PR0005,9,51,5,55,0,27335.0
2025-04-01,ST024,PR0006,36,41,22,55,0,30105.9
2025-04-01,ST024,PR0007,6,3,9,0,4,0.0
2025-04-01,ST024,PR0008,53,8,23,38,0,20009.28
2025-04-01,ST024,PR0009,60,9,13,56,0,37118.48
2025-04-01,ST024,PR0010,41,31,25,47,0,28484.82
2025-04-01,ST024,PR0011,43,32,5,70,0,49758.1
2025-04-01,ST024,PR0012,40,9,31,18,0,15411.6
2025-04-01,ST024,PR0013,23,27,14,36,0,26815.32
2025-04-01,ST024,PR0014,30,18,37,11,0,1656.82
2025-04-01,ST024,PR0015,25,26,22,29,0,6977.11
2025-04-01,ST024,PR0016,24,22,20,26,0,7523.36
2025-04-01,ST024,PR0017,38,6,13,31,0,9442.29
2025-04-01,ST024,PR0018,5,2,7,0,9,0.0
2025-04-01,ST024,PR0019,41,0,6,35,0,17843.7
2025-04-01,ST024,PR0020,49,42,28,63,0,26134.29
2025-04-01,ST024,PR0021,28,44,12,60,0,38198.4
2025-04-01,ST024,PR0022,64,41,15,90,0,60690.6
2025-04-01,ST024,PR0023,36,10,27,19,0,12184.51
2025-04-01,ST024,PR0024,16,14,12,18,0,11555.46
2025-04-01,ST024,PR0025,20,37,26,31,0,29082.65
2025-04-01,ST024,PR0026,48,53,19,82,0,65644.28
2025-04-01,ST024,PR0027,38,20,26,32,0,24581.44
2025-04-01,ST024,PR0028,36,2,36,2,10,287.8
2025-04-01,ST024,PR0029,15,6,21,0,10,0.0
2025-04-01,ST024,PR0030,36,41,47,30,0,8874.6
2025-04-01,ST024,PR0031,27,34,51,10,0,3819.0
2025-04-01,ST024,PR0032,64,49,17,96,0,41640.96
2025-04-01,ST024,PR0033,32,27,24,35,0,16163.0
2025-04-01,ST024,PR0034,33,10,34,9,0,5454.0
2025-04-01,ST024,PR0035,56,44,22,78,0,42332.94
2025-04-01,ST024,PR0036,10,31,32,9,0,5751.09
2025-04-01,ST024,PR0037,13,4,17,0,12,0.0
2025-04-01,ST024,PR0038,19,4,20,3,0,2322.9
2025-04-01,ST024,PR0039,8,0,8,0,5,0.0
2025-04-01,ST024,PR0040,42,5,23,24,0,21118.56
2025-04-01,ST024,PR0041,7,4,11,0,12,0.0
2025-04-01,ST024,PR0042,13,53,31,35,0,4919.25
2025-04-01,ST024,PR0043,50,16,38,28,0,5699.12
2025-04-01,ST024,PR0044,31,48,13,66,0,17246.46
2025-04-01,ST024,PR0045,7,11,18,0,4,0.0
2025-04-01,ST024,PR0046,20,20,14,26,0,9290.84
2025-04-01,ST024,PR0047,14,45,36,23,0,8861.67
2025-04-01,ST024,PR0048,64,35,38,61,0,28579.72
2025-04-01,ST024,PR0049,52,27,2,77,0,46142.25
2025-04-01,ST024,PR0050,46,41,4,83,0,49281.25
2025-04-01,ST024,PR0051,46,3,45,4,0,2596.76
2025-04-01,ST024,PR0052,61,45,8,98,0,64426.18
2025-04-01,ST024,PR0053,26,21,16,31,0,22497.01
2025-04-01,ST024,PR0054,34,40,27,47,0,46926.21
2025-04-01,ST024,PR0055,43,43,15,71,0,68409.21
2025-04-01,ST024,PR0056,63,27,38,52,0,9235.72
2025-04-01,ST024,PR0057,42,51,21,72,0,14296.32
2025-04-01,ST024,PR0058,54,27,21,60,0,18574.8
2025-04-01,ST024,PR0059,37,32,25,44,0,13071.08
2025-04-01,ST024,PR0060,54,33,26,61,0,23173.29
2025-05-01,ST001,PR0001,4,51,0,55,0,13181.85
2025-05-01,ST001,PR0002,22,24,16,30,0,6968.7
2025-05-01,ST001,PR0003,49,20,24,45,0,14030.1
2025-05-01,ST001,PR0004,8,26,17,17,0,6049.79
2025-05-01,ST001,PR0005,51,49,14,86,0,42742.0
2025-05-01,ST001,PR0006,14,9,23,0,11,0.0
2025-05-01,ST001,PR0007,34,12,9,37,0,24257.94
2025-05-01,ST001,PR0008,64,31,24,71,0,37385.76
2025-05-01,ST001,PR0009,22,53,24,51,0,33804.33
2025-05-01,ST001,PR0010,28,20,42,6,0,3636.36
2025-05-01,ST001,PR0011,10,54,24,40,0,28433.2
2025-05-01,ST001,PR0012,6,25,27,4,0,3424.8
2025-05-01,ST001,PR0013,30,34,19,45,0,33519.15
2025-05-01,ST001,PR0014,32,15,13,34,0,5121.08
2025-05-01,ST001,PR0015,46,16,16,46,0,11067.14
2025-05-01,ST001,PR0016,22,10,32,0,3,0.0
2025-05-01,ST001,PR0017,59,12,19,52,0,15838.68
2025-05-01,ST001,PR0018,62,30,8,84,0,34621.44
2025-05-01,ST001,PR0019,5,6,5,6,0,3058.92
2025-05-01,ST001,PR0020,58,24,21,61,0,25304.63
2025-05-01,ST001,PR0021,29,47,13,63,0,40108.32
2025-05-01,ST001,PR0022,6,43,30,19,0,12812.46
2025-05-01,ST001,PR0023,41,27,28,40,0,25651.6
2025-05-01,ST001,PR0024,41,3,16,28,0,17975.16
2025-05-01,ST001,PR0025,54,6,21,39,0,36587.85
2025-05-01,ST001,PR0026,59,0,35,24,0,19212.96
2025-05-01,ST001,PR0027,30,45,13,62,0,47626.54
2025-05-01,ST001,PR0028,6,13,19,0,4,0.0
2025-05-01,ST001,PR0029,6,51,18,39,0,10059.27
2025-05-01,ST001,PR0030,20,43,0,63,0,18636.66
2025-05-01,ST001,PR0031,16,21,26,11,0,4200.9
2025-05-01,ST001,PR0032,36,8,6,38,0,16482.88
2025-05-01,ST001,PR0033,47,16,4,59,0,27246.2
2025-05-01,ST001,PR0034,32,35,34,33,0,19998.0
2025-05-01,ST001,PR0035,35,54,26,63,0,34191.99
2025-05-01,ST001,PR0036,33,31,26,38,0,24282.38
2025-05-01,ST001,PR0037,21,7,3,25,0,19258.0
2025-05-01,ST001,PR0038,15,23,14,24,0,18583.2
2025-05-01,ST001,PR0039,44,51,17,78,0,70883.28
2025-05-01,ST001,PR0040,42,55,58,39,0,34317.66
2025-05-01,ST001,PR0041,24,32,6,50,0,49169.5
2025-05-01,ST001,PR0042,59,38,25,72,0,10119.6
2025-05-01,ST001,PR0043,39,6,40,5,0,1017.7
2025-05-01,ST001,PR0044,43,8,25,26,0,6794.06
2025-05-01,ST001,PR0045,43,29,25,47,0,13444.35
2025-05-01,ST001,PR0046,48,48,16,80,0,28587.2
2025-05-01,ST001,PR0047,45,0,14,31,0,11943.99
2025-05-01,ST001,PR0048,26,5,15,16,0,7496.32
2025-05-01,ST001,PR0049,57,53,0,110,0,65917.5
2025-05-01,ST001,PR0050,27,14,22,19,0,11281.25
2025-05-01,ST001,PR0051,47,31,21,57,0,37003.83
2025-05-01,ST001,PR0052,20,53,19,54,0,35500.14
2025-05-01,ST001,PR0053,64,19,19,64,0,46445.44
2025-05-01,ST001,PR0054,54,12,28,38,0,37940.34
2025-05-01,ST001,PR0055,44,45,36,53,0,51066.03
2025-05-01,ST001,PR0056,47,35,47,35,0,6216.35
2025-05-01,ST001,PR0057,63,31,35,59,0,11715.04
2025-05-01,ST001,PR0058,48,40,10,78,0,24147.24
2025-05-01,ST001,PR0059,45,15,20,40,0,11882.8
2025-05-01,ST001,PR0060,47,44,6,85,0,32290.65
2025-05-01,ST002,PR0001,58,17,20,55,0,13181.85
2025-05-01,ST002,PR0002,64,34,12,86,0,19976.94
2025-05-01,ST002,PR0003,61,9,22,48,0,14965.44
2025-05-01,ST002,PR0004,26,3,10,19,0,6761.53
2025-05-01,ST002,PR0005,51,31,32,50,0,24850.0
2025-05-01,ST002,PR0006,34,38,23,49,0,26821.62
2025-05-01,ST002,PR0007,56,11,35,32,0,20979.84
2025-05-01,ST002,PR0008,10,46,15,41,0,21588.96
2025-05-01,ST002,PR0009,14,46,26,34,0,22536.22
2025-05-01,ST002,PR0010,12,42,32,22,0,13333.32
2025-05-01,ST002,PR0011,33,15,17,31,0,22035.73
2025-05-01,ST002,PR0012,61,21,24,58,0,49659.6
2025-05-01,ST002,PR0013,63,26,13,76,0,56610.12
2025-05-01,ST002,PR0014,62,46,15,93,0,14007.66
2025-05-01,ST002,PR0015,40,20,0,60,0,14435.4
2025-05-01,ST002,PR0016,39,17,6,50,0,14468.0
2025-05-01,ST002,PR0017,46,0,23,23,0,7005.57
2025-05-01,ST002,PR0018,46,28,10,64,0,26378.24
2025-05-01,ST002,PR0019,6,18,8,16,0,8157.12
2025-05-01,ST002,PR0020,36,16,40,12,0,4977.96
2025-05-01,ST002,PR0021,41,8,2,47,0,29922.08
2025-05-01,ST002,PR0022,52,24,16,60,0,40460.4
2025-05-01,ST002,PR0023,5,49,20,34,0,21803.86
2025-05-01,ST002,PR0024,33,21,25,29,0,18617.13
2025-05-01,ST002,PR0025,36,15,5,46,0,43154.9
2025-05-01,ST002,PR0026,40,2,21,21,0,16811.34
2025-05-01,ST002,PR0027,23,45,14,54,0,41481.18
2025-05-01,ST002,PR0028,50,8,12,46,0,6619.4
2025-05-01,ST002,PR0029,35,4,1,38,0,9801.34
2025-05-01,ST002,PR0030,34,41,26,49,0,14495.18
2025-05-01,ST002,PR0031,39,25,22,42,0,16039.8
2025-05-01,ST002,PR0032,38,4,18,24,0,10410.24
2025-05-01,ST002,PR0033,35,26,11,50,0,23090.0
2025-05-01,ST002,PR0034,12,15,27,0,12,0.0
2025-05-01,ST002,PR0035,35,29,27,37,0,20081.01
2025-05-01,ST002,PR0036,32,27,7,52,0,33228.52
2025-05-01,ST002,PR0037,11,16,13,14,0,10784.48
2025-05-01,ST002,PR0038,51,9,10,50,0,38715.0
2025-05-01,ST002,PR0039,52,13,24,41,0,37259.16
2025-05-01,ST002,PR0040,21,8,29,0,6,0.0
2025-05-01,ST002,PR0041,48,10,15,43,0,42285.77
2025-05-01,ST002,PR0042,38,50,14,74,0,10400.7
2025-05-01,ST002,PR0043,18,44,13,49,0,9973.46
2025-05-01,ST002,PR0044,24,39,34,29,0,7577.99
2025-05-01,ST002,PR0045,41,19,21,39,0,11155.95
2025-05-01,ST002,PR0046,15,38,37,16,0,5717.44
2025-05-01,ST002,PR0047,54,14,17,51,0,19649.79
2025-05-01,ST002,PR0048,61,26,35,52,0,24363.04
2025-05-01,ST002,PR0049,27,32,12,47,0,28164.75
2025-05-01,ST002,PR0050,6,4,10,0,6,0.0
2025-05-01,ST002,PR0051,52,4,22,34,0,22072.46
2025-05-01,ST002,PR0052,45,40,24,61,0,40102.01
2025-05-01,ST002,PR0053,31,7,14,24,0,17417.04
2025-05-01,ST002,PR0054,64,27,19,72,0,71886.96
2025-05-01,ST002,PR0055,26,42,5,63,0,60701.13
2025-05-01,ST002,PR0056,6,53,32,27,0,4795.47
2025-05-01,ST002,PR0057,32,23,20,35,0,6949.6
2025-05-01,ST002,PR0058,14,33,18,29,0,8977.82
2025-05-01,ST002,PR0059,56,21,12,65,0,19309.55
2025-05-01,ST002,PR0060,33,23,24,32,0,12156.48
2025-05-01,ST003,PR0001,43,20,19,44,0,10545.48
2025-05-01,ST003,PR0002,17,9,19,7,0,1626.03
2025-05-01,ST003,PR0003,26,49,25,50,0,15589.0
2025-05-01,ST003,PR0004,7,8,15,0,5,0.0
2025-05-01,ST003,PR0005,52,12,25,39,0,19383.0
2025-05-01,ST003,PR0006,58,26,16,68,0,37221.84
2025-05-01,ST003,PR0007,14,12,15,11,0,7211.82
2025-05-01,ST003,PR0008,27,14,12,29,0,15270.24
2025-05-01,ST003,PR0009,49,22,4,67,0,44409.61
2025-05-01,ST003,PR0010,28,11,3,36,0,21818.16
2025-05-01,ST003,PR0011,4,13,17,0,11,0.0
2025-05-01,ST003,PR0012,62,0,17,45,0,38529.0
2025-05-01,ST003,PR0013,53,52,31,74,0,55120.38
2025-05-01,ST003,PR0014,41,48,28,61,0,9187.82
2025-05-01,ST003,PR0015,28,36,9,55,0,13232.45
2025-05-01,ST003,PR0016,20,36,34,22,0,6365.92
2025-05-01,ST003,PR0017,35,52,23,64,0,19493.76
2025-05-01,ST003,PR0018,5,51,16,40,0,16486.4
2025-05-01,ST003,PR0019,50,55,25,80,0,40785.6
2025-05-01,ST003,PR0020,60,0,27,33,0,13689.39
2025-05-01,ST003,PR0021,27,24,23,28,0,17825.92
2025-05-01,ST003,PR0022,64,18,33,49,0,33042.66
2025-05-01,ST003,PR0023,50,42,37,55,0,35270.95
2025-05-01,ST003,PR0024,19,11,0,30,0,19259.1
2025-05-01,ST003,PR0025,25,37,18,44,0,41278.6
2025-05-01,ST003,PR0026,8,48,42,14,0,11207.56
2025-05-01,ST003,PR0027,16,5,21,0,10,0.0
2025-05-01,ST003,PR0028,22,23,23,22,0,3165.8
2025-05-01,ST003,PR0029,35,13,30,18,0,4642.74
2025-05-01,ST003,PR0030,57,49,31,75,0,22186.5
2025-05-01,ST003,PR0031,59,20,25,54,0,20622.6
2025-05-01,ST003,PR0032,54,42,23,73,0,31664.48
2025-05-01,ST003,PR0033,64,35,9,90,0,41562.0
2025-05-01,ST003,PR0034,28,49,7,70,0,42420.0
2025-05-01,ST003,PR0035,11,52,26,37,0,20081.01
2025-05-01,ST003,PR0036,44,52,21,75,0,47925.75
2025-05-01,ST003,PR0037,45,41,37,49,0,37745.68
2025-05-01,ST003,PR0038,33,26,19,40,0,30972.0
2025-05-01,ST003,PR0039,56,13,33,36,0,32715.36
2025-05-01,ST003,PR0040,50,17,37,30,0,26398.2
2025-05-01,ST003,PR0041,51,37,18,70,0,68837.3
2025-05-01,ST003,PR0042,45,34,20,59,0,8292.45
2025-05-01,ST003,PR0043,40,29,4,65,0,13230.1
2025-05-01,ST003,PR0044,32,17,6,43,0,11236.33
2025-05-01,ST003,PR0045,33,43,4,72,0,20595.6
2025-05-01,ST003,PR0046,57,0,23,34,0,12149.56
2025-05-01,ST003,PR0047,43,26,40,29,0,11173.41
2025-05-01,ST003,PR0048,11,26,37,0,10,0.0
2025-05-01,ST003,PR0049,57,4,13,48,0,28764.0
2025-05-01,ST003,PR0050,52,27,19,60,0,35625.0
2025-05-01,ST003,PR0051,58,24,11,71,0,46092.49
2025-05-01,ST003,PR0052,26,55,17,64,0,42074.24
2025-05-01,ST003,PR0053,28,40,16,52,0,37736.92
2025-05-01,ST003,PR0054,32,2,34,0,4,0.0
2025-05-01,ST003,PR0055,16,43,0,59,0,56847.09
2025-05-01,ST003,PR0056,48,22,15,55,0,9768.55
2025-05-01,ST003,PR0057,19,29,26,22,0,4368.32
2025-05-01,ST003,PR0058,8,35,26,17,0,5262.86
2025-05-01,ST003,PR0059,22,20,23,19,0,5644.33
2025-05-01,ST003,PR0060,16,36,7,45,0,17095.05
2025-05-01,ST004,PR0001,22,54,12,64,0,15338.88
2025-05-01,ST004,PR0002,40,33,44,29,0,6736.41
2025-05-01,ST004,PR0003,47,24,14,57,0,17771.46
2025-05-01,ST004,PR0004,31,29,31,29,0,10320.23
2025-05-01,ST004,PR0005,28,32,8,52,0,25844.0
2025-05-01,ST004,PR0006,40,25,26,39,0,21347.82
2025-05-01,ST004,PR0007,53,21,13,61,0,39992.82
2025-05-01,ST004,PR0008,31,42,32,41,0,21588.96
2025-05-01,ST004,PR0009,62,22,12,72,0,47723.76
2025-05-01,ST004,PR0010,10,21,31,0,3,0.0
2025-05-01,ST004,PR0011,56,52,10,98,0,69661.34
2025-05-01,ST004,PR0012,17,10,16,11,0,9418.2
2025-05-01,ST004,PR0013,55,19,9,65,0,48416.55
2025-05-01,ST004,PR0014,19,52,7,64,0,9639.68
2025-05-01,ST004,PR0015,56,45,13,88,0,21171.92
2025-05-01,ST004,PR0016,65,2,19,48,0,13889.28
2025-05-01,ST004,PR0017,6,43,17,32,0,9746.88
2025-05-01,ST004,PR0018,54,25,30,49,0,20195.84
2025-05-01,ST004,PR0019,52,54,8,98,0,49962.36
2025-05-01,ST004,PR0020,22,7,6,23,0,9541.09
2025-05-01,ST004,PR0021,35,18,32,21,0,13369.44
2025-05-01,ST004,PR0022,42,44,15,71,0,47878.14
2025-05-01,ST004,PR0023,32,25,13,44,0,28216.76
2025-05-01,ST004,PR0024,58,2,0,60,0,38518.2
2025-05-01,ST004,PR0025,15,22,32,5,0,4690.75
2025-05-01,ST004,PR0026,51,34,24,61,0,48832.94
2025-05-01,ST004,PR0027,29,40,8,61,0,46858.37
2025-05-01,ST004,PR0028,9,3,12,0,12,0.0
2025-05-01,ST004,PR0029,59,5,17,47,0,12122.71
2025-05-01,ST004,PR0030,17,9,26,0,4,0.0
2025-05-01,ST004,PR0031,38,45,15,68,0,25969.2
2025-05-01,ST004,PR0032,11,6,4,13,0,5638.88
2025-05-01,ST004,PR0033,49,32,35,46,0,21242.8
2025-05-01,ST004,PR0034,21,12,33,0,8,0.0
2025-05-01,ST004,PR0035,16,39,22,33,0,17910.09
2025-05-01,ST004,PR0036,59,34,34,59,0,37701.59
2025-05-01,ST004,PR0037,41,33,26,48,0,36975.36
2025-05-01,ST004,PR0038,32,14,13,33,0,25551.9
2025-05-01,ST004,PR0039,28,28,25,31,0,28171.56
2025-05-01,ST004,PR0040,61,45,18,88,0,77434.72
2025-05-01,ST004,PR0041,48,6,24,30,0,29501.7
2025-05-01,ST004,PR0042,5,7,12,0,7,0.0
2025-05-01,ST004,PR0043,49,55,36,68,0,13840.72
2025-05-01,ST004,PR0044,48,33,21,60,0,15678.6
2025-05-01,ST004,PR0045,37,19,33,23,0,6579.15
2025-05-01,ST004,PR0046,41,26,14,53,0,18939.02
2025-05-01,ST004,PR0047,15,55,22,48,0,18493.92
2025-05-01,ST004,PR0048,5,24,9,20,0,9370.4
2025-05-01,ST004,PR0049,39,21,5,55,0,32958.75
2025-05-01,ST004,PR0050,58,25,19,64,0,38000.0
2025-05-01,ST004,PR0051,55,4,25,34,0,22072.46
2025-05-01,ST004,PR0052,49,5,4,50,0,32870.5
2025-05-01,ST004,PR0053,63,21,24,60,0,43542.6
2025-05-01,ST004,PR0054,18,45,0,63,0,62901.09
2025-05-01,ST004,PR0055,13,48,16,45,0,43357.95
2025-05-01,ST004,PR0056,52,21,17,56,0,9946.16
2025-05-01,ST004,PR0057,37,52,11,78,0,15487.68
2025-05-01,ST004,PR0058,37,16,2,51,0,15788.58
2025-05-01,ST004,PR0059,34,51,23,62,0,18418.34
2025-05-01,ST004,PR0060,40,40,19,61,0,23173.29
2025-05-01,ST005,PR0001,63,39,3,99,0,23727.33
2025-05-01,ST005,PR0002,49,42,17,74,0,17189.46
2025-05-01,ST005,PR0003,44,42,30,56,0,17459.68
2025-05-01,ST005,PR0004,53,18,49,22,0,7829.14
2025-05-01,ST005,PR0005,53,51,12,92,0,45724.0
2025-05-01,ST005,PR0006,22,24,31,15,0,8210.7
2025-05-01,ST005,PR0007,36,15,22,29,0,19012.98
2025-05-01,ST005,PR0008,28,55,30,53,0,27907.68
2025-05-01,ST005,PR0009,38,49,15,72,0,47723.76
2025-05-01,ST005,PR0010,4,5,9,0,2,0.0
2025-05-01,ST005,PR0011,55,3,11,47,0,33409.01
2025-05-01,ST005,PR0012,21,30,42,9,0,7705.8
2025-05-01,ST005,PR0013,22,4,20,6,0,4469.22
2025-05-01,ST005,PR0014,8,5,13,0,9,0.0
2025-05-01,ST005,PR0015,38,43,31,50,0,12029.5
2025-05-01,ST005,PR0016,39,53,40,52,0,15046.72
2025-05-01,ST005,PR0017,22,3,25,0,12,0.0
2025-05-01,ST005,PR0018,42,13,18,37,0,15249.92
2025-05-01,ST005,PR0019,56,14,32,38,0,19373.16
2025-05-01,ST005,PR0020,31,7,21,17,0,7052.11
2025-05-01,ST005,PR0021,63,31,32,62,0,39471.68
2025-05-01,ST005,PR0022,54,26,26,54,0,36414.36
2025-05-01,ST005,PR0023,17,46,33,30,0,19238.7
2025-05-01,ST005,PR0024,36,17,3,50,0,32098.5
2025-05-01,ST005,PR0025,40,9,17,32,0,30020.8
2025-05-01,ST005,PR0026,4,19,23,0,2,0.0
2025-05-01,ST005,PR0027,32,34,16,50,0,38408.5
2025-05-01,ST005,PR0028,5,42,16,31,0,4460.9
2025-05-01,ST005,PR0029,29,29,52,6,0,1547.58
2025-05-01,ST005,PR0030,6,18,24,0,2,0.0
2025-05-01,ST005,PR0031,5,23,28,0,9,0.0
2025-05-01,ST005,PR0032,65,2,38,29,0,12579.04
2025-05-01,ST005,PR0033,45,30,3,72,0,33249.6
2025-05-01,ST005,PR0034,39,49,29,59,0,35754.0
2025-05-01,ST005,PR0035,33,20,24,29,0,15739.17
2025-05-01,ST005,PR0036,28,43,13,58,0,37062.58
2025-05-01,ST005,PR0037,58,29,13,74,0,57003.68
2025-05-01,ST005,PR0038,23,46,5,64,0,49555.2
2025-05-01,ST005,PR0039,32,36,24,44,0,39985.44
2025-05-01,ST005,PR0040,43,42,8,77,0,67755.38
2025-05-01,ST005,PR0041,37,14,11,40,0,39335.6
2025-05-01,ST005,PR0042,46,36,5,77,0,10822.35
2025-05-01,ST005,PR0043,12,0,0,12,0,2442.48
2025-05-01,ST005,PR0044,65,38,0,103,0,26914.93
2025-05-01,ST005,PR0045,58,49,19,88,0,25172.4
2025-05-01,ST005,PR0046,65,30,22,73,0,26085.82
2025-05-01,ST005,PR0047,28,16,10,34,0,13099.86
2025-05-01,ST005,PR0048,38,0,24,14,0,6559.28
2025-05-01,ST005,PR0049,44,54,25,73,0,43745.25
2025-05-01,ST005,PR0050,49,28,31,46,0,27312.5
2025-05-01,ST005,PR0051,63,14,14,63,0,40898.97
2025-05-01,ST005,PR0052,63,48,24,87,0,57194.67
2025-05-01,ST005,PR0053,20,28,18,30,0,21771.3
2025-05-01,ST005,PR0054,15,2,17,0,2,0.0
2025-05-01,ST005,PR0055,17,10,27,0,8,0.0
2025-05-01,ST005,PR0056,33,33,25,41,0,7282.01
2025-05-01,ST005,PR0057,43,22,28,37,0,7346.72
2025-05-01,ST005,PR0058,36,2,24,14,0,4334.12
2025-05-01,ST005,PR0059,17,12,26,3,0,891.21
2025-05-01,ST005,PR0060,53,39,12,80,0,30391.2
2025-05-01,ST006,PR0001,11,27,20,18,0,4314.06
2025-05-01,ST006,PR0002,52,20,28,44,0,10220.76
2025-05-01,ST006,PR0003,31,42,14,59,0,18395.02
2025-05-01,ST006,PR0004,4,5,9,0,5,0.0
2025-05-01,ST006,PR0005,27,50,0,77,0,38269.0
2025-05-01,ST006,PR0006,63,24,18,69,0,37769.22
2025-05-01,ST006,PR0007,48,13,33,28,0,18357.36
2025-05-01,ST006,PR0008,60,42,18,84,0,44231.04
2025-05-01,ST006,PR0009,4,16,20,0,2,0.0
2025-05-01,ST006,PR0010,62,9,23,48,0,29090.88
2025-05-01,ST006,PR0011,58,19,30,47,0,33409.01
2025-05-01,ST006,PR0012,62,1,19,44,0,37672.8
2025-05-01,ST006,PR0013,25,25,19,31,0,23090.97
2025-05-01,ST006,PR0014,41,5,16,30,0,4518.6
2025-05-01,ST006,PR0015,65,15,11,69,0,16600.71
2025-05-01,ST006,PR0016,59,53,31,81,0,23438.16
2025-05-01,ST006,PR0017,64,51,15,100,0,30459.0
2025-05-01,ST006,PR0018,34,14,12,36,0,14837.76
2025-05-01,ST006,PR0019,44,43,34,53,0,27020.46
2025-05-01,ST006,PR0020,46,48,23,71,0,29452.93
2025-05-01,ST006,PR0021,33,15,14,34,0,21645.76
2025-05-01,ST006,PR0022,55,23,21,57,0,38437.38
2025-05-01,ST006,PR0023,51,40,25,66,0,42325.14
2025-05-01,ST006,PR0024,24,9,33,0,10,0.0
2025-05-01,ST006,PR0025,23,3,26,0,7,0.0
2025-05-01,ST006,PR0026,65,40,7,98,0,78452.92
2025-05-01,ST006,PR0027,39,18,35,22,0,16899.74
2025-05-01,ST006,PR0028,34,15,26,23,0,3309.7
2025-05-01,ST006,PR0029,61,4,5,60,0,15475.8
2025-05-01,ST006,PR0030,5,15,20,0,12,0.0
2025-05-01,ST006,PR0031,58,27,15,70,0,26733.0
2025-05-01,ST006,PR0032,11,6,17,0,10,0.0
2025-05-01,ST006,PR0033,49,0,22,27,0,12468.6
2025-05-01,ST006,PR0034,5,9,14,0,5,0.0
2025-05-01,ST006,PR0035,41,40,19,62,0,33649.26
2025-05-01,ST006,PR0036,27,45,14,58,0,37062.58
2025-05-01,ST006,PR0037,28,1,29,0,10,0.0
2025-05-01,ST006,PR0038,63,10,41,32,0,24777.6
2025-05-01,ST006,PR0039,27,21,4,44,0,39985.44
2025-05-01,ST006,PR0040,40,34,13,61,0,53676.34
2025-05-01,ST006,PR0041,25,14,15,24,0,23601.36
2025-05-01,ST006,PR0042,59,48,17,90,0,12649.5
2025-05-01,ST006,PR0043,18,13,21,10,0,2035.4
2025-05-01,ST006,PR0044,64,7,8,63,0,16462.53
2025-05-01,ST006,PR0045,59,25,21,63,0,18021.15
2025-05-01,ST006,PR0046,25,4,29,0,5,0.0
2025-05-01,ST006,PR0047,57,29,25,61,0,23502.69
2025-05-01,ST006,PR0048,6,48,25,29,0,13587.08
2025-05-01,ST006,PR0049,61,6,22,45,0,26966.25
2025-05-01,ST006,PR0050,50,41,32,59,0,35031.25
2025-05-01,ST006,PR0051,37,43,7,73,0,47390.87
2025-05-01,ST006,PR0052,53,50,0,103,0,67713.23
2025-05-01,ST006,PR0053,36,24,19,41,0,29754.11
2025-05-01,ST006,PR0054,14,44,29,29,0,28954.47
2025-05-01,ST006,PR0055,43,1,14,30,0,28905.3
2025-05-01,ST006,PR0056,8,49,20,37,0,6571.57
2025-05-01,ST006,PR0057,63,13,20,56,0,11119.36
2025-05-01,ST006,PR0058,13,47,57,3,0,928.74
2025-05-01,ST006,PR0059,27,1,16,12,0,3564.84
2025-05-01,ST006,PR0060,50,27,42,35,0,13296.15
2025-05-01,ST007,PR0001,51,23,31,43,0,10305.81
2025-05-01,ST007,PR0002,36,16,0,52,0,12079.08
2025-05-01,ST007,PR0003,23,15,33,5,0,1558.9
2025-05-01,ST007,PR0004,6,51,18,39,0,13878.93
2025-05-01,ST007,PR0005,39,9,39,9,0,4473.0
2025-05-01,ST007,PR0006,54,30,7,77,0,42148.26
2025-05-01,ST007,PR0007,19,12,14,17,0,11145.54
2025-05-01,ST007,PR0008,11,1,1,11,0,5792.16
2025-05-01,ST007,PR0009,7,48,27,28,0,18559.24
2025-05-01,ST007,PR0010,55,31,32,54,0,32727.24
2025-05-01,ST007,PR0011,51,32,32,51,0,36252.33
2025-05-01,ST007,PR0012,51,46,12,85,0,72777.0
2025-05-01,ST007,PR0013,23,9,32,0,6,0.0
2025-05-01,ST007,PR0014,41,27,0,68,0,10242.16
2025-05-01,ST007,PR0015,17,11,24,4,0,962.36
2025-05-01,ST007,PR0016,16,19,29,6,0,1736.16
2025-05-01,ST007,PR0017,41,21,27,35,0,10660.65
2025-05-01,ST007,PR0018,56,17,28,45,0,18547.2
2025-05-01,ST007,PR0019,43,38,24,57,0,29059.74
2025-05-01,ST007,PR0020,15,35,35,15,0,6222.45
2025-05-01,ST007,PR0021,58,40,15,83,0,52841.12
2025-05-01,ST007,PR0022,56,24,12,68,0,45855.12
2025-05-01,ST007,PR0023,41,45,17,69,0,44249.01
2025-05-01,ST007,PR0024,44,10,11,43,0,27604.71
2025-05-01,ST007,PR0025,26,11,11,26,0,24391.9
2025-05-01,ST007,PR0026,65,40,9,96,0,76851.84
2025-05-01,ST007,PR0027,22,47,27,42,0,32263.14
2025-05-01,ST007,PR0028,43,9,32,20,0,2878.0
2025-05-01,ST007,PR0029,21,33,44,10,0,2579.3
2025-05-01,ST007,PR0030,13,7,20,0,3,0.0
2025-05-01,ST007,PR0031,4,41,25,20,0,7638.0
2025-05-01,ST007,PR0032,53,22,17,58,0,25158.08
2025-05-01,ST007,PR0033,42,40,8,74,0,34173.2
2025-05-01,ST007,PR0034,63,11,27,47,0,28482.0
2025-05-01,ST007,PR0035,6,14,0,20,0,10854.6
2025-05-01,ST007,PR0036,5,34,27,12,0,7668.12
2025-05-01,ST007,PR0037,9,44,20,33,0,25420.56
2025-05-01,ST007,PR0038,13,23,13,23,0,17808.9
2025-05-01,ST007,PR0039,41,55,43,53,0,48164.28
2025-05-01,ST007,PR0040,60,9,17,52,0,45756.88
2025-05-01,ST007,PR0041,37,6,33,10,0,9833.9
2025-05-01,ST007,PR0042,56,26,13,69,0,9697.95
2025-05-01,ST007,PR0043,19,47,14,52,0,10584.08
2025-05-01,ST007,PR0044,4,44,26,22,0,5748.82
2025-05-01,ST007,PR0045,57,47,19,85,0,24314.25
2025-05-01,ST007,PR0046,15,29,7,37,0,13221.58
2025-05-01,ST007,PR0047,18,18,16,20,0,7705.8
2025-05-01,ST007,PR0048,9,7,16,0,3,0.0
2025-05-01,ST007,PR0049,14,55,48,21,0,12584.25
2025-05-01,ST007,PR0050,10,21,23,8,0,4750.0
2025-05-01,ST007,PR0051,7,28,20,15,0,9737.85
2025-05-01,ST007,PR0052,10,12,22,0,2,0.0
2025-05-01,ST007,PR0053,57,35,3,89,0,64588.19
2025-05-01,ST007,PR0054,15,28,20,23,0,22963.89
2025-05-01,ST007,PR0055,12,47,21,38,0,36613.38
2025-05-01,ST007,PR0056,24,10,29,5,0,888.05
2025-05-01,ST007,PR0057,19,6,10,15,0,2978.4
2025-05-01,ST007,PR0058,31,6,27,10,0,3095.8
2025-05-01,ST007,PR0059,14,49,44,19,0,5644.33
2025-05-01,ST007,PR0060,30,37,3,64,0,24312.96
2025-05-01,ST008,PR0001,58,5,29,34,0,8148.78
2025-05-01,ST008,PR0002,29,42,6,65,0,15098.85
2025-05-01,ST008,PR0003,45,46,29,62,0,19330.36
2025-05-01,ST008,PR0004,33,21,19,35,0,12455.45
2025-05-01,ST008,PR0005,45,11,27,29,0,14413.0
2025-05-01,ST008,PR0006,16,8,24,0,6,0.0
2025-05-01,ST008,PR0007,42,45,51,36,0,23602.32
2025-05-01,ST008,PR0008,50,17,50,17,0,8951.52
2025-05-01,ST008,PR0009,62,39,30,71,0,47060.93
2025-05-01,ST008,PR0010,23,54,0,77,0,46666.62
2025-05-01,ST008,PR0011,40,29,0,69,0,49047.27
2025-05-01,ST008,PR0012,44,54,13,85,0,72777.0
2025-05-01,ST008,PR0013,56,25,29,52,0,38733.24
2025-05-01,ST008,PR0014,46,31,35,42,0,6326.04
2025-05-01,ST008,PR0015,39,20,31,28,0,6736.52
2025-05-01,ST008,PR0016,36,3,25,14,0,4051.04
2025-05-01,ST008,PR0017,60,31,18,73,0,22235.07
2025-05-01,ST008,PR0018,30,11,21,20,0,8243.2
2025-05-01,ST008,PR0019,49,24,22,51,0,26000.82
2025-05-01,ST008,PR0020,23,4,27,0,8,0.0
2025-05-01,ST008,PR0021,44,41,2,83,0,52841.12
2025-05-01,ST008,PR0022,44,36,35,45,0,30345.3
2025-05-01,ST008,PR0023,47,1,43,5,0,3206.45
2025-05-01,ST008,PR0024,53,55,9,99,0,63555.03
2025-05-01,ST008,PR0025,19,38,34,23,0,21577.45
2025-05-01,ST008,PR0026,8,37,6,39,0,31221.06
2025-05-01,ST008,PR0027,38,5,23,20,0,15363.4
2025-05-01,ST008,PR0028,13,20,0,33,0,4748.7
2025-05-01,ST008,PR0029,50,47,31,66,0,17023.38
2025-05-01,ST008,PR0030,19,36,24,31,0,9170.42
2025-05-01,ST008,PR0031,11,16,5,22,0,8401.8
2025-05-01,ST008,PR0032,23,13,5,31,0,13446.56
2025-05-01,ST008,PR0033,56,28,24,60,0,27708.0
2025-05-01,ST008,PR0034,5,42,12,35,0,21210.0
2025-05-01,ST008,PR0035,57,49,12,94,0,51016.62
2025-05-01,ST008,PR0036,28,31,18,41,0,26199.41
2025-05-01,ST008,PR0037,48,34,39,43,0,33123.76
2025-05-01,ST008,PR0038,7,17,24,0,12,0.0
2025-05-01,ST008,PR0039,10,2,12,0,11,0.0
2025-05-01,ST008,PR0040,45,25,26,44,0,38717.36
2025-05-01,ST008,PR0041,8,40,16,32,0,31468.48
2025-05-01,ST008,PR0042,41,49,16,74,0,10400.7
2025-05-01,ST008,PR0043,33,13,43,3,0,610.62
2025-05-01,ST008,PR0044,53,52,31,74,0,19336.94
2025-05-01,ST008,PR0045,20,30,25,25,0,7151.25
2025-05-01,ST008,PR0046,41,50,9,82,0,29301.88
2025-05-01,ST008,PR0047,29,20,27,22,0,8476.38
2025-05-01,ST008,PR0048,52,39,35,56,0,26237.12
2025-05-01,ST008,PR0049,36,20,25,31,0,18576.75
2025-05-01,ST008,PR0050,39,51,4,86,0,51062.5
2025-05-01,ST008,PR0051,6,31,7,30,0,19475.7
2025-05-01,ST008,PR0052,19,53,32,40,0,26296.4
2025-05-01,ST008,PR0053,29,19,21,27,0,19594.17
2025-05-01,ST008,PR0054,17,37,26,28,0,27956.04
2025-05-01,ST008,PR0055,17,22,0,39,0,37576.89
2025-05-01,ST008,PR0056,9,43,6,46,0,8170.06
2025-05-01,ST008,PR0057,44,45,11,78,0,15487.68
2025-05-01,ST008,PR0058,14,44,20,38,0,11764.04
2025-05-01,ST008,PR0059,9,47,33,23,0,6832.61
2025-05-01,ST008,PR0060,65,39,29,75,0,28491.75
2025-05-01,ST009,PR0001,52,30,28,54,0,12942.18
2025-05-01,ST009,PR0002,16,28,37,7,0,1626.03
2025-05-01,ST009,PR0003,26,28,11,43,0,13406.54
2025-05-01,ST009,PR0004,62,9,42,29,0,10320.23
2025-05-01,ST009,PR0005,58,10,17,51,0,25347.0
2025-05-01,ST009,PR0006,14,32,20,26,0,14231.88
2025-05-01,ST009,PR0007,58,41,4,95,0,62283.9
2025-05-01,ST009,PR0008,44,34,3,75,0,39492.0
2025-05-01,ST009,PR0009,28,33,36,25,0,16570.75
2025-05-01,ST009,PR0010,41,34,3,72,0,43636.32
2025-05-01,ST009,PR0011,16,15,20,11,0,7819.13
2025-05-01,ST009,PR0012,40,8,13,35,0,29967.0
2025-05-01,ST009,PR0013,40,38,13,65,0,48416.55
2025-05-01,ST009,PR0014,34,48,23,59,0,8886.58
2025-05-01,ST009,PR0015,22,14,13,23,0,5533.57
2025-05-01,ST009,PR0016,31,37,6,62,0,17940.32
2025-05-01,ST009,PR0017,52,42,41,53,0,16143.27
2025-05-01,ST009,PR0018,38,43,22,59,0,24317.44
2025-05-01,ST009,PR0019,31,24,35,20,0,10196.4
2025-05-01,ST009,PR0020,22,37,6,53,0,21985.99
2025-05-01,ST009,PR0021,25,17,31,11,0,7003.04
2025-05-01,ST009,PR0022,57,25,10,72,0,48552.48
2025-05-01,ST009,PR0023,21,3,21,3,0,1923.87
2025-05-01,ST009,PR0024,33,32,30,35,0,22468.95
2025-05-01,ST009,PR0025,7,42,32,17,0,15948.55
2025-05-01,ST009,PR0026,39,17,33,23,0,18412.42
2025-05-01,ST009,PR0027,39,39,2,76,0,58380.92
2025-05-01,ST009,PR0028,40,18,21,37,0,5324.3
2025-05-01,ST009,PR0029,62,48,18,92,0,23729.56
2025-05-01,ST009,PR0030,43,22,24,41,0,12128.62
2025-05-01,ST009,PR0031,29,45,9,65,0,24823.5
2025-05-01,ST009,PR0032,48,28,23,53,0,22989.28
2025-05-01,ST009,PR0033,63,40,16,87,0,40176.6
2025-05-01,ST009,PR0034,11,43,32,22,0,13332.0
2025-05-01,ST009,PR0035,12,23,19,16,0,8683.68
2025-05-01,ST009,PR0036,59,15,39,35,0,22365.35
2025-05-01,ST009,PR0037,4,52,12,44,0,33894.08
2025-05-01,ST009,PR0038,59,46,10,95,0,73558.5
2025-05-01,ST009,PR0039,17,4,21,0,11,0.0
2025-05-01,ST009,PR0040,57,19,12,64,0,56316.16
2025-05-01,ST009,PR0041,5,32,26,11,0,10817.29
2025-05-01,ST009,PR0042,23,53,4,72,0,10119.6
2025-05-01,ST009,PR0043,36,42,17,61,0,12415.94
2025-05-01,ST009,PR0044,8,50,13,45,0,11758.95
2025-05-01,ST009,PR0045,59,15,18,56,0,16018.8
2025-05-01,ST009,PR0046,64,18,29,53,0,18939.02
2025-05-01,ST009,PR0047,26,24,26,24,0,9246.96
2025-05-01,ST009,PR0048,27,51,17,61,0,28579.72
2025-05-01,ST009,PR0049,8,48,42,14,0,8389.5
2025-05-01,ST009,PR0050,18,30,31,17,0,10093.75
2025-05-01,ST009,PR0051,43,16,16,43,0,27915.17
2025-05-01,ST009,PR0052,53,13,28,38,0,24981.58
2025-05-01,ST009,PR0053,15,55,41,29,0,21045.59
2025-05-01,ST009,PR0054,52,7,29,30,0,29952.9
2025-05-01,ST009,PR0055,55,15,19,51,0,49139.01
2025-05-01,ST009,PR0056,25,30,35,20,0,3552.2
2025-05-01,ST009,PR0057,61,4,33,32,0,6353.92
2025-05-01,ST009,PR0058,46,35,20,61,0,18884.38
2025-05-01,ST009,PR0059,32,52,27,57,0,16932.99
2025-05-01,ST009,PR0060,27,44,28,43,0,16335.27
2025-05-01,ST010,PR0001,41,32,26,47,0,11264.49
2025-05-01,ST010,PR0002,31,16,3,44,0,10220.76
2025-05-01,ST010,PR0003,17,1,9,9,0,2806.02
2025-05-01,ST010,PR0004,8,42,24,26,0,9252.62
2025-05-01,ST010,PR0005,33,0,25,8,0,3976.0
2025-05-01,ST010,PR0006,62,4,29,37,0,20253.06
2025-05-01,ST010,PR0007,50,17,11,56,0,36714.72
2025-05-01,ST010,PR0008,23,55,28,50,0,26328.0
2025-05-01,ST010,PR0009,42,45,33,54,0,35792.82
2025-05-01,ST010,PR0010,9,33,42,0,4,0.0
2025-05-01,ST010,PR0011,31,21,8,44,0,31276.52
2025-05-01,ST010,PR0012,59,14,37,36,0,30823.2
2025-05-01,ST010,PR0013,42,47,3,86,0,64058.82
2025-05-01,ST010,PR0014,22,25,27,20,0,3012.4
2025-05-01,ST010,PR0015,64,48,45,67,0,16119.53
2025-05-01,ST010,PR0016,54,44,37,61,0,17650.96
2025-05-01,ST010,PR0017,15,5,20,0,9,0.0
2025-05-01,ST010,PR0018,44,53,20,77,0,31736.32
2025-05-01,ST010,PR0019,65,21,38,48,0,24471.36
2025-05-01,ST010,PR0020,6,7,13,0,8,0.0
2025-05-01,ST010,PR0021,10,9,19,0,2,0.0
2025-05-01,ST010,PR0022,35,20,33,22,0,14835.48
2025-05-01,ST010,PR0023,4,35,26,13,0,8336.77
2025-05-01,ST010,PR0024,26,48,21,53,0,34024.41
2025-05-01,ST010,PR0025,39,52,12,79,0,74113.85
2025-05-01,ST010,PR0026,28,44,10,62,0,49633.48
2025-05-01,ST010,PR0027,54,4,29,29,0,22276.93
2025-05-01,ST010,PR0028,52,12,21,43,0,6187.7
2025-05-01,ST010,PR0029,41,35,0,76,0,19602.68
2025-05-01,ST010,PR0030,53,34,4,83,0,24553.06
2025-05-01,ST010,PR0031,64,20,2,82,0,31315.8
2025-05-01,ST010,PR0032,12,16,15,13,0,5638.88
2025-05-01,ST010,PR0033,39,14,23,30,0,13854.0
2025-05-01,ST010,PR0034,22,36,7,51,0,30906.0
2025-05-01,ST010,PR0035,56,0,22,34,0,18452.82
2025-05-01,ST010,PR0036,56,44,24,76,0,48564.76
2025-05-01,ST010,PR0037,51,2,23,30,0,23109.6
2025-05-01,ST010,PR0038,24,38,13,49,0,37940.7
2025-05-01,ST010,PR0039,42,26,21,47,0,42711.72
2025-05-01,ST010,PR0040,38,20,21,37,0,32557.78
2025-05-01,ST010,PR0041,7,21,28,0,12,0.0
2025-05-01,ST010,PR0042,42,54,15,81,0,11384.55
2025-05-01,ST010,PR0043,24,35,12,47,0,9566.38
2025-05-01,ST010,PR0044,29,49,33,45,0,11758.95
2025-05-01,ST010,PR0045,37,43,33,47,0,13444.35
2025-05-01,ST010,PR0046,44,49,28,65,0,23227.1
2025-05-01,ST010,PR0047,4,31,21,14,0,5394.06
2025-05-01,ST010,PR0048,21,47,27,41,0,19209.32
2025-05-01,ST010,PR0049,53,41,18,76,0,45543.0
2025-05-01,ST010,PR0050,30,45,5,70,0,41562.5
2025-05-01,ST010,PR0051,31,40,26,45,0,29213.55
2025-05-01,ST010,PR0052,46,5,46,5,0,3287.05
2025-05-01,ST010,PR0053,4,24,6,22,0,15965.62
2025-05-01,ST010,PR0054,14,4,18,0,4,0.0
2025-05-01,ST010,PR0055,26,16,9,33,0,31795.83
2025-05-01,ST010,PR0056,40,12,39,13,0,2308.93
2025-05-01,ST010,PR0057,39,43,12,70,0,13899.2
2025-05-01,ST010,PR0058,59,28,20,67,0,20741.86
2025-05-01,ST010,PR0059,63,3,7,59,0,17527.13
2025-05-01,ST010,PR0060,22,53,6,69,0,26212.41
2025-05-01,ST011,PR0001,63,50,28,85,0,20371.95
2025-05-01,ST011,PR0002,45,47,31,61,0,14169.69
2025-05-01,ST011,PR0003,65,41,15,91,0,28371.98
2025-05-01,ST011,PR0004,63,8,37,34,0,12099.58
2025-05-01,ST011,PR0005,54,50,13,91,0,45227.0
2025-05-01,ST011,PR0006,9,14,7,16,0,8758.08
2025-05-01,ST011,PR0007,25,23,15,33,0,21635.46
2025-05-01,ST011,PR0008,43,31,31,43,0,22642.08
2025-05-01,ST011,PR0009,45,53,21,77,0,51037.91
2025-05-01,ST011,PR0010,56,47,11,92,0,55757.52
2025-05-01,ST011,PR0011,56,33,7,82,0,58288.06
2025-05-01,ST011,PR0012,62,19,20,61,0,52228.2
2025-05-01,ST011,PR0013,20,29,30,19,0,14152.53
2025-05-01,ST011,PR0014,23,36,33,26,0,3916.12
2025-05-01,ST011,PR0015,35,53,33,55,0,13232.45
2025-05-01,ST011,PR0016,47,7,23,31,0,8970.16
2025-05-01,ST011,PR0017,55,21,16,60,0,18275.4
2025-05-01,ST011,PR0018,11,50,25,36,0,14837.76
2025-05-01,ST011,PR0019,26,18,27,17,0,8666.94
2025-05-01,ST011,PR0020,54,46,11,89,0,36919.87
2025-05-01,ST011,PR0021,36,49,29,56,0,35651.84
2025-05-01,ST011,PR0022,55,24,9,70,0,47203.8
2025-05-01,ST011,PR0023,6,8,14,0,2,0.0
2025-05-01,ST011,PR0024,44,9,0,53,0,34024.41
2025-05-01,ST011,PR0025,40,44,42,42,0,39402.3
2025-05-01,ST011,PR0026,55,25,22,58,0,46431.32
2025-05-01,ST011,PR0027,37,21,19,39,0,29958.63
2025-05-01,ST011,PR0028,42,42,16,68,0,9785.2
2025-05-01,ST011,PR0029,9,38,19,28,0,7222.04
2025-05-01,ST011,PR0030,61,41,29,73,0,21594.86
2025-05-01,ST011,PR0031,39,31,17,53,0,20240.7
2025-05-01,ST011,PR0032,7,51,16,42,0,18217.92
2025-05-01,ST011,PR0033,10,30,25,15,0,6927.0
2025-05-01,ST011,PR0034,19,5,24,0,6,0.0
2025-05-01,ST011,PR0035,59,51,16,94,0,51016.62
2025-05-01,ST011,PR0036,65,42,11,96,0,61344.96
2025-05-01,ST011,PR0037,11,45,17,39,0,30042.48
2025-05-01,ST011,PR0038,8,3,0,11,0,8517.3
2025-05-01,ST011,PR0039,61,55,15,101,0,91784.76
2025-05-01,ST011,PR0040,33,32,10,55,0,48396.7
2025-05-01,ST011,PR0041,16,40,28,28,0,27534.92
2025-05-01,ST011,PR0042,50,0,18,32,0,4497.6
2025-05-01,ST011,PR0043,54,40,24,70,0,14247.8
2025-05-01,ST011,PR0044,31,4,32,3,0,783.93
2025-05-01,ST011,PR0045,48,35,23,60,0,17163.0
2025-05-01,ST011,PR0046,33,27,34,26,0,9290.84
2025-05-01,ST011,PR0047,30,48,0,78,0,30052.62
2025-05-01,ST011,PR0048,27,24,27,24,0,11244.48
2025-05-01,ST011,PR0049,17,39,5,51,0,30561.75
2025-05-01,ST011,PR0050,31,8,39,0,8,0.0
2025-05-01,ST011,PR0051,49,24,28,45,0,29213.55
2025-05-01,ST011,PR0052,62,20,28,54,0,35500.14
2025-05-01,ST011,PR0053,48,7,11,44,0,31931.24
2025-05-01,ST011,PR0054,57,44,37,64,0,63899.52
2025-05-01,ST011,PR0055,22,54,15,61,0,58774.11
2025-05-01,ST011,PR0056,4,12,12,4,0,710.44
2025-05-01,ST011,PR0057,46,46,27,65,0,12906.4
2025-05-01,ST011,PR0058,34,53,38,49,0,15169.42
2025-05-01,ST011,PR0059,8,41,11,38,0,11288.66
2025-05-01,ST011,PR0060,27,50,0,77,0,29251.53
2025-05-01,ST012,PR0001,58,41,11,88,0,21090.96
2025-05-01,ST012,PR0002,63,51,1,113,0,26248.77
2025-05-01,ST012,PR0003,47,25,19,53,0,16524.34
2025-05-01,ST012,PR0004,33,30,24,39,0,13878.93
2025-05-01,ST012,PR0005,37,43,32,48,0,23856.0
2025-05-01,ST012,PR0006,62,9,29,42,0,22989.96
2025-05-01,ST012,PR0007,19,12,8,23,0,15079.26
2025-05-01,ST012,PR0008,14,22,22,14,0,7371.84
2025-05-01,ST012,PR0009,61,48,7,102,0,67608.66
2025-05-01,ST012,PR0010,12,32,0,44,0,26666.64
2025-05-01,ST012,PR0011,56,23,10,69,0,49047.27
2025-05-01,ST012,PR0012,53,16,16,53,0,45378.6
2025-05-01,ST012,PR0013,53,52,24,81,0,60334.47
2025-05-01,ST012,PR0014,59,30,28,61,0,9187.82
2025-05-01,ST012,PR0015,13,29,16,26,0,6255.34
2025-05-01,ST012,PR0016,44,9,31,22,0,6365.92
2025-05-01,ST012,PR0017,60,28,29,59,0,17970.81
2025-05-01,ST012,PR0018,48,39,30,57,0,23493.12
2025-05-01,ST012,PR0019,49,50,5,94,0,47923.08
2025-05-01,ST012,PR0020,16,51,12,55,0,22815.65
2025-05-01,ST012,PR0021,65,48,5,108,0,68757.12
2025-05-01,ST012,PR0022,22,8,21,9,0,6069.06
2025-05-01,ST012,PR0023,54,55,46,63,0,40401.27
2025-05-01,ST012,PR0024,35,32,2,65,0,41728.05
2025-05-01,ST012,PR0025,46,45,5,86,0,80680.9
2025-05-01,ST012,PR0026,4,4,8,0,4,0.0
2025-05-01,ST012,PR0027,25,8,9,24,0,18436.08
2025-05-01,ST012,PR0028,33,38,0,71,0,10216.9
2025-05-01,ST012,PR0029,15,24,27,12,0,3095.16
2025-05-01,ST012,PR0030,64,46,32,78,0,23073.96
2025-05-01,ST012,PR0031,62,31,35,58,0,22150.2
2025-05-01,ST012,PR0032,6,8,14,0,2,0.0
2025-05-01,ST012,PR0033,45,7,35,17,0,7850.6
2025-05-01,ST012,PR0034,23,51,31,43,0,26058.0
2025-05-01,ST012,PR0035,44,37,33,48,0,26051.04
2025-05-01,ST012,PR0036,47,1,17,31,0,19809.31
2025-05-01,ST012,PR0037,44,26,23,47,0,36205.04
2025-05-01,ST012,PR0038,63,8,2,69,0,53426.7
2025-05-01,ST012,PR0039,63,37,17,83,0,75427.08
2025-05-01,ST012,PR0040,26,8,21,13,0,11439.22
2025-05-01,ST012,PR0041,30,53,29,54,0,53103.06
2025-05-01,ST012,PR0042,61,31,20,72,0,10119.6
2025-05-01,ST012,PR0043,28,51,40,39,0,7938.06
2025-05-01,ST012,PR0044,17,54,25,46,0,12020.26
2025-05-01,ST012,PR0045,32,1,21,12,0,3432.6
2025-05-01,ST012,PR0046,25,8,7,26,0,9290.84
2025-05-01,ST012,PR0047,37,55,10,82,0,31593.78
2025-05-01,ST012,PR0048,36,4,27,13,0,6090.76
2025-05-01,ST012,PR0049,18,34,0,52,0,31161.0
2025-05-01,ST012,PR0050,8,8,16,0,11,0.0
2025-05-01,ST012,PR0051,41,38,51,28,0,18177.32
2025-05-01,ST012,PR0052,39,44,35,48,0,31555.68
2025-05-01,ST012,PR0053,36,50,34,52,0,37736.92
2025-05-01,ST012,PR0054,62,47,23,86,0,85864.98
2025-05-01,ST012,PR0055,51,37,10,78,0,75153.78
2025-05-01,ST012,PR0056,62,17,20,59,0,10478.99
2025-05-01,ST012,PR0057,5,9,14,0,7,0.0
2025-05-01,ST012,PR0058,9,14,14,9,0,2786.22
2025-05-01,ST012,PR0059,22,2,24,0,5,0.0
2025-05-01,ST012,PR0060,5,5,10,0,11,0.0
2025-05-01,ST013,PR0001,41,35,11,65,0,15578.55
2025-05-01,ST013,PR0002,50,51,15,86,0,19976.94
2025-05-01,ST013,PR0003,46,4,31,19,0,5923.82
2025-05-01,ST013,PR0004,29,42,35,36,0,12811.32
2025-05-01,ST013,PR0005,24,32,12,44,0,21868.0
2025-05-01,ST013,PR0006,35,6,27,14,0,7663.32
2025-05-01,ST013,PR0007,52,4,5,51,0,33436.62
2025-05-01,ST013,PR0008,62,51,23,90,0,47390.4
2025-05-01,ST013,PR0009,45,20,27,38,0,25187.54
2025-05-01,ST013,PR0010,4,22,26,0,2,0.0
2025-05-01,ST013,PR0011,28,46,32,42,0,29854.86
2025-05-01,ST013,PR0012,32,3,6,29,0,24829.8
2025-05-01,ST013,PR0013,34,5,39,0,4,0.0
2025-05-01,ST013,PR0014,14,51,47,18,0,2711.16
2025-05-01,ST013,PR0015,38,50,38,50,0,12029.5
2025-05-01,ST013,PR0016,46,1,30,17,0,4919.12
2025-05-01,ST013,PR0017,24,22,33,13,0,3959.67
2025-05-01,ST013,PR0018,34,39,15,58,0,23905.28
2025-05-01,ST013,PR0019,25,0,25,0,9,0.0
2025-05-01,ST013,PR0020,15,15,17,13,0,5392.79
2025-05-01,ST013,PR0021,41,2,15,28,0,17825.92
2025-05-01,ST013,PR0022,49,43,22,70,0,47203.8
2025-05-01,ST013,PR0023,22,28,21,29,0,18597.41
2025-05-01,ST013,PR0024,11,41,31,21,0,13481.37
2025-05-01,ST013,PR0025,39,5,16,28,0,26268.2
2025-05-01,ST013,PR0026,22,7,25,4,0,3202.16
2025-05-01,ST013,PR0027,30,11,39,2,4,1536.34
2025-05-01,ST013,PR0028,37,23,0,60,0,8634.0
2025-05-01,ST013,PR0029,59,36,18,77,0,19860.61
2025-05-01,ST013,PR0030,11,16,4,23,0,6803.86
2025-05-01,ST013,PR0031,29,39,13,55,0,21004.5
2025-05-01,ST013,PR0032,6,12,18,0,4,0.0
2025-05-01,ST013,PR0033,10,7,17,0,2,0.0
2025-05-01,ST013,PR0034,17,48,39,26,0,15756.0
2025-05-01,ST013,PR0035,14,9,22,1,9,542.73
2025-05-01,ST013,PR0036,47,29,9,67,0,42813.67
2025-05-01,ST013,PR0037,58,47,16,89,0,68558.48
2025-05-01,ST013,PR0038,11,37,20,28,0,21680.4
2025-05-01,ST013,PR0039,62,52,26,88,0,79970.88
2025-05-01,ST013,PR0040,39,1,25,15,0,13199.1
2025-05-01,ST013,PR0041,30,36,20,46,0,45235.94
2025-05-01,ST013,PR0042,30,32,32,30,0,4216.5
2025-05-01,ST013,PR0043,39,4,28,15,0,3053.1
2025-05-01,ST013,PR0044,36,14,29,21,0,5487.51
2025-05-01,ST013,PR0045,48,17,46,19,0,5434.95
2025-05-01,ST013,PR0046,54,1,10,45,0,16080.3
2025-05-01,ST013,PR0047,46,17,27,36,0,13870.44
2025-05-01,ST013,PR0048,20,6,26,0,11,0.0
2025-05-01,ST013,PR0049,57,51,14,94,0,56329.5
2025-05-01,ST013,PR0050,48,35,12,71,0,42156.25
2025-05-01,ST013,PR0051,19,14,33,0,3,0.0
2025-05-01,ST013,PR0052,36,41,34,43,0,28268.63
2025-05-01,ST013,PR0053,28,41,30,39,0,28302.69
2025-05-01,ST013,PR0054,53,37,0,90,0,89858.7
2025-05-01,ST013,PR0055,50,48,11,87,0,83825.37
2025-05-01,ST013,PR0056,13,53,18,48,0,8525.28
2025-05-01,ST013,PR0057,26,7,31,2,5,397.12
2025-05-01,ST013,PR0058,58,41,23,76,0,23528.08
2025-05-01,ST013,PR0059,5,27,32,0,10,0.0
2025-05-01,ST013,PR0060,15,32,19,28,0,10636.92
2025-05-01,ST014,PR0001,9,48,41,16,0,3834.72
2025-05-01,ST014,PR0002,12,34,46,0,11,0.0
2025-05-01,ST014,PR0003,23,18,13,28,0,8729.84
2025-05-01,ST014,PR0004,39,21,11,49,0,17437.63
2025-05-01,ST014,PR0005,57,16,5,68,0,33796.0
2025-05-01,ST014,PR0006,42,16,34,24,0,13137.12
2025-05-01,ST014,PR0007,19,35,17,37,0,24257.94
2025-05-01,ST014,PR0008,51,0,28,23,0,12110.88
2025-05-01,ST014,PR0009,60,30,18,72,0,47723.76
2025-05-01,ST014,PR0010,60,7,1,66,0,39999.96
2025-05-01,ST014,PR0011,9,39,14,34,0,24168.22
2025-05-01,ST014,PR0012,62,52,29,85,0,72777.0
2025-05-01,ST014,PR0013,39,3,30,12,0,8938.44
2025-05-01,ST014,PR0014,59,32,28,63,0,9489.06
2025-05-01,ST014,PR0015,20,14,8,26,0,6255.34
2025-05-01,ST014,PR0016,56,27,23,60,0,17361.6
2025-05-01,ST014,PR0017,15,49,39,25,0,7614.75
2025-05-01,ST014,PR0018,6,42,43,5,0,2060.8
2025-05-01,ST014,PR0019,17,6,23,0,2,0.0
2025-05-01,ST014,PR0020,38,35,30,43,0,17837.69
2025-05-01,ST014,PR0021,10,47,19,38,0,24192.32
2025-05-01,ST014,PR0022,46,53,17,82,0,55295.88
2025-05-01,ST014,PR0023,63,8,6,65,0,41683.85
2025-05-01,ST014,PR0024,19,19,21,17,0,10913.49
2025-05-01,ST014,PR0025,50,29,38,41,0,38464.15
2025-05-01,ST014,PR0026,30,18,29,19,0,15210.26
2025-05-01,ST014,PR0027,64,23,13,74,0,56844.58
2025-05-01,ST014,PR0028,51,0,17,34,0,4892.6
2025-05-01,ST014,PR0029,7,3,10,0,2,0.0
2025-05-01,ST014,PR0030,60,37,20,77,0,22778.14
2025-05-01,ST014,PR0031,55,25,9,71,0,27114.9
2025-05-01,ST014,PR0032,29,49,43,35,0,15181.6
2025-05-01,ST014,PR0033,19,15,27,7,0,3232.6
2025-05-01,ST014,PR0034,37,13,17,33,0,19998.0
2025-05-01,ST014,PR0035,7,45,40,12,0,6512.76
2025-05-01,ST014,PR0036,44,16,33,27,0,17253.27
2025-05-01,ST014,PR0037,42,44,13,73,0,56233.36
2025-05-01,ST014,PR0038,39,26,32,33,0,25551.9
2025-05-01,ST014,PR0039,64,3,31,36,0,32715.36
2025-05-01,ST014,PR0040,60,32,42,50,0,43997.0
2025-05-01,ST014,PR0041,50,39,9,80,0,78671.2
2025-05-01,ST014,PR0042,9,18,27,0,10,0.0
2025-05-01,ST014,PR0043,21,50,21,50,0,10177.0
2025-05-01,ST014,PR0044,15,28,31,12,0,3135.72
2025-05-01,ST014,PR0045,65,48,24,89,0,25458.45
2025-05-01,ST014,PR0046,43,33,20,56,0,20011.04
2025-05-01,ST014,PR0047,8,1,9,0,4,0.0
2025-05-01,ST014,PR0048,44,51,31,64,0,29985.28
2025-05-01,ST014,PR0049,21,39,47,13,0,7790.25
2025-05-01,ST014,PR0050,19,36,49,6,0,3562.5
2025-05-01,ST014,PR0051,34,4,38,0,9,0.0
2025-05-01,ST014,PR0052,27,51,24,54,0,35500.14
2025-05-01,ST014,PR0053,27,40,1,66,0,47896.86
2025-05-01,ST014,PR0054,60,12,35,37,0,36941.91
2025-05-01,ST014,PR0055,19,43,8,54,0,52029.54
2025-05-01,ST014,PR0056,39,3,17,25,0,4440.25
2025-05-01,ST014,PR0057,10,23,15,18,0,3574.08
2025-05-01,ST014,PR0058,11,51,20,42,0,13002.36
2025-05-01,ST014,PR0059,58,36,34,60,0,17824.2
2025-05-01,ST014,PR0060,37,47,8,76,0,28871.64
2025-05-01,ST015,PR0001,15,50,21,44,0,10545.48
2025-05-01,ST015,PR0002,59,44,15,88,0,20441.52
2025-05-01,ST015,PR0003,5,33,22,16,0,4988.48
2025-05-01,ST015,PR0004,45,51,24,72,0,25622.64
2025-05-01,ST015,PR0005,35,45,20,60,0,29820.0
2025-05-01,ST015,PR0006,53,47,3,97,0,53095.86
2025-05-01,ST015,PR0007,9,35,32,12,0,7867.44
2025-05-01,ST015,PR0008,53,21,26,48,0,25274.88
2025-05-01,ST015,PR0009,17,2,19,0,10,0.0
2025-05-01,ST015,PR0010,17,39,8,48,0,29090.88
2025-05-01,ST015,PR0011,54,38,48,44,0,31276.52
2025-05-01,ST015,PR0012,33,45,39,39,0,33391.8
2025-05-01,ST015,PR0013,44,22,23,43,0,32029.41
2025-05-01,ST015,PR0014,16,4,20,0,6,0.0
2025-05-01,ST015,PR0015,14,34,28,20,0,4811.8
2025-05-01,ST015,PR0016,37,24,10,51,0,14757.36
2025-05-01,ST015,PR0017,27,34,24,37,0,11269.83
2025-05-01,ST015,PR0018,14,11,25,0,8,0.0
2025-05-01,ST015,PR0019,8,42,26,24,0,12235.68
2025-05-01,ST015,PR0020,50,46,29,67,0,27793.61
2025-05-01,ST015,PR0021,54,55,32,77,0,49021.28
2025-05-01,ST015,PR0022,62,1,21,42,0,28322.28
2025-05-01,ST015,PR0023,55,9,21,43,0,27575.47
2025-05-01,ST015,PR0024,48,42,37,53,0,34024.41
2025-05-01,ST015,PR0025,24,23,13,34,0,31897.1
2025-05-01,ST015,PR0026,28,2,28,2,9,1601.08
2025-05-01,ST015,PR0027,45,14,24,35,0,26885.95
2025-05-01,ST015,PR0028,10,11,21,0,12,0.0
2025-05-01,ST015,PR0029,35,25,10,50,0,12896.5
2025-05-01,ST015,PR0030,21,53,27,47,0,13903.54
2025-05-01,ST015,PR0031,12,12,2,22,0,8401.8
2025-05-01,ST015,PR0032,47,18,11,54,0,23423.04
2025-05-01,ST015,PR0033,11,8,19,0,5,0.0
2025-05-01,ST015,PR0034,46,50,3,93,0,56358.0
2025-05-01,ST015,PR0035,56,47,34,69,0,37448.37
2025-05-01,ST015,PR0036,46,48,23,71,0,45369.71
2025-05-01,ST015,PR0037,63,21,23,61,0,46989.52
2025-05-01,ST015,PR0038,38,20,26,32,0,24777.6
2025-05-01,ST015,PR0039,17,33,14,36,0,32715.36
2025-05-01,ST015,PR0040,30,43,14,59,0,51916.46
2025-05-01,ST015,PR0041,5,51,7,49,0,48186.11
2025-05-01,ST015,PR0042,53,45,13,85,0,11946.75
2025-05-01,ST015,PR0043,28,45,34,39,0,7938.06
2025-05-01,ST015,PR0044,50,21,18,53,0,13849.43
2025-05-01,ST015,PR0045,23,38,16,45,0,12872.25
2025-05-01,ST015,PR0046,17,5,22,0,10,0.0
2025-05-01,ST015,PR0047,33,11,23,21,0,8091.09
2025-05-01,ST015,PR0048,14,12,16,10,0,4685.2
2025-05-01,ST015,PR0049,65,46,22,89,0,53333.25
2025-05-01,ST015,PR0050,43,29,24,48,0,28500.0
2025-05-01,ST015,PR0051,23,16,31,8,0,5193.52
2025-05-01,ST015,PR0052,48,11,0,59,0,38787.19
2025-05-01,ST015,PR0053,28,46,0,74,0,53702.54
2025-05-01,ST015,PR0054,11,47,9,49,0,48923.07
2025-05-01,ST015,PR0055,56,50,16,90,0,86715.9
2025-05-01,ST015,PR0056,27,34,29,32,0,5683.52
2025-05-01,ST015,PR0057,9,15,24,0,6,0.0
2025-05-01,ST015,PR0058,20,35,17,38,0,11764.04
2025-05-01,ST015,PR0059,26,27,25,28,0,8317.96
2025-05-01,ST015,PR0060,27,25,39,13,0,4938.57
2025-05-01,ST016,PR0001,14,49,38,25,0,5991.75
2025-05-01,ST016,PR0002,5,43,38,10,0,2322.9
2025-05-01,ST016,PR0003,48,21,13,56,0,17459.68
2025-05-01,ST016,PR0004,5,30,23,12,0,4270.44
2025-05-01,ST016,PR0005,11,23,12,22,0,10934.0
2025-05-01,ST016,PR0006,52,15,9,58,0,31748.04
2025-05-01,ST016,PR0007,31,29,6,54,0,35403.48
2025-05-01,ST016,PR0008,20,14,23,11,0,5792.16
2025-05-01,ST016,PR0009,45,5,33,17,0,11268.11
2025-05-01,ST016,PR0010,40,21,19,42,0,25454.52
2025-05-01,ST016,PR0011,44,35,0,79,0,56155.57
2025-05-01,ST016,PR0012,58,47,0,105,0,89901.0
2025-05-01,ST016,PR0013,25,42,34,33,0,24580.71
2025-05-01,ST016,PR0014,21,46,18,49,0,7380.38
2025-05-01,ST016,PR0015,37,3,39,1,3,240.59
2025-05-01,ST016,PR0016,5,12,4,13,0,3761.68
2025-05-01,ST016,PR0017,30,49,23,56,0,17057.04
2025-05-01,ST016,PR0018,30,21,24,27,0,11128.32
2025-05-01,ST016,PR0019,5,48,11,42,0,21412.44
2025-05-01,ST016,PR0020,51,32,24,59,0,24474.97
2025-05-01,ST016,PR0021,18,49,14,53,0,33741.92
2025-05-01,ST016,PR0022,65,26,32,59,0,39786.06
2025-05-01,ST016,PR0023,45,19,17,47,0,30140.63
2025-05-01,ST016,PR0024,61,3,19,45,0,28888.65
2025-05-01,ST016,PR0025,49,16,33,32,0,30020.8
2025-05-01,ST016,PR0026,23,20,36,7,0,5603.78
2025-05-01,ST016,PR0027,47,28,11,64,0,49162.88
2025-05-01,ST016,PR0028,48,49,11,86,0,12375.4
2025-05-01,ST016,PR0029,48,19,1,66,0,17023.38
2025-05-01,ST016,PR0030,48,47,10,85,0,25144.7
2025-05-01,ST016,PR0031,58,39,22,75,0,28642.5
2025-05-01,ST016,PR0032,46,46,16,76,0,32965.76
2025-05-01,ST016,PR0033,49,27,31,45,0,20781.0
2025-05-01,ST016,PR0034,53,34,3,84,0,50904.0
2025-05-01,ST016,PR0035,37,5,42,0,4,0.0
2025-05-01,ST016,PR0036,23,28,13,38,0,24282.38
2025-05-01,ST016,PR0037,16,23,14,25,0,19258.0
2025-05-01,ST016,PR0038,19,8,20,7,0,5420.1
2025-05-01,ST016,PR0039,33,45,31,47,0,42711.72
2025-05-01,ST016,PR0040,23,33,6,50,0,43997.0
2025-05-01,ST016,PR0041,33,49,16,66,0,64903.74
2025-05-01,ST016,PR0042,7,9,16,0,4,0.0
2025-05-01,ST016,PR0043,36,5,13,28,0,5699.12
2025-05-01,ST016,PR0044,23,11,21,13,0,3397.03
2025-05-01,ST016,PR0045,47,7,23,31,0,8867.55
2025-05-01,ST016,PR0046,63,43,40,66,0,23584.44
2025-05-01,ST016,PR0047,58,15,16,57,0,21961.53
2025-05-01,ST016,PR0048,32,41,22,51,0,23894.52
2025-05-01,ST016,PR0049,41,42,22,61,0,36554.25
2025-05-01,ST016,PR0050,4,30,29,5,0,2968.75
2025-05-01,ST016,PR0051,59,52,26,85,0,55181.15
2025-05-01,ST016,PR0052,37,4,27,14,0,9203.74
2025-05-01,ST016,PR0053,51,46,27,70,0,50799.7
2025-05-01,ST016,PR0054,36,47,10,73,0,72885.39
2025-05-01,ST016,PR0055,41,55,14,82,0,79007.82
2025-05-01,ST016,PR0056,64,42,21,85,0,15096.85
2025-05-01,ST016,PR0057,43,51,14,80,0,15884.8
2025-05-01,ST016,PR0058,52,35,23,64,0,19813.12
2025-05-01,ST016,PR0059,53,9,17,45,0,13368.15
2025-05-01,ST016,PR0060,12,7,17,2,6,759.78
2025-05-01,ST017,PR0001,14,45,19,40,0,9586.8
2025-05-01,ST017,PR0002,36,35,8,63,0,14634.27
2025-05-01,ST017,PR0003,55,5,24,36,0,11224.08
2025-05-01,ST017,PR0004,49,41,13,77,0,27401.99
2025-05-01,ST017,PR0005,55,28,22,61,0,30317.0
2025-05-01,ST017,PR0006,10,35,36,9,0,4926.42
2025-05-01,ST017,PR0007,9,50,41,18,0,11801.16
2025-05-01,ST017,PR0008,64,24,10,78,0,41071.68
2025-05-01,ST017,PR0009,57,42,30,69,0,45735.27
2025-05-01,ST017,PR0010,32,38,14,56,0,33939.36
2025-05-01,ST017,PR0011,43,32,40,35,0,24879.05
2025-05-01,ST017,PR0012,15,38,24,29,0,24829.8
2025-05-01,ST017,PR0013,23,14,17,20,0,14897.4
2025-05-01,ST017,PR0014,43,45,8,80,0,12049.6
2025-05-01,ST017,PR0015,51,20,22,49,0,11788.91
2025-05-01,ST017,PR0016,54,49,18,85,0,24595.6
2025-05-01,ST017,PR0017,18,23,16,25,0,7614.75
2025-05-01,ST017,PR0018,28,18,0,46,0,18959.36
2025-05-01,ST017,PR0019,25,28,31,22,0,11216.04
2025-05-01,ST017,PR0020,60,33,19,74,0,30697.42
2025-05-01,ST017,PR0021,16,50,19,47,0,29922.08
2025-05-01,ST017,PR0022,24,10,10,24,0,16184.16
2025-05-01,ST017,PR0023,46,2,7,41,0,26292.89
2025-05-01,ST017,PR0024,14,21,20,15,0,9629.55
2025-05-01,ST017,PR0025,27,20,23,24,0,22515.6
2025-05-01,ST017,PR0026,57,43,13,87,0,69646.98
2025-05-01,ST017,PR0027,22,37,36,23,0,17667.91
2025-05-01,ST017,PR0028,7,49,24,32,0,4604.8
2025-05-01,ST017,PR0029,42,48,24,66,0,17023.38
2025-05-01,ST017,PR0030,56,42,0,98,0,28990.36
2025-05-01,ST017,PR0031,15,15,5,25,0,9547.5
2025-05-01,ST017,PR0032,32,34,12,54,0,23423.04
2025-05-01,ST017,PR0033,57,13,14,56,0,25860.8
2025-05-01,ST017,PR0034,17,18,6,29,0,17574.0
2025-05-01,ST017,PR0035,14,28,30,12,0,6512.76
2025-05-01,ST017,PR0036,37,21,27,31,0,19809.31
2025-05-01,ST017,PR0037,13,12,25,0,3,0.0
2025-05-01,ST017,PR0038,30,51,16,65,0,50329.5
2025-05-01,ST017,PR0039,28,34,44,18,0,16357.68
2025-05-01,ST017,PR0040,51,14,22,43,0,37837.42
2025-05-01,ST017,PR0041,28,21,33,16,0,15734.24
2025-05-01,ST017,PR0042,12,23,30,5,0,702.75
2025-05-01,ST017,PR0043,31,41,23,49,0,9973.46
2025-05-01,ST017,PR0044,46,44,32,58,0,15155.98
2025-05-01,ST017,PR0045,54,50,11,93,0,26602.65
2025-05-01,ST017,PR0046,58,53,4,107,0,38235.38
2025-05-01,ST017,PR0047,32,14,18,28,0,10788.12
2025-05-01,ST017,PR0048,51,27,44,34,0,15929.68
2025-05-01,ST017,PR0049,8,13,3,18,0,10786.5
2025-05-01,ST017,PR0050,62,35,20,77,0,45718.75
2025-05-01,ST017,PR0051,32,4,26,10,0,6491.9
2025-05-01,ST017,PR0052,52,28,2,78,0,51277.98
2025-05-01,ST017,PR0053,64,54,22,96,0,69668.16
2025-05-01,ST017,PR0054,5,32,15,22,0,21965.46
2025-05-01,ST017,PR0055,60,54,16,98,0,94423.98
2025-05-01,ST017,PR0056,58,37,5,90,0,15984.9
2025-05-01,ST017,PR0057,30,32,36,26,0,5162.56
2025-05-01,ST017,PR0058,43,54,37,60,0,18574.8
2025-05-01,ST017,PR0059,39,41,19,61,0,18121.27
2025-05-01,ST017,PR0060,45,39,9,75,0,28491.75
2025-05-01,ST018,PR0001,56,9,20,45,0,10785.15
2025-05-01,ST018,PR0002,53,25,3,75,0,17421.75
2025-05-01,ST018,PR0003,46,52,0,98,0,30554.44
2025-05-01,ST018,PR0004,41,29,24,46,0,16370.02
2025-05-01,ST018,PR0005,21,51,11,61,0,30317.0
2025-05-01,ST018,PR0006,10,43,17,36,0,19705.68
2025-05-01,ST018,PR0007,6,4,10,0,8,0.0
2025-05-01,ST018,PR0008,33,50,20,63,0,33173.28
2025-05-01,ST018,PR0009,14,50,1,63,0,41758.29
2025-05-01,ST018,PR0010,10,16,9,17,0,10303.02
2025-05-01,ST018,PR0011,15,34,1,48,0,34119.84
2025-05-01,ST018,PR0012,30,49,33,46,0,39385.2
2025-05-01,ST018,PR0013,22,11,0,33,0,24580.71
2025-05-01,ST018,PR0014,37,29,0,66,0,9940.92
2025-05-01,ST018,PR0015,59,4,0,63,0,15157.17
2025-05-01,ST018,PR0016,29,16,31,14,0,4051.04
2025-05-01,ST018,PR0017,33,9,10,32,0,9746.88
2025-05-01,ST018,PR0018,62,50,40,72,0,29675.52
2025-05-01,ST018,PR0019,15,11,14,12,0,6117.84
2025-05-01,ST018,PR0020,37,52,24,65,0,26963.95
2025-05-01,ST018,PR0021,53,17,27,43,0,27375.52
2025-05-01,ST018,PR0022,53,34,24,63,0,42483.42
2025-05-01,ST018,PR0023,64,1,3,62,0,39759.98
2025-05-01,ST018,PR0024,14,52,18,48,0,30814.56
2025-05-01,ST018,PR0025,55,11,14,52,0,48783.8
2025-05-01,ST018,PR0026,51,49,4,96,0,76851.84
2025-05-01,ST018,PR0027,17,45,11,51,0,39176.67
2025-05-01,ST018,PR0028,23,55,45,33,0,4748.7
2025-05-01,ST018,PR0029,54,49,21,82,0,21150.26
2025-05-01,ST018,PR0030,29,25,33,21,0,6212.22
2025-05-01,ST018,PR0031,63,42,19,86,0,32843.4
2025-05-01,ST018,PR0032,35,3,38,0,2,0.0
2025-05-01,ST018,PR0033,46,41,28,59,0,27246.2
2025-05-01,ST018,PR0034,49,52,12,89,0,53934.0
2025-05-01,ST018,PR0035,56,46,25,77,0,41790.21
2025-05-01,ST018,PR0036,56,31,21,66,0,42174.66
2025-05-01,ST018,PR0037,34,10,0,44,0,33894.08
2025-05-01,ST018,PR0038,34,44,20,58,0,44909.4
2025-05-01,ST018,PR0039,35,30,25,40,0,36350.4
2025-05-01,ST018,PR0040,44,28,34,38,0,33437.72
2025-05-01,ST018,PR0041,39,10,6,43,0,42285.77
2025-05-01,ST018,PR0042,21,2,18,5,0,702.75
2025-05-01,ST018,PR0043,30,1,19,12,0,2442.48
2025-05-01,ST018,PR0044,23,36,27,32,0,8361.92
2025-05-01,ST018,PR0045,9,3,12,0,11,0.0
2025-05-01,ST018,PR0046,31,52,39,44,0,15722.96
2025-05-01,ST018,PR0047,14,4,18,0,5,0.0
2025-05-01,ST018,PR0048,45,36,10,71,0,33264.92
2025-05-01,ST018,PR0049,40,22,28,34,0,20374.5
2025-05-01,ST018,PR0050,37,46,29,54,0,32062.5
2025-05-01,ST018,PR0051,53,13,13,53,0,34407.07
2025-05-01,ST018,PR0052,35,2,17,20,0,13148.2
2025-05-01,ST018,PR0053,37,1,25,13,0,9434.23
2025-05-01,ST018,PR0054,33,4,17,20,0,19968.6
2025-05-01,ST018,PR0055,37,20,18,39,0,37576.89
2025-05-01,ST018,PR0056,63,47,6,104,0,18471.44
2025-05-01,ST018,PR0057,43,55,14,84,0,16679.04
2025-05-01,ST018,PR0058,9,38,35,12,0,3714.96
2025-05-01,ST018,PR0059,63,27,0,90,0,26736.3
2025-05-01,ST018,PR0060,61,22,30,53,0,20134.17
2025-05-01,ST019,PR0001,11,0,11,0,12,0.0
2025-05-01,ST019,PR0002,37,41,21,57,0,13240.53
2025-05-01,ST019,PR0003,45,11,39,17,0,5300.26
2025-05-01,ST019,PR0004,26,13,32,7,0,2491.09
2025-05-01,ST019,PR0005,16,29,7,38,0,18886.0
2025-05-01,ST019,PR0006,32,45,35,42,0,22989.96
2025-05-01,ST019,PR0007,41,49,17,73,0,47860.26
2025-05-01,ST019,PR0008,43,21,21,43,0,22642.08
2025-05-01,ST019,PR0009,4,0,4,0,12,0.0
2025-05-01,ST019,PR0010,19,3,22,0,12,0.0
2025-05-01,ST019,PR0011,17,9,22,4,0,2843.32
2025-05-01,ST019,PR0012,17,20,28,9,0,7705.8
2025-05-01,ST019,PR0013,41,16,35,22,0,16387.14
2025-05-01,ST019,PR0014,32,11,13,30,0,4518.6
2025-05-01,ST019,PR0015,14,43,0,57,0,13713.63
2025-05-01,ST019,PR0016,7,22,1,28,0,8102.08
2025-05-01,ST019,PR0017,34,19,5,48,0,14620.32
2025-05-01,ST019,PR0018,53,54,21,86,0,35445.76
2025-05-01,ST019,PR0019,58,50,14,94,0,47923.08
2025-05-01,ST019,PR0020,18,13,26,5,0,2074.15
2025-05-01,ST019,PR0021,31,17,8,40,0,25465.6
2025-05-01,ST019,PR0022,52,12,16,48,0,32368.32
2025-05-01,ST019,PR0023,62,32,5,89,0,57074.81
2025-05-01,ST019,PR0024,65,1,13,53,0,34024.41
2025-05-01,ST019,PR0025,64,50,10,104,0,97567.6
2025-05-01,ST019,PR0026,18,0,18,0,12,0.0
2025-05-01,ST019,PR0027,43,9,6,46,0,35335.82
2025-05-01,ST019,PR0028,25,46,32,39,0,5612.1
2025-05-01,ST019,PR0029,29,3,27,5,0,1289.65
2025-05-01,ST019,PR0030,60,19,19,60,0,17749.2
2025-05-01,ST019,PR0031,45,20,13,52,0,19858.8
2025-05-01,ST019,PR0032,42,22,19,45,0,19519.2
2025-05-01,ST019,PR0033,55,7,24,38,0,17548.4
2025-05-01,ST019,PR0034,22,28,0,50,0,30300.0
2025-05-01,ST019,PR0035,29,44,35,38,0,20623.74
2025-05-01,ST019,PR0036,7,18,25,0,3,0.0
2025-05-01,ST019,PR0037,36,30,4,62,0,47759.84
2025-05-01,ST019,PR0038,45,37,18,64,0,49555.2
2025-05-01,ST019,PR0039,62,40,19,83,0,75427.08
2025-05-01,ST019,PR0040,52,51,1,102,0,89753.88
2025-05-01,ST019,PR0041,52,44,21,75,0,73754.25
2025-05-01,ST019,PR0042,44,55,14,85,0,11946.75
2025-05-01,ST019,PR0043,45,9,36,18,0,3663.72
2025-05-01,ST019,PR0044,56,6,15,47,0,12281.57
2025-05-01,ST019,PR0045,52,17,25,44,0,12586.2
2025-05-01,ST019,PR0046,65,0,21,44,0,15722.96
2025-05-01,ST019,PR0047,47,18,10,55,0,21190.95
2025-05-01,ST019,PR0048,12,51,19,44,0,20614.88
2025-05-01,ST019,PR0049,59,1,35,25,0,14981.25
2025-05-01,ST019,PR0050,30,12,38,4,0,2375.0
2025-05-01,ST019,PR0051,35,42,31,46,0,29862.74
2025-05-01,ST019,PR0052,13,44,29,28,0,18407.48
2025-05-01,ST019,PR0053,50,27,2,75,0,54428.25
2025-05-01,ST019,PR0054,8,42,22,28,0,27956.04
2025-05-01,ST019,PR0055,17,24,22,19,0,18306.69
2025-05-01,ST019,PR0056,60,25,34,51,0,9058.11
2025-05-01,ST019,PR0057,40,39,38,41,0,8140.96
2025-05-01,ST019,PR0058,26,30,30,26,0,8049.08
2025-05-01,ST019,PR0059,37,1,35,3,0,891.21
2025-05-01,ST019,PR0060,20,54,15,59,0,22413.51
2025-05-01,ST020,PR0001,33,25,14,44,0,10545.48
2025-05-01,ST020,PR0002,33,28,27,34,0,7897.86
2025-05-01,ST020,PR0003,36,4,26,14,0,4364.92
2025-05-01,ST020,PR0004,33,10,17,26,0,9252.62
2025-05-01,ST020,PR0005,30,12,35,7,0,3479.0
2025-05-01,ST020,PR0006,15,22,37,0,6,0.0
2025-05-01,ST020,PR0007,57,38,19,76,0,49827.12
2025-05-01,ST020,PR0008,26,2,28,0,5,0.0
2025-05-01,ST020,PR0009,27,10,2,35,0,23199.05
2025-05-01,ST020,PR0010,27,32,12,47,0,28484.82
2025-05-01,ST020,PR0011,35,15,18,32,0,22746.56
2025-05-01,ST020,PR0012,38,47,28,57,0,48803.4
2025-05-01,ST020,PR0013,42,2,23,21,0,15642.27
2025-05-01,ST020,PR0014,53,42,35,60,0,9037.2
2025-05-01,ST020,PR0015,62,17,16,63,0,15157.17
2025-05-01,ST020,PR0016,29,34,21,42,0,12153.12
2025-05-01,ST020,PR0017,25,16,24,17,0,5178.03
2025-05-01,ST020,PR0018,50,22,36,36,0,14837.76
2025-05-01,ST020,PR0019,33,55,15,73,0,37216.86
2025-05-01,ST020,PR0020,61,37,28,70,0,29038.1
2025-05-01,ST020,PR0021,18,38,12,44,0,28012.16
2025-05-01,ST020,PR0022,54,36,5,85,0,57318.9
2025-05-01,ST020,PR0023,14,39,0,53,0,33988.37
2025-05-01,ST020,PR0024,16,45,22,39,0,25036.83
2025-05-01,ST020,PR0025,33,18,12,39,0,36587.85
2025-05-01,ST020,PR0026,42,13,43,12,0,9606.48
2025-05-01,ST020,PR0027,13,30,17,26,0,19972.42
2025-05-01,ST020,PR0028,28,31,17,42,0,6043.8
2025-05-01,ST020,PR0029,12,27,39,0,11,0.0
2025-05-01,ST020,PR0030,35,28,3,60,0,17749.2
2025-05-01,ST020,PR0031,34,22,30,26,0,9929.4
2025-05-01,ST020,PR0032,21,24,3,42,0,18217.92
2025-05-01,ST020,PR0033,31,27,9,49,0,22628.2
2025-05-01,ST020,PR0034,40,18,10,48,0,29088.0
2025-05-01,ST020,PR0035,25,4,24,5,0,2713.65
2025-05-01,ST020,PR0036,27,0,3,24,0,15336.24
2025-05-01,ST020,PR0037,41,14,15,40,0,30812.8
2025-05-01,ST020,PR0038,7,55,13,49,0,37940.7
2025-05-01,ST020,PR0039,5,12,17,0,11,0.0
2025-05-01,ST020,PR0040,33,10,35,8,0,7039.52
2025-05-01,ST020,PR0041,58,37,37,58,0,57036.62
2025-05-01,ST020,PR0042,35,9,25,19,0,2670.45
2025-05-01,ST020,PR0043,50,32,32,50,0,10177.0
2025-05-01,ST020,PR0044,60,26,5,81,0,21166.11
2025-05-01,ST020,PR0045,24,48,23,49,0,14016.45
2025-05-01,ST020,PR0046,53,14,4,63,0,22512.42
2025-05-01,ST020,PR0047,59,50,21,88,0,33905.52
2025-05-01,ST020,PR0048,17,4,7,14,0,6559.28
2025-05-01,ST020,PR0049,27,21,30,18,0,10786.5
2025-05-01,ST020,PR0050,16,10,6,20,0,11875.0
2025-05-01,ST020,PR0051,38,13,28,23,0,14931.37
2025-05-01,ST020,PR0052,50,47,6,91,0,59824.31
2025-05-01,ST020,PR0053,41,12,16,37,0,26851.27
2025-05-01,ST020,PR0054,24,16,12,28,0,27956.04
2025-05-01,ST020,PR0055,5,17,22,0,9,0.0
2025-05-01,ST020,PR0056,13,7,20,0,8,0.0
2025-05-01,ST020,PR0057,28,29,22,35,0,6949.6
2025-05-01,ST020,PR0058,4,18,22,0,3,0.0
2025-05-01,ST020,PR0059,12,44,20,36,0,10694.52
2025-05-01,ST020,PR0060,23,42,25,40,0,15195.6
2025-05-01,ST021,PR0001,47,13,8,52,0,12462.84
2025-05-01,ST021,PR0002,34,45,40,39,0,9059.31
2025-05-01,ST021,PR0003,35,41,31,45,0,14030.1
2025-05-01,ST021,PR0004,36,40,35,41,0,14590.67
2025-05-01,ST021,PR0005,24,18,14,28,0,13916.0
2025-05-01,ST021,PR0006,17,16,11,22,0,12042.36
2025-05-01,ST021,PR0007,19,50,29,40,0,26224.8
2025-05-01,ST021,PR0008,56,41,22,75,0,39492.0
2025-05-01,ST021,PR0009,54,7,29,32,0,21210.56
2025-05-01,ST021,PR0010,48,15,15,48,0,29090.88
2025-05-01,ST021,PR0011,12,54,32,34,0,24168.22
2025-05-01,ST021,PR0012,30,47,25,52,0,44522.4
2025-05-01,ST021,PR0013,61,26,36,51,0,37988.37
2025-05-01,ST021,PR0014,29,39,28,40,0,6024.8
2025-05-01,ST021,PR0015,62,46,18,90,0,21653.1
2025-05-01,ST021,PR0016,45,15,24,36,0,10416.96
2025-05-01,ST021,PR0017,28,16,22,22,0,6700.98
2025-05-01,ST021,PR0018,27,20,4,43,0,17722.88
2025-05-01,ST021,PR0019,29,9,17,21,0,10706.22
2025-05-01,ST021,PR0020,28,28,20,36,0,14933.88
2025-05-01,ST021,PR0021,14,40,25,29,0,18462.56
2025-05-01,ST021,PR0022,30,8,5,33,0,22253.22
2025-05-01,ST021,PR0023,33,17,33,17,0,10901.93
2025-05-01,ST021,PR0024,36,11,9,38,0,24394.86
2025-05-01,ST021,PR0025,51,6,4,53,0,49721.95
2025-05-01,ST021,PR0026,26,8,10,24,0,19212.96
2025-05-01,ST021,PR0027,65,1,28,38,0,29190.46
2025-05-01,ST021,PR0028,41,5,19,27,0,3885.3
2025-05-01,ST021,PR0029,5,52,49,8,0,2063.44
2025-05-01,ST021,PR0030,11,32,25,18,0,5324.76
2025-05-01,ST021,PR0031,8,6,11,3,0,1145.7
2025-05-01,ST021,PR0032,37,9,15,31,0,13446.56
2025-05-01,ST021,PR0033,32,8,22,18,0,8312.4
2025-05-01,ST021,PR0034,15,38,36,17,0,10302.0
2025-05-01,ST021,PR0035,53,43,7,89,0,48302.97
2025-05-01,ST021,PR0036,19,16,7,28,0,17892.28
2025-05-01,ST021,PR0037,58,51,4,105,0,80883.6
2025-05-01,ST021,PR0038,60,13,2,71,0,54975.3
2025-05-01,ST021,PR0039,27,7,14,20,0,18175.2
2025-05-01,ST021,PR0040,14,2,9,7,0,6159.58
2025-05-01,ST021,PR0041,61,0,13,48,0,47202.72
2025-05-01,ST021,PR0042,58,18,40,36,0,5059.8
2025-05-01,ST021,PR0043,27,14,7,34,0,6920.36
2025-05-01,ST021,PR0044,65,7,36,36,0,9407.16
2025-05-01,ST021,PR0045,15,42,27,30,0,8581.5
2025-05-01,ST021,PR0046,10,23,28,5,0,1786.7
2025-05-01,ST021,PR0047,20,43,33,30,0,11558.7
2025-05-01,ST021,PR0048,18,3,14,7,0,3279.64
2025-05-01,ST021,PR0049,18,39,40,17,0,10187.25
2025-05-01,ST021,PR0050,13,36,18,31,0,18406.25
2025-05-01,ST021,PR0051,30,17,36,11,0,7141.09
2025-05-01,ST021,PR0052,11,13,24,0,6,0.0
2025-05-01,ST021,PR0053,9,31,18,22,0,15965.62
2025-05-01,ST021,PR0054,16,9,24,1,7,998.43
2025-05-01,ST021,PR0055,44,55,25,74,0,71299.74
2025-05-01,ST021,PR0056,18,34,52,0,3,0.0
2025-05-01,ST021,PR0057,15,15,29,1,7,198.56
2025-05-01,ST021,PR0058,65,8,18,55,0,17026.9
2025-05-01,ST021,PR0059,9,55,23,41,0,12179.87
2025-05-01,ST021,PR0060,57,2,32,27,0,10257.03
2025-05-01,ST022,PR0001,38,39,27,50,0,11983.5
2025-05-01,ST022,PR0002,45,45,27,63,0,14634.27
2025-05-01,ST022,PR0003,29,8,9,28,0,8729.84
2025-05-01,ST022,PR0004,60,40,34,66,0,23487.42
2025-05-01,ST022,PR0005,6,13,19,0,11,0.0
2025-05-01,ST022,PR0006,9,48,27,30,0,16421.4
2025-05-01,ST022,PR0007,34,5,15,24,0,15734.88
2025-05-01,ST022,PR0008,33,53,19,67,0,35279.52
2025-05-01,ST022,PR0009,4,10,14,0,7,0.0
2025-05-01,ST022,PR0010,38,16,38,16,0,9696.96
2025-05-01,ST022,PR0011,7,0,7,0,11,0.0
2025-05-01,ST022,PR0012,14,21,18,17,0,14555.4
2025-05-01,ST022,PR0013,53,32,14,71,0,52885.77
2025-05-01,ST022,PR0014,40,23,17,46,0,6928.52
2025-05-01,ST022,PR0015,55,3,7,51,0,12270.09
2025-05-01,ST022,PR0016,7,1,0,8,0,2314.88
2025-05-01,ST022,PR0017,18,35,27,26,0,7919.34
2025-05-01,ST022,PR0018,55,32,16,71,0,29263.36
2025-05-01,ST022,PR0019,45,40,33,52,0,26510.64
2025-05-01,ST022,PR0020,12,27,2,37,0,15348.71
2025-05-01,ST022,PR0021,60,3,0,63,0,40108.32
2025-05-01,ST022,PR0022,52,23,22,53,0,35740.02
2025-05-01,ST022,PR0023,60,18,7,71,0,45531.59
2025-05-01,ST022,PR0024,60,9,19,50,0,32098.5
2025-05-01,ST022,PR0025,36,4,40,0,7,0.0
2025-05-01,ST022,PR0026,49,12,12,49,0,39226.46
2025-05-01,ST022,PR0027,58,52,27,83,0,63758.11
2025-05-01,ST022,PR0028,63,12,13,62,0,8921.8
2025-05-01,ST022,PR0029,7,37,34,10,0,2579.3
2025-05-01,ST022,PR0030,11,32,28,15,0,4437.3
2025-05-01,ST022,PR0031,40,40,21,59,0,22532.1
2025-05-01,ST022,PR0032,65,9,15,59,0,25591.84
2025-05-01,ST022,PR0033,60,35,25,70,0,32326.0
2025-05-01,ST022,PR0034,60,39,14,85,0,51510.0
2025-05-01,ST022,PR0035,14,5,19,0,10,0.0
2025-05-01,ST022,PR0036,40,46,33,53,0,33867.53
2025-05-01,ST022,PR0037,58,48,29,77,0,59314.64
2025-05-01,ST022,PR0038,53,3,37,19,0,14711.7
2025-05-01,ST022,PR0039,35,4,26,13,0,11813.88
2025-05-01,ST022,PR0040,57,27,22,62,0,54556.28
2025-05-01,ST022,PR0041,19,37,31,25,0,24584.75
2025-05-01,ST022,PR0042,42,22,43,21,0,2951.55
2025-05-01,ST022,PR0043,22,35,30,27,0,5495.58
2025-05-01,ST022,PR0044,4,13,17,0,4,0.0
2025-05-01,ST022,PR0045,61,18,15,64,0,18307.2
2025-05-01,ST022,PR0046,46,12,18,40,0,14293.6
2025-05-01,ST022,PR0047,37,21,5,53,0,20420.37
2025-05-01,ST022,PR0048,16,32,41,7,0,3279.64
2025-05-01,ST022,PR0049,64,6,18,52,0,31161.0
2025-05-01,ST022,PR0050,30,31,19,42,0,24937.5
2025-05-01,ST022,PR0051,26,9,14,21,0,13632.99
2025-05-01,ST022,PR0052,48,21,31,38,0,24981.58
2025-05-01,ST022,PR0053,56,19,15,60,0,43542.6
2025-05-01,ST022,PR0054,21,11,0,32,0,31949.76
2025-05-01,ST022,PR0055,26,18,11,33,0,31795.83
2025-05-01,ST022,PR0056,33,31,20,44,0,7814.84
2025-05-01,ST022,PR0057,27,38,41,24,0,4765.44
2025-05-01,ST022,PR0058,10,1,2,9,0,2786.22
2025-05-01,ST022,PR0059,13,40,10,43,0,12774.01
2025-05-01,ST022,PR0060,43,9,26,26,0,9877.14
2025-05-01,ST023,PR0001,38,1,18,21,0,5033.07
2025-05-01,ST023,PR0002,8,11,19,0,12,0.0
2025-05-01,ST023,PR0003,7,9,16,0,2,0.0
2025-05-01,ST023,PR0004,42,13,27,28,0,9964.36
2025-05-01,ST023,PR0005,6,18,20,4,0,1988.0
2025-05-01,ST023,PR0006,15,27,21,21,0,11494.98
2025-05-01,ST023,PR0007,30,45,12,63,0,41304.06
2025-05-01,ST023,PR0008,48,11,31,28,0,14743.68
2025-05-01,ST023,PR0009,35,39,18,56,0,37118.48
2025-05-01,ST023,PR0010,36,4,9,31,0,18787.86
2025-05-01,ST023,PR0011,34,4,23,15,0,10662.45
2025-05-01,ST023,PR0012,11,18,26,3,0,2568.6
2025-05-01,ST023,PR0013,41,8,2,47,0,35008.89
2025-05-01,ST023,PR0014,31,51,25,57,0,8585.34
2025-05-01,ST023,PR0015,23,34,0,57,0,13713.63
2025-05-01,ST023,PR0016,22,24,27,19,0,5497.84
2025-05-01,ST023,PR0017,42,17,32,27,0,8223.93
2025-05-01,ST023,PR0018,15,54,47,22,0,9067.52
2025-05-01,ST023,PR0019,29,6,0,35,0,17843.7
2025-05-01,ST023,PR0020,9,3,12,0,4,0.0
2025-05-01,ST023,PR0021,50,9,7,52,0,33105.28
2025-05-01,ST023,PR0022,19,41,9,51,0,34391.34
2025-05-01,ST023,PR0023,41,34,17,58,0,37194.82
2025-05-01,ST023,PR0024,17,11,28,0,8,0.0
2025-05-01,ST023,PR0025,10,23,33,0,10,0.0
2025-05-01,ST023,PR0026,18,50,21,47,0,37625.38
2025-05-01,ST023,PR0027,38,4,39,3,0,2304.51
2025-05-01,ST023,PR0028,56,26,25,57,0,8202.3
2025-05-01,ST023,PR0029,45,28,27,46,0,11864.78
2025-05-01,ST023,PR0030,56,18,13,61,0,18045.02
2025-05-01,ST023,PR0031,49,43,33,59,0,22532.1
2025-05-01,ST023,PR0032,65,45,15,95,0,41207.2
2025-05-01,ST023,PR0033,56,20,12,64,0,29555.2
2025-05-01,ST023,PR0034,26,47,31,42,0,25452.0
2025-05-01,ST023,PR0035,38,18,6,50,0,27136.5
2025-05-01,ST023,PR0036,54,13,20,47,0,30033.47
2025-05-01,ST023,PR0037,21,37,25,33,0,25420.56
2025-05-01,ST023,PR0038,20,38,9,49,0,37940.7
2025-05-01,ST023,PR0039,9,16,15,10,0,9087.6
2025-05-01,ST023,PR0040,24,25,31,18,0,15838.92
2025-05-01,ST023,PR0041,18,38,25,31,0,30485.09
2025-05-01,ST023,PR0042,25,51,8,68,0,9557.4
2025-05-01,ST023,PR0043,59,16,42,33,0,6716.82
2025-05-01,ST023,PR0044,35,50,45,40,0,10452.4
2025-05-01,ST023,PR0045,4,48,9,43,0,12300.15
2025-05-01,ST023,PR0046,36,25,17,44,0,15722.96
2025-05-01,ST023,PR0047,46,54,23,77,0,29667.33
2025-05-01,ST023,PR0048,61,46,6,101,0,47320.52
2025-05-01,ST023,PR0049,28,21,15,34,0,20374.5
2025-05-01,ST023,PR0050,14,18,20,12,0,7125.0
2025-05-01,ST023,PR0051,8,35,12,31,0,20124.89
2025-05-01,ST023,PR0052,36,34,8,62,0,40759.42
2025-05-01,ST023,PR0053,33,50,19,64,0,46445.44
2025-05-01,ST023,PR0054,52,24,11,65,0,64897.95
2025-05-01,ST023,PR0055,34,55,18,71,0,68409.21
2025-05-01,ST023,PR0056,48,6,30,24,0,4262.64
2025-05-01,ST023,PR0057,51,22,39,34,0,6751.04
2025-05-01,ST023,PR0058,42,54,16,80,0,24766.4
2025-05-01,ST023,PR0059,6,46,40,12,0,3564.84
2025-05-01,ST023,PR0060,29,24,38,15,0,5698.35
2025-05-01,ST024,PR0001,48,18,34,32,0,7669.44
2025-05-01,ST024,PR0002,20,12,0,32,0,7433.28
2025-05-01,ST024,PR0003,49,8,37,20,0,6235.6
2025-05-01,ST024,PR0004,28,31,22,37,0,13167.19
2025-05-01,ST024,PR0005,44,42,24,62,0,30814.0
2025-05-01,ST024,PR0006,27,39,0,66,0,36127.08
2025-05-01,ST024,PR0007,53,33,30,56,0,36714.72
2025-05-01,ST024,PR0008,50,38,33,55,0,28960.8
2025-05-01,ST024,PR0009,9,43,36,16,0,10605.28
2025-05-01,ST024,PR0010,53,3,28,28,0,16969.68
2025-05-01,ST024,PR0011,58,15,33,40,0,28433.2
2025-05-01,ST024,PR0012,60,21,26,55,0,47091.0
2025-05-01,ST024,PR0013,23,12,11,24,0,17876.88
2025-05-01,ST024,PR0014,9,41,30,20,0,3012.4
2025-05-01,ST024,PR0015,30,6,9,27,0,6495.93
2025-05-01,ST024,PR0016,21,9,8,22,0,6365.92
2025-05-01,ST024,PR0017,51,19,32,38,0,11574.42
2025-05-01,ST024,PR0018,64,3,29,38,0,15662.08
2025-05-01,ST024,PR0019,7,44,33,18,0,9176.76
2025-05-01,ST024,PR0020,15,16,30,1,4,414.83
2025-05-01,ST024,PR0021,17,15,25,7,0,4456.48
2025-05-01,ST024,PR0022,21,26,21,26,0,17532.84
2025-05-01,ST024,PR0023,39,14,14,39,0,25010.31
2025-05-01,ST024,PR0024,20,40,11,49,0,31456.53
2025-05-01,ST024,PR0025,39,17,26,30,0,28144.5
2025-05-01,ST024,PR0026,7,34,11,30,0,24016.2
2025-05-01,ST024,PR0027,24,8,14,18,0,13827.06
2025-05-01,ST024,PR0028,37,49,13,73,0,10504.7
2025-05-01,ST024,PR0029,29,18,34,13,0,3353.09
2025-05-01,ST024,PR0030,14,27,15,26,0,7691.32
2025-05-01,ST024,PR0031,23,19,0,42,0,16039.8
2025-05-01,ST024,PR0032,35,30,34,31,0,13446.56
2025-05-01,ST024,PR0033,31,3,24,10,0,4618.0
2025-05-01,ST024,PR0034,62,18,32,48,0,29088.0
2025-05-01,ST024,PR0035,11,45,44,12,0,6512.76
2025-05-01,ST024,PR0036,56,23,21,58,0,37062.58
2025-05-01,ST024,PR0037,33,4,33,4,0,3081.28
2025-05-01,ST024,PR0038,38,52,36,54,0,41812.2
2025-05-01,ST024,PR0039,30,2,14,18,0,16357.68
2025-05-01,ST024,PR0040,24,37,47,14,0,12319.16
2025-05-01,ST024,PR0041,33,26,30,29,0,28518.31
2025-05-01,ST024,PR0042,59,20,24,55,0,7730.25
2025-05-01,ST024,PR0043,54,13,19,48,0,9769.92
2025-05-01,ST024,PR0044,40,22,6,56,0,14633.36
2025-05-01,ST024,PR0045,31,22,20,33,0,9439.65
2025-05-01,ST024,PR0046,64,52,19,97,0,34661.98
2025-05-01,ST024,PR0047,47,9,14,42,0,16182.18
2025-05-01,ST024,PR0048,47,15,35,27,0,12650.04
2025-05-01,ST024,PR0049,20,51,14,57,0,34157.25
2025-05-01,ST024,PR0050,32,36,18,50,0,29687.5
2025-05-01,ST024,PR0051,34,43,28,49,0,31810.31
2025-05-01,ST024,PR0052,43,32,44,31,0,20379.71
2025-05-01,ST024,PR0053,9,13,13,9,0,6531.39
2025-05-01,ST024,PR0054,38,38,24,52,0,51918.36
2025-05-01,ST024,PR0055,57,40,21,76,0,73226.76
2025-05-01,ST024,PR0056,46,19,25,40,0,7104.4
2025-05-01,ST024,PR0057,32,36,28,40,0,7942.4
2025-05-01,ST024,PR0058,9,34,24,19,0,5882.02
2025-05-01,ST024,PR0059,42,31,37,36,0,10694.52
2025-05-01,ST024,PR0060,59,51,3,107,0,40648.23
2025-06-01,ST001,PR0001,9,48,16,41,0,9826.47
2025-06-01,ST001,PR0002,27,6,16,17,0,3948.93
2025-06-01,ST001,PR0003,54,1,8,47,0,14653.66
2025-06-01,ST001,PR0004,29,4,31,2,6,711.74
2025-06-01,ST001,PR0005,47,6,52,1,6,497.0
2025-06-01,ST001,PR0006,25,1,3,23,0,12589.74
2025-06-01,ST001,PR0007,16,41,38,19,0,12456.78
2025-06-01,ST001,PR0008,21,9,6,24,0,12637.44
2025-06-01,ST001,PR0009,63,17,27,53,0,35129.99
2025-06-01,ST001,PR0010,61,35,50,46,0,27878.76
2025-06-01,ST001,PR0011,38,6,31,13,0,9240.79
2025-06-01,ST001,PR0012,38,8,16,30,0,25686.0
2025-06-01,ST001,PR0013,65,10,7,68,0,50651.16
2025-06-01,ST001,PR0014,47,31,23,55,0,8284.1
2025-06-01,ST001,PR0015,14,1,13,2,3,481.18
2025-06-01,ST001,PR0016,45,41,41,45,0,13021.2
2025-06-01,ST001,PR0017,64,5,12,57,0,17361.63
2025-06-01,ST001,PR0018,5,23,7,21,0,8655.36
2025-06-01,ST001,PR0019,18,12,8,22,0,11216.04
2025-06-01,ST001,PR0020,8,44,30,22,0,9126.26
2025-06-01,ST001,PR0021,44,22,35,31,0,19735.84
2025-06-01,ST001,PR0022,20,17,22,15,0,10115.1
2025-06-01,ST001,PR0023,15,3,18,0,10,0.0
2025-06-01,ST001,PR0024,15,31,36,10,0,6419.7
2025-06-01,ST001,PR0025,5,45,22,28,0,26268.2
2025-06-01,ST001,PR0026,28,52,36,44,0,35223.76
2025-06-01,ST001,PR0027,48,21,26,43,0,33031.31
2025-06-01,ST001,PR0028,15,4,16,3,0,431.7
2025-06-01,ST001,PR0029,64,18,8,74,0,19086.82
2025-06-01,ST001,PR0030,30,38,22,46,0,13607.72
2025-06-01,ST001,PR0031,52,29,16,65,0,24823.5
2025-06-01,ST001,PR0032,24,38,19,43,0,18651.68
2025-06-01,ST001,PR0033,57,3,24,36,0,16624.8
2025-06-01,ST001,PR0034,53,23,60,16,0,9696.0
2025-06-01,ST001,PR0035,27,14,24,17,0,9226.41
2025-06-01,ST001,PR0036,39,47,25,61,0,38979.61
2025-06-01,ST001,PR0037,44,34,21,57,0,43908.24
2025-06-01,ST001,PR0038,54,50,16,88,0,68138.4
2025-06-01,ST001,PR0039,45,29,15,59,0,53616.84
2025-06-01,ST001,PR0040,51,53,18,86,0,75674.84
2025-06-01,ST001,PR0041,47,29,27,49,0,48186.11
2025-06-01,ST001,PR0042,60,50,35,75,0,10541.25
2025-06-01,ST001,PR0043,5,2,7,0,7,0.0
2025-06-01,ST001,PR0044,51,42,7,86,0,22472.66
2025-06-01,ST001,PR0045,39,12,0,51,0,14588.55
2025-06-01,ST001,PR0046,44,3,36,11,0,3930.74
2025-06-01,ST001,PR0047,20,26,26,20,0,7705.8
2025-06-01,ST001,PR0048,37,0,37,0,8,0.0
2025-06-01,ST001,PR0049,65,51,36,80,0,47940.0
2025-06-01,ST001,PR0050,62,50,39,73,0,43343.75
2025-06-01,ST001,PR0051,5,54,27,32,0,20774.08
2025-06-01,ST001,PR0052,9,6,15,0,2,0.0
2025-06-01,ST001,PR0053,55,21,18,58,0,42091.18
2025-06-01,ST001,PR0054,45,15,44,16,0,15974.88
2025-06-01,ST001,PR0055,59,17,31,45,0,43357.95
2025-06-01,ST001,PR0056,29,31,29,31,0,5505.91
2025-06-01,ST001,PR0057,6,0,6,0,11,0.0
2025-06-01,ST001,PR0058,16,26,42,0,2,0.0
2025-06-01,ST001,PR0059,16,40,38,18,0,5347.26
2025-06-01,ST001,PR0060,60,39,0,99,0,37609.11
2025-06-01,ST002,PR0001,12,14,26,0,10,0.0
2025-06-01,ST002,PR0002,17,7,24,0,10,0.0
2025-06-01,ST002,PR0003,23,40,22,41,0,12782.98
2025-06-01,ST002,PR0004,65,54,45,74,0,26334.38
2025-06-01,ST002,PR0005,47,10,3,54,0,26838.0
2025-06-01,ST002,PR0006,64,5,27,42,0,22989.96
2025-06-01,ST002,PR0007,11,53,15,49,0,32125.38
2025-06-01,ST002,PR0008,20,1,21,0,10,0.0
2025-06-01,ST002,PR0009,13,25,24,14,0,9279.62
2025-06-01,ST002,PR0010,30,48,37,41,0,24848.46
2025-06-01,ST002,PR0011,54,18,19,53,0,37673.99
2025-06-01,ST002,PR0012,62,29,27,64,0,54796.8
2025-06-01,ST002,PR0013,13,50,29,34,0,25325.58
2025-06-01,ST002,PR0014,49,12,27,34,0,5121.08
2025-06-01,ST002,PR0015,25,28,25,28,0,6736.52
2025-06-01,ST002,PR0016,16,18,29,5,0,1446.8
2025-06-01,ST002,PR0017,40,6,25,21,0,6396.39
2025-06-01,ST002,PR0018,20,23,24,19,0,7831.04
2025-06-01,ST002,PR0019,60,23,23,60,0,30589.2
2025-06-01,ST002,PR0020,64,52,27,89,0,36919.87
2025-06-01,ST002,PR0021,7,33,6,34,0,21645.76
2025-06-01,ST002,PR0022,41,36,29,48,0,32368.32
2025-06-01,ST002,PR0023,12,14,17,9,0,5771.61
2025-06-01,ST002,PR0024,23,32,35,20,0,12839.4
2025-06-01,ST002,PR0025,65,7,35,37,0,34711.55
2025-06-01,ST002,PR0026,12,21,24,9,0,7204.86
2025-06-01,ST002,PR0027,40,48,18,70,0,53771.9
2025-06-01,ST002,PR0028,59,44,11,92,0,13238.8
2025-06-01,ST002,PR0029,15,8,6,17,0,4384.81
2025-06-01,ST002,PR0030,20,49,9,60,0,17749.2
2025-06-01,ST002,PR0031,51,22,26,47,0,17949.3
2025-06-01,ST002,PR0032,23,52,22,53,0,22989.28
2025-06-01,ST002,PR0033,41,0,29,12,0,5541.6
2025-06-01,ST002,PR0034,18,26,22,22,0,13332.0
2025-06-01,ST002,PR0035,31,55,8,78,0,42332.94
2025-06-01,ST002,PR0036,22,45,47,20,0,12780.2
2025-06-01,ST002,PR0037,42,53,29,66,0,50841.12
2025-06-01,ST002,PR0038,38,43,16,65,0,50329.5
2025-06-01,ST002,PR0039,48,21,14,55,0,49981.8
2025-06-01,ST002,PR0040,53,44,29,68,0,59835.92
2025-06-01,ST002,PR0041,41,30,22,49,0,48186.11
2025-06-01,ST002,PR0042,23,44,15,52,0,7308.6
2025-06-01,ST002,PR0043,20,26,16,30,0,6106.2
2025-06-01,ST002,PR0044,42,9,20,31,0,8100.61
2025-06-01,ST002,PR0045,21,15,10,26,0,7437.3
2025-06-01,ST002,PR0046,59,39,26,72,0,25728.48
2025-06-01,ST002,PR0047,18,20,20,18,0,6935.22
2025-06-01,ST002,PR0048,12,39,22,29,0,13587.08
2025-06-01,ST002,PR0049,6,13,0,19,0,11385.75
2025-06-01,ST002,PR0050,25,10,31,4,0,2375.0
2025-06-01,ST002,PR0051,52,11,39,24,0,15580.56
2025-06-01,ST002,PR0052,57,25,27,55,0,36157.55
2025-06-01,ST002,PR0053,34,12,19,27,0,19594.17
2025-06-01,ST002,PR0054,54,20,2,72,0,71886.96
2025-06-01,ST002,PR0055,56,12,15,53,0,51066.03
2025-06-01,ST002,PR0056,26,30,7,49,0,8702.89
2025-06-01,ST002,PR0057,41,0,29,12,0,2382.72
2025-06-01,ST002,PR0058,47,34,7,74,0,22908.92
2025-06-01,ST002,PR0059,15,4,19,0,12,0.0
2025-06-01,ST002,PR0060,14,2,16,0,9,0.0
2025-06-01,ST003,PR0001,35,44,15,64,0,15338.88
2025-06-01,ST003,PR0002,22,45,27,40,0,9291.6
2025-06-01,ST003,PR0003,40,35,27,48,0,14965.44
2025-06-01,ST003,PR0004,46,12,19,39,0,13878.93
2025-06-01,ST003,PR0005,60,46,7,99,0,49203.0
2025-06-01,ST003,PR0006,47,9,22,34,0,18610.92
2025-06-01,ST003,PR0007,14,23,14,23,0,15079.26
2025-06-01,ST003,PR0008,37,29,18,48,0,25274.88
2025-06-01,ST003,PR0009,50,12,43,19,0,12593.77
2025-06-01,ST003,PR0010,8,24,26,6,0,3636.36
2025-06-01,ST003,PR0011,4,44,3,45,0,31987.35
2025-06-01,ST003,PR0012,12,2,14,0,7,0.0
2025-06-01,ST003,PR0013,34,8,26,16,0,11917.92
2025-06-01,ST003,PR0014,5,53,15,43,0,6476.66
2025-06-01,ST003,PR0015,56,13,30,39,0,9383.01
2025-06-01,ST003,PR0016,12,13,25,0,3,0.0
2025-06-01,ST003,PR0017,50,4,30,24,0,7310.16
2025-06-01,ST003,PR0018,46,55,29,72,0,29675.52
2025-06-01,ST003,PR0019,27,14,26,15,0,7647.3
2025-06-01,ST003,PR0020,18,7,25,0,9,0.0
2025-06-01,ST003,PR0021,47,8,9,46,0,29285.44
2025-06-01,ST003,PR0022,45,25,40,30,0,20230.2
2025-06-01,ST003,PR0023,20,16,1,35,0,22445.15
2025-06-01,ST003,PR0024,54,28,20,62,0,39802.14
2025-06-01,ST003,PR0025,36,9,34,11,0,10319.65
2025-06-01,ST003,PR0026,9,20,25,4,0,3202.16
2025-06-01,ST003,PR0027,59,47,32,74,0,56844.58
2025-06-01,ST003,PR0028,11,23,15,19,0,2734.1
2025-06-01,ST003,PR0029,43,12,11,44,0,11348.92
2025-06-01,ST003,PR0030,61,35,17,79,0,23369.78
2025-06-01,ST003,PR0031,9,0,9,0,11,0.0
2025-06-01,ST003,PR0032,10,0,10,0,4,0.0
2025-06-01,ST003,PR0033,63,54,35,82,0,37867.6
2025-06-01,ST003,PR0034,43,1,31,13,0,7878.0
2025-06-01,ST003,PR0035,58,45,25,78,0,42332.94
2025-06-01,ST003,PR0036,15,25,12,28,0,17892.28
2025-06-01,ST003,PR0037,63,14,50,27,0,20798.64
2025-06-01,ST003,PR0038,27,48,21,54,0,41812.2
2025-06-01,ST003,PR0039,35,54,13,76,0,69065.76
2025-06-01,ST003,PR0040,57,25,49,33,0,29038.02
2025-06-01,ST003,PR0041,17,25,35,7,0,6883.73
2025-06-01,ST003,PR0042,32,46,11,67,0,9416.85
2025-06-01,ST003,PR0043,37,35,7,65,0,13230.1
2025-06-01,ST003,PR0044,48,21,29,40,0,10452.4
2025-06-01,ST003,PR0045,59,52,41,70,0,20023.5
2025-06-01,ST003,PR0046,11,53,17,47,0,16794.98
2025-06-01,ST003,PR0047,52,43,0,95,0,36602.55
2025-06-01,ST003,PR0048,58,33,22,69,0,32327.88
2025-06-01,ST003,PR0049,51,44,9,86,0,51535.5
2025-06-01,ST003,PR0050,11,52,23,40,0,23750.0
2025-06-01,ST003,PR0051,25,8,33,0,4,0.0
2025-06-01,ST003,PR0052,51,7,26,32,0,21037.12
2025-06-01,ST003,PR0053,34,4,27,11,0,7982.81
2025-06-01,ST003,PR0054,22,44,33,33,0,32948.19
2025-06-01,ST003,PR0055,24,54,18,60,0,57810.6
2025-06-01,ST003,PR0056,17,37,5,49,0,8702.89
2025-06-01,ST003,PR0057,16,21,37,0,11,0.0
2025-06-01,ST003,PR0058,52,6,2,56,0,17336.48
2025-06-01,ST003,PR0059,56,28,14,70,0,20794.9
2025-06-01,ST003,PR0060,31,8,12,27,0,10257.03
2025-06-01,ST004,PR0001,39,1,16,24,0,5752.08
2025-06-01,ST004,PR0002,4,18,22,0,2,0.0
2025-06-01,ST004,PR0003,29,31,7,53,0,16524.34
2025-06-01,ST004,PR0004,44,7,44,7,0,2491.09
2025-06-01,ST004,PR0005,27,1,27,1,2,497.0
2025-06-01,ST004,PR0006,43,22,0,65,0,35579.7
2025-06-01,ST004,PR0007,53,30,0,83,0,54416.46
2025-06-01,ST004,PR0008,18,8,26,0,3,0.0
2025-06-01,ST004,PR0009,54,40,40,54,0,35792.82
2025-06-01,ST004,PR0010,62,48,12,98,0,59393.88
2025-06-01,ST004,PR0011,43,47,17,73,0,51890.59
2025-06-01,ST004,PR0012,53,52,35,70,0,59934.0
2025-06-01,ST004,PR0013,14,32,23,23,0,17132.01
2025-06-01,ST004,PR0014,26,25,14,37,0,5572.94
2025-06-01,ST004,PR0015,33,12,36,9,0,2165.31
2025-06-01,ST004,PR0016,5,49,22,32,0,9259.52
2025-06-01,ST004,PR0017,43,27,40,30,0,9137.7
2025-06-01,ST004,PR0018,13,4,17,0,10,0.0
2025-06-01,ST004,PR0019,8,42,23,27,0,13765.14
2025-06-01,ST004,PR0020,43,28,20,51,0,21156.33
2025-06-01,ST004,PR0021,7,34,24,17,0,10822.88
2025-06-01,ST004,PR0022,64,42,20,86,0,57993.24
2025-06-01,ST004,PR0023,40,43,13,70,0,44890.3
2025-06-01,ST004,PR0024,53,12,10,55,0,35308.35
2025-06-01,ST004,PR0025,50,18,0,68,0,63794.2
2025-06-01,ST004,PR0026,19,22,30,11,0,8805.94
2025-06-01,ST004,PR0027,15,36,39,12,0,9218.04
2025-06-01,ST004,PR0028,63,51,25,89,0,12807.1
2025-06-01,ST004,PR0029,51,25,21,55,0,14186.15
2025-06-01,ST004,PR0030,17,35,6,46,0,13607.72
2025-06-01,ST004,PR0031,4,0,4,0,2,0.0
2025-06-01,ST004,PR0032,57,23,15,65,0,28194.4
2025-06-01,ST004,PR0033,10,29,36,3,0,1385.4
2025-06-01,ST004,PR0034,40,7,0,47,0,28482.0
2025-06-01,ST004,PR0035,15,45,22,38,0,20623.74
2025-06-01,ST004,PR0036,6,14,20,0,2,0.0
2025-06-01,ST004,PR0037,26,25,18,33,0,25420.56
2025-06-01,ST004,PR0038,64,17,7,74,0,57298.2
2025-06-01,ST004,PR0039,36,17,16,37,0,33624.12
2025-06-01,ST004,PR0040,51,46,6,91,0,80074.54
2025-06-01,ST004,PR0041,59,15,35,39,0,38352.21
2025-06-01,ST004,PR0042,49,20,23,46,0,6465.3
2025-06-01,ST004,PR0043,4,27,22,9,0,1831.86
2025-06-01,ST004,PR0044,28,29,23,34,0,8884.54
2025-06-01,ST004,PR0045,19,23,27,15,0,4290.75
2025-06-01,ST004,PR0046,58,1,37,22,0,7861.48
2025-06-01,ST004,PR0047,59,38,14,83,0,31979.07
2025-06-01,ST004,PR0048,64,8,6,66,0,30922.32
2025-06-01,ST004,PR0049,31,6,21,16,0,9588.0
2025-06-01,ST004,PR0050,19,3,13,9,0,5343.75
2025-06-01,ST004,PR0051,63,55,27,91,0,59076.29
2025-06-01,ST004,PR0052,36,41,36,41,0,26953.81
2025-06-01,ST004,PR0053,23,31,0,54,0,39188.34
2025-06-01,ST004,PR0054,36,13,24,25,0,24960.75
2025-06-01,ST004,PR0055,38,48,21,65,0,62628.15
2025-06-01,ST004,PR0056,38,52,16,74,0,13143.14
2025-06-01,ST004,PR0057,47,47,29,65,0,12906.4
2025-06-01,ST004,PR0058,61,16,0,77,0,23837.66
2025-06-01,ST004,PR0059,38,13,41,10,0,2970.7
2025-06-01,ST004,PR0060,45,33,0,78,0,29631.42
2025-06-01,ST005,PR0001,60,25,22,63,0,15099.21
2025-06-01,ST005,PR0002,16,8,18,6,0,1393.74
2025-06-01,ST005,PR0003,24,55,9,70,0,21824.6
2025-06-01,ST005,PR0004,47,50,30,67,0,23843.29
2025-06-01,ST005,PR0005,33,17,0,50,0,24850.0
2025-06-01,ST005,PR0006,22,39,11,50,0,27369.0
2025-06-01,ST005,PR0007,15,43,32,26,0,17046.12
2025-06-01,ST005,PR0008,26,20,4,42,0,22115.52
2025-06-01,ST005,PR0009,17,16,33,0,4,0.0
2025-06-01,ST005,PR0010,25,35,34,26,0,15757.56
2025-06-01,ST005,PR0011,59,39,25,73,0,51890.59
2025-06-01,ST005,PR0012,13,5,18,0,10,0.0
2025-06-01,ST005,PR0013,12,39,47,4,0,2979.48
2025-06-01,ST005,PR0014,51,24,32,43,0,6476.66
2025-06-01,ST005,PR0015,38,45,26,57,0,13713.63
2025-06-01,ST005,PR0016,47,39,24,62,0,17940.32
2025-06-01,ST005,PR0017,6,7,13,0,10,0.0
2025-06-01,ST005,PR0018,42,16,14,44,0,18135.04
2025-06-01,ST005,PR0019,40,32,9,63,0,32118.66
2025-06-01,ST005,PR0020,39,11,8,42,0,17422.86
2025-06-01,ST005,PR0021,11,31,5,37,0,23555.68
2025-06-01,ST005,PR0022,26,5,16,15,0,10115.1
2025-06-01,ST005,PR0023,32,36,44,24,0,15390.96
2025-06-01,ST005,PR0024,60,52,14,98,0,62913.06
2025-06-01,ST005,PR0025,47,10,44,13,0,12195.95
2025-06-01,ST005,PR0026,26,52,3,75,0,60040.5
2025-06-01,ST005,PR0027,55,25,18,62,0,47626.54
2025-06-01,ST005,PR0028,22,11,0,33,0,4748.7
2025-06-01,ST005,PR0029,35,25,0,60,0,15475.8
2025-06-01,ST005,PR0030,18,36,15,39,0,11536.98
2025-06-01,ST005,PR0031,12,37,20,29,0,11075.1
2025-06-01,ST005,PR0032,47,8,1,54,0,23423.04
2025-06-01,ST005,PR0033,36,3,27,12,0,5541.6
2025-06-01,ST005,PR0034,5,33,15,23,0,13938.0
2025-06-01,ST005,PR0035,55,35,23,67,0,36362.91
2025-06-01,ST005,PR0036,21,10,18,13,0,8307.13
2025-06-01,ST005,PR0037,12,38,28,22,0,16947.04
2025-06-01,ST005,PR0038,38,52,48,42,0,32520.6
2025-06-01,ST005,PR0039,37,20,27,30,0,27262.8
2025-06-01,ST005,PR0040,48,4,41,11,0,9679.34
2025-06-01,ST005,PR0041,48,35,38,45,0,44252.55
2025-06-01,ST005,PR0042,12,55,18,49,0,6886.95
2025-06-01,ST005,PR0043,32,13,21,24,0,4884.96
2025-06-01,ST005,PR0044,47,2,32,17,0,4442.27
2025-06-01,ST005,PR0045,53,45,14,84,0,24028.2
2025-06-01,ST005,PR0046,51,40,12,79,0,28229.86
2025-06-01,ST005,PR0047,63,6,24,45,0,17338.05
2025-06-01,ST005,PR0048,64,22,21,65,0,30453.8
2025-06-01,ST005,PR0049,37,1,36,2,2,1198.5
2025-06-01,ST005,PR0050,18,11,29,0,6,0.0
2025-06-01,ST005,PR0051,54,44,43,55,0,35705.45
2025-06-01,ST005,PR0052,4,23,4,23,0,15120.43
2025-06-01,ST005,PR0053,15,46,11,50,0,36285.5
2025-06-01,ST005,PR0054,35,26,10,51,0,50919.93
2025-06-01,ST005,PR0055,41,34,22,53,0,51066.03
2025-06-01,ST005,PR0056,62,32,29,65,0,11544.65
2025-06-01,ST005,PR0057,51,8,42,17,0,3375.52
2025-06-01,ST005,PR0058,27,31,38,20,0,6191.6
2025-06-01,ST005,PR0059,22,50,19,53,0,15744.71
2025-06-01,ST005,PR0060,31,3,20,14,0,5318.46
2025-06-01,ST006,PR0001,20,44,36,28,0,6710.76
2025-06-01,ST006,PR0002,51,9,40,20,0,4645.8
2025-06-01,ST006,PR0003,22,6,28,0,9,0.0
2025-06-01,ST006,PR0004,64,19,8,75,0,26690.25
2025-06-01,ST006,PR0005,41,28,23,46,0,22862.0
2025-06-01,ST006,PR0006,28,44,38,34,0,18610.92
2025-06-01,ST006,PR0007,55,28,17,66,0,43270.92
2025-06-01,ST006,PR0008,63,38,20,81,0,42651.36
2025-06-01,ST006,PR0009,37,52,24,65,0,43083.95
2025-06-01,ST006,PR0010,48,7,16,39,0,23636.34
2025-06-01,ST006,PR0011,55,49,6,98,0,69661.34
2025-06-01,ST006,PR0012,26,21,12,35,0,29967.0
2025-06-01,ST006,PR0013,63,14,17,60,0,44692.2
2025-06-01,ST006,PR0014,50,52,29,73,0,10995.26
2025-06-01,ST006,PR0015,21,19,19,21,0,5052.39
2025-06-01,ST006,PR0016,41,26,31,36,0,10416.96
2025-06-01,ST006,PR0017,14,53,12,55,0,16752.45
2025-06-01,ST006,PR0018,9,30,19,20,0,8243.2
2025-06-01,ST006,PR0019,64,3,52,15,0,7647.3
2025-06-01,ST006,PR0020,19,38,18,39,0,16178.37
2025-06-01,ST006,PR0021,7,14,0,21,0,13369.44
2025-06-01,ST006,PR0022,26,53,30,49,0,33042.66
2025-06-01,ST006,PR0023,19,34,28,25,0,16032.25
2025-06-01,ST006,PR0024,46,32,34,44,0,28246.68
2025-06-01,ST006,PR0025,53,10,20,43,0,40340.45
2025-06-01,ST006,PR0026,59,7,4,62,0,49633.48
2025-06-01,ST006,PR0027,52,34,17,69,0,53003.73
2025-06-01,ST006,PR0028,49,44,18,75,0,10792.5
2025-06-01,ST006,PR0029,24,39,15,48,0,12380.64
2025-06-01,ST006,PR0030,48,17,41,24,0,7099.68
2025-06-01,ST006,PR0031,29,18,21,26,0,9929.4
2025-06-01,ST006,PR0032,18,26,0,44,0,19085.44
2025-06-01,ST006,PR0033,57,55,8,104,0,48027.2
2025-06-01,ST006,PR0034,58,33,0,91,0,55146.0
2025-06-01,ST006,PR0035,47,3,30,20,0,10854.6
2025-06-01,ST006,PR0036,16,22,11,27,0,17253.27
2025-06-01,ST006,PR0037,41,37,33,45,0,34664.4
2025-06-01,ST006,PR0038,9,48,22,35,0,27100.5
2025-06-01,ST006,PR0039,53,51,38,66,0,59978.16
2025-06-01,ST006,PR0040,45,12,33,24,0,21118.56
2025-06-01,ST006,PR0041,37,5,8,34,0,33435.26
2025-06-01,ST006,PR0042,56,54,28,82,0,11525.1
2025-06-01,ST006,PR0043,63,10,27,46,0,9362.84
2025-06-01,ST006,PR0044,18,33,13,38,0,9929.78
2025-06-01,ST006,PR0045,37,27,11,53,0,15160.65
2025-06-01,ST006,PR0046,40,29,0,69,0,24656.46
2025-06-01,ST006,PR0047,40,23,23,40,0,15411.6
2025-06-01,ST006,PR0048,45,13,29,29,0,13587.08
2025-06-01,ST006,PR0049,57,50,0,107,0,64119.75
2025-06-01,ST006,PR0050,64,5,24,45,0,26718.75
2025-06-01,ST006,PR0051,22,28,29,21,0,13632.99
2025-06-01,ST006,PR0052,49,20,1,68,0,44703.88
2025-06-01,ST006,PR0053,61,19,1,79,0,57331.09
2025-06-01,ST006,PR0054,13,4,8,9,0,8985.87
2025-06-01,ST006,PR0055,16,33,26,23,0,22160.73
2025-06-01,ST006,PR0056,47,39,20,66,0,11722.26
2025-06-01,ST006,PR0057,34,16,14,36,0,7148.16
2025-06-01,ST006,PR0058,36,20,27,29,0,8977.82
2025-06-01,ST006,PR0059,44,14,9,49,0,14556.43
2025-06-01,ST006,PR0060,12,32,27,17,0,6458.13
2025-06-01,ST007,PR0001,41,53,36,58,0,13900.86
2025-06-01,ST007,PR0002,61,37,19,79,0,18350.91
2025-06-01,ST007,PR0003,11,4,15,0,2,0.0
2025-06-01,ST007,PR0004,60,39,12,87,0,30960.69
2025-06-01,ST007,PR0005,18,20,20,18,0,8946.0
2025-06-01,ST007,PR0006,37,33,31,39,0,21347.82
2025-06-01,ST007,PR0007,28,52,25,55,0,36059.1
2025-06-01,ST007,PR0008,55,38,29,64,0,33699.84
2025-06-01,ST007,PR0009,24,40,39,25,0,16570.75
2025-06-01,ST007,PR0010,54,53,17,90,0,54545.4
2025-06-01,ST007,PR0011,23,28,33,18,0,12794.94
2025-06-01,ST007,PR0012,8,19,27,0,9,0.0
2025-06-01,ST007,PR0013,46,55,18,83,0,61824.21
2025-06-01,ST007,PR0014,49,47,22,74,0,11145.88
2025-06-01,ST007,PR0015,56,25,42,39,0,9383.01
2025-06-01,ST007,PR0016,38,5,22,21,0,6076.56
2025-06-01,ST007,PR0017,50,25,32,43,0,13097.37
2025-06-01,ST007,PR0018,39,5,29,15,0,6182.4
2025-06-01,ST007,PR0019,60,16,0,76,0,38746.32
2025-06-01,ST007,PR0020,8,24,17,15,0,6222.45
2025-06-01,ST007,PR0021,47,24,14,57,0,36288.48
2025-06-01,ST007,PR0022,34,49,53,30,0,20230.2
2025-06-01,ST007,PR0023,18,1,19,0,12,0.0
2025-06-01,ST007,PR0024,61,10,10,61,0,39160.17
2025-06-01,ST007,PR0025,16,38,22,32,0,30020.8
2025-06-01,ST007,PR0026,4,28,28,4,0,3202.16
2025-06-01,ST007,PR0027,55,11,32,34,0,26117.78
2025-06-01,ST007,PR0028,18,17,15,20,0,2878.0
2025-06-01,ST007,PR0029,62,6,28,40,0,10317.2
2025-06-01,ST007,PR0030,45,49,27,67,0,19819.94
2025-06-01,ST007,PR0031,23,36,15,44,0,16803.6
2025-06-01,ST007,PR0032,65,11,17,59,0,25591.84
2025-06-01,ST007,PR0033,25,6,26,5,0,2309.0
2025-06-01,ST007,PR0034,17,33,21,29,0,17574.0
2025-06-01,ST007,PR0035,39,33,43,29,0,15739.17
2025-06-01,ST007,PR0036,24,50,26,48,0,30672.48
2025-06-01,ST007,PR0037,39,53,14,78,0,60084.96
2025-06-01,ST007,PR0038,13,0,13,0,5,0.0
2025-06-01,ST007,PR0039,59,46,47,58,0,52708.08
2025-06-01,ST007,PR0040,57,32,13,76,0,66875.44
2025-06-01,ST007,PR0041,55,45,0,100,0,98339.0
2025-06-01,ST007,PR0042,18,14,30,2,10,281.1
2025-06-01,ST007,PR0043,22,5,24,3,0,610.62
2025-06-01,ST007,PR0044,24,16,14,26,0,6794.06
2025-06-01,ST007,PR0045,21,23,35,9,0,2574.45
2025-06-01,ST007,PR0046,15,2,17,0,3,0.0
2025-06-01,ST007,PR0047,47,5,13,39,0,15026.31
2025-06-01,ST007,PR0048,11,36,30,17,0,7964.84
2025-06-01,ST007,PR0049,62,18,14,66,0,39550.5
2025-06-01,ST007,PR0050,58,33,33,58,0,34437.5
2025-06-01,ST007,PR0051,14,45,11,48,0,31161.12
2025-06-01,ST007,PR0052,49,51,22,78,0,51277.98
2025-06-01,ST007,PR0053,52,32,8,76,0,55153.96
2025-06-01,ST007,PR0054,36,47,32,51,0,50919.93
2025-06-01,ST007,PR0055,62,36,10,88,0,84788.88
2025-06-01,ST007,PR0056,64,3,0,67,0,11899.87
2025-06-01,ST007,PR0057,50,31,12,69,0,13700.64
2025-06-01,ST007,PR0058,56,8,10,54,0,16717.32
2025-06-01,ST007,PR0059,13,46,22,37,0,10991.59
2025-06-01,ST007,PR0060,51,54,31,74,0,28111.86
2025-06-01,ST008,PR0001,7,11,12,6,0,1438.02
2025-06-01,ST008,PR0002,12,18,19,11,0,2555.19
2025-06-01,ST008,PR0003,13,0,13,0,7,0.0
2025-06-01,ST008,PR0004,31,30,18,43,0,15302.41
2025-06-01,ST008,PR0005,27,44,23,48,0,23856.0
2025-06-01,ST008,PR0006,64,20,32,52,0,28463.76
2025-06-01,ST008,PR0007,9,21,29,1,3,655.62
2025-06-01,ST008,PR0008,41,23,37,27,0,14217.12
2025-06-01,ST008,PR0009,40,21,30,31,0,20547.73
2025-06-01,ST008,PR0010,52,21,18,55,0,33333.3
2025-06-01,ST008,PR0011,21,29,43,7,0,4975.81
2025-06-01,ST008,PR0012,31,53,22,62,0,53084.4
2025-06-01,ST008,PR0013,52,49,34,67,0,49906.29
2025-06-01,ST008,PR0014,64,24,0,88,0,13254.56
2025-06-01,ST008,PR0015,12,51,35,28,0,6736.52
2025-06-01,ST008,PR0016,37,24,21,40,0,11574.4
2025-06-01,ST008,PR0017,27,21,11,37,0,11269.83
2025-06-01,ST008,PR0018,9,28,29,8,0,3297.28
2025-06-01,ST008,PR0019,16,45,18,43,0,21922.26
2025-06-01,ST008,PR0020,15,50,30,35,0,14519.05
2025-06-01,ST008,PR0021,14,3,17,0,5,0.0
2025-06-01,ST008,PR0022,34,45,24,55,0,37088.7
2025-06-01,ST008,PR0023,52,46,2,96,0,61563.84
2025-06-01,ST008,PR0024,8,21,21,8,0,5135.76
2025-06-01,ST008,PR0025,6,48,10,44,0,41278.6
2025-06-01,ST008,PR0026,49,27,30,46,0,36824.84
2025-06-01,ST008,PR0027,33,34,23,44,0,33799.48
2025-06-01,ST008,PR0028,9,33,8,34,0,4892.6
2025-06-01,ST008,PR0029,22,52,19,55,0,14186.15
2025-06-01,ST008,PR0030,42,48,62,28,0,8282.96
2025-06-01,ST008,PR0031,15,25,4,36,0,13748.4
2025-06-01,ST008,PR0032,22,13,35,0,5,0.0
2025-06-01,ST008,PR0033,6,28,20,14,0,6465.2
2025-06-01,ST008,PR0034,28,45,10,63,0,38178.0
2025-06-01,ST008,PR0035,18,46,39,25,0,13568.25
2025-06-01,ST008,PR0036,40,16,24,32,0,20448.32
2025-06-01,ST008,PR0037,29,2,17,14,0,10784.48
2025-06-01,ST008,PR0038,7,8,15,0,3,0.0
2025-06-01,ST008,PR0039,33,52,16,69,0,62704.44
2025-06-01,ST008,PR0040,58,29,8,79,0,69515.26
2025-06-01,ST008,PR0041,43,3,22,24,0,23601.36
2025-06-01,ST008,PR0042,39,39,4,74,0,10400.7
2025-06-01,ST008,PR0043,53,41,26,68,0,13840.72
2025-06-01,ST008,PR0044,35,26,0,61,0,15939.91
2025-06-01,ST008,PR0045,32,15,22,25,0,7151.25
2025-06-01,ST008,PR0046,53,7,3,57,0,20368.38
2025-06-01,ST008,PR0047,55,30,25,60,0,23117.4
2025-06-01,ST008,PR0048,50,6,4,52,0,24363.04
2025-06-01,ST008,PR0049,22,38,29,31,0,18576.75
2025-06-01,ST008,PR0050,28,51,0,79,0,46906.25
2025-06-01,ST008,PR0051,10,26,2,34,0,22072.46
2025-06-01,ST008,PR0052,11,34,11,34,0,22351.94
2025-06-01,ST008,PR0053,34,22,3,53,0,38462.63
2025-06-01,ST008,PR0054,23,37,7,53,0,52916.79
2025-06-01,ST008,PR0055,55,18,33,40,0,38540.4
2025-06-01,ST008,PR0056,58,42,19,81,0,14386.41
2025-06-01,ST008,PR0057,45,13,24,34,0,6751.04
2025-06-01,ST008,PR0058,8,12,4,16,0,4953.28
2025-06-01,ST008,PR0059,30,47,9,68,0,20200.76
2025-06-01,ST008,PR0060,44,1,29,16,0,6078.24
2025-06-01,ST009,PR0001,36,31,30,37,0,8867.79
2025-06-01,ST009,PR0002,47,52,16,83,0,19280.07
2025-06-01,ST009,PR0003,19,17,9,27,0,8418.06
2025-06-01,ST009,PR0004,58,32,10,80,0,28469.6
2025-06-01,ST009,PR0005,45,46,0,91,0,45227.0
2025-06-01,ST009,PR0006,9,23,32,0,12,0.0
2025-06-01,ST009,PR0007,12,4,16,0,2,0.0
2025-06-01,ST009,PR0008,56,41,22,75,0,39492.0
2025-06-01,ST009,PR0009,40,40,33,47,0,31153.01
2025-06-01,ST009,PR0010,39,14,17,36,0,21818.16
2025-06-01,ST009,PR0011,7,48,41,14,0,9951.62
2025-06-01,ST009,PR0012,28,17,14,31,0,26542.2
2025-06-01,ST009,PR0013,7,8,15,0,4,0.0
2025-06-01,ST009,PR0014,63,33,6,90,0,13555.8
2025-06-01,ST009,PR0015,59,39,36,62,0,14916.58
2025-06-01,ST009,PR0016,55,16,28,43,0,12442.48
2025-06-01,ST009,PR0017,42,45,3,84,0,25585.56
2025-06-01,ST009,PR0018,30,40,35,35,0,14425.6
2025-06-01,ST009,PR0019,20,54,10,64,0,32628.48
2025-06-01,ST009,PR0020,25,15,23,17,0,7052.11
2025-06-01,ST009,PR0021,38,14,27,25,0,15916.0
2025-06-01,ST009,PR0022,12,54,17,49,0,33042.66
2025-06-01,ST009,PR0023,52,23,17,58,0,37194.82
2025-06-01,ST009,PR0024,36,16,0,52,0,33382.44
2025-06-01,ST009,PR0025,47,54,7,94,0,88186.1
2025-06-01,ST009,PR0026,44,38,5,77,0,61641.58
2025-06-01,ST009,PR0027,59,23,26,56,0,43017.52
2025-06-01,ST009,PR0028,58,12,16,54,0,7770.6
2025-06-01,ST009,PR0029,8,15,5,18,0,4642.74
2025-06-01,ST009,PR0030,63,47,30,80,0,23665.6
2025-06-01,ST009,PR0031,51,42,15,78,0,29788.2
2025-06-01,ST009,PR0032,10,18,9,19,0,8241.44
2025-06-01,ST009,PR0033,57,40,13,84,0,38791.2
2025-06-01,ST009,PR0034,8,22,6,24,0,14544.0
2025-06-01,ST009,PR0035,40,41,22,59,0,32021.07
2025-06-01,ST009,PR0036,61,13,34,40,0,25560.4
2025-06-01,ST009,PR0037,65,35,0,100,0,77032.0
2025-06-01,ST009,PR0038,5,39,13,31,0,24003.3
2025-06-01,ST009,PR0039,37,39,3,73,0,66339.48
2025-06-01,ST009,PR0040,30,4,6,28,0,24638.32
2025-06-01,ST009,PR0041,10,20,30,0,4,0.0
2025-06-01,ST009,PR0042,26,32,10,48,0,6746.4
2025-06-01,ST009,PR0043,16,3,19,0,11,0.0
2025-06-01,ST009,PR0044,26,36,9,53,0,13849.43
2025-06-01,ST009,PR0045,46,27,28,45,0,12872.25
2025-06-01,ST009,PR0046,58,55,39,74,0,26443.16
2025-06-01,ST009,PR0047,26,1,24,3,0,1155.87
2025-06-01,ST009,PR0048,25,16,6,35,0,16398.2
2025-06-01,ST009,PR0049,29,51,16,64,0,38352.0
2025-06-01,ST009,PR0050,31,6,15,22,0,13062.5
2025-06-01,ST009,PR0051,54,33,21,66,0,42846.54
2025-06-01,ST009,PR0052,24,49,20,53,0,34842.73
2025-06-01,ST009,PR0053,38,11,18,31,0,22497.01
2025-06-01,ST009,PR0054,47,4,28,23,0,22963.89
2025-06-01,ST009,PR0055,50,52,28,74,0,71299.74
2025-06-01,ST009,PR0056,15,43,32,26,0,4617.86
2025-06-01,ST009,PR0057,48,47,0,95,0,18863.2
2025-06-01,ST009,PR0058,41,40,5,76,0,23528.08
2025-06-01,ST009,PR0059,39,2,18,23,0,6832.61
2025-06-01,ST009,PR0060,44,9,20,33,0,12536.37
2025-06-01,ST010,PR0001,19,22,0,41,0,9826.47
2025-06-01,ST010,PR0002,30,22,14,38,0,8827.02
2025-06-01,ST010,PR0003,44,30,0,74,0,23071.72
2025-06-01,ST010,PR0004,59,18,37,40,0,14234.8
2025-06-01,ST010,PR0005,47,36,34,49,0,24353.0
2025-06-01,ST010,PR0006,63,13,25,51,0,27916.38
2025-06-01,ST010,PR0007,60,53,2,111,0,72773.82
2025-06-01,ST010,PR0008,41,1,32,10,0,5265.6
2025-06-01,ST010,PR0009,60,38,28,70,0,46398.1
2025-06-01,ST010,PR0010,48,0,39,9,0,5454.54
2025-06-01,ST010,PR0011,62,11,0,73,0,51890.59
2025-06-01,ST010,PR0012,56,36,17,75,0,64215.0
2025-06-01,ST010,PR0013,5,25,27,3,0,2234.61
2025-06-01,ST010,PR0014,18,33,18,33,0,4970.46
2025-06-01,ST010,PR0015,46,12,18,40,0,9623.6
2025-06-01,ST010,PR0016,56,14,7,63,0,18229.68
2025-06-01,ST010,PR0017,57,34,1,90,0,27413.1
2025-06-01,ST010,PR0018,42,26,33,35,0,14425.6
2025-06-01,ST010,PR0019,48,50,42,56,0,28549.92
2025-06-01,ST010,PR0020,21,39,35,25,0,10370.75
2025-06-01,ST010,PR0021,23,0,23,0,7,0.0
2025-06-01,ST010,PR0022,38,12,12,38,0,25624.92
2025-06-01,ST010,PR0023,12,17,0,29,0,18597.41
2025-06-01,ST010,PR0024,16,39,26,29,0,18617.13
2025-06-01,ST010,PR0025,33,15,21,27,0,25330.05
2025-06-01,ST010,PR0026,61,47,8,100,0,80054.0
2025-06-01,ST010,PR0027,13,0,0,13,0,9986.21
2025-06-01,ST010,PR0028,34,48,5,77,0,11080.3
2025-06-01,ST010,PR0029,21,3,24,0,6,0.0
2025-06-01,ST010,PR0030,22,14,4,32,0,9466.24
2025-06-01,ST010,PR0031,65,27,26,66,0,25205.4
2025-06-01,ST010,PR0032,55,27,28,54,0,23423.04
2025-06-01,ST010,PR0033,56,17,29,44,0,20319.2
2025-06-01,ST010,PR0034,27,11,27,11,0,6666.0
2025-06-01,ST010,PR0035,57,16,4,69,0,37448.37
2025-06-01,ST010,PR0036,38,17,15,40,0,25560.4
2025-06-01,ST010,PR0037,44,48,18,74,0,57003.68
2025-06-01,ST010,PR0038,36,40,25,51,0,39489.3
2025-06-01,ST010,PR0039,54,3,21,36,0,32715.36
2025-06-01,ST010,PR0040,19,33,33,19,0,16718.86
2025-06-01,ST010,PR0041,21,27,6,42,0,41302.38
2025-06-01,ST010,PR0042,61,55,22,94,0,13211.7
2025-06-01,ST010,PR0043,60,44,2,102,0,20761.08
2025-06-01,ST010,PR0044,23,51,29,45,0,11758.95
2025-06-01,ST010,PR0045,50,53,24,79,0,22597.95
2025-06-01,ST010,PR0046,19,23,9,33,0,11792.22
2025-06-01,ST010,PR0047,50,41,8,83,0,31979.07
2025-06-01,ST010,PR0048,6,0,6,0,11,0.0
2025-06-01,ST010,PR0049,35,41,20,56,0,33558.0
2025-06-01,ST010,PR0050,64,15,0,79,0,46906.25
2025-06-01,ST010,PR0051,52,22,45,29,0,18826.51
2025-06-01,ST010,PR0052,58,19,0,77,0,50620.57
2025-06-01,ST010,PR0053,58,51,12,97,0,70393.87
2025-06-01,ST010,PR0054,57,27,27,57,0,56910.51
2025-06-01,ST010,PR0055,10,29,27,12,0,11562.12
2025-06-01,ST010,PR0056,14,52,35,31,0,5505.91
2025-06-01,ST010,PR0057,51,54,32,73,0,14494.88
2025-06-01,ST010,PR0058,54,17,33,38,0,11764.04
2025-06-01,ST010,PR0059,22,12,15,19,0,5644.33
2025-06-01,ST010,PR0060,54,7,31,30,0,11396.7
2025-06-01,ST011,PR0001,55,22,21,56,0,13421.52
2025-06-01,ST011,PR0002,21,0,17,4,0,929.16
2025-06-01,ST011,PR0003,12,43,32,23,0,7170.94
2025-06-01,ST011,PR0004,31,29,5,55,0,19572.85
2025-06-01,ST011,PR0005,44,22,15,51,0,25347.0
2025-06-01,ST011,PR0006,33,50,18,65,0,35579.7
2025-06-01,ST011,PR0007,58,40,21,77,0,50482.74
2025-06-01,ST011,PR0008,59,16,31,44,0,23168.64
2025-06-01,ST011,PR0009,45,48,0,93,0,61643.19
2025-06-01,ST011,PR0010,25,45,15,55,0,33333.3
2025-06-01,ST011,PR0011,18,45,29,34,0,24168.22
2025-06-01,ST011,PR0012,45,34,0,79,0,67639.8
2025-06-01,ST011,PR0013,5,34,35,4,0,2979.48
2025-06-01,ST011,PR0014,38,34,27,45,0,6777.9
2025-06-01,ST011,PR0015,27,6,32,1,6,240.59
2025-06-01,ST011,PR0016,42,15,18,39,0,11285.04
2025-06-01,ST011,PR0017,56,31,20,67,0,20407.53
2025-06-01,ST011,PR0018,5,11,2,14,0,5770.24
2025-06-01,ST011,PR0019,26,6,0,32,0,16314.24
2025-06-01,ST011,PR0020,61,37,16,82,0,34016.06
2025-06-01,ST011,PR0021,65,4,33,36,0,22919.04
2025-06-01,ST011,PR0022,60,39,24,75,0,50575.5
2025-06-01,ST011,PR0023,33,45,25,53,0,33988.37
2025-06-01,ST011,PR0024,30,37,39,28,0,17975.16
2025-06-01,ST011,PR0025,59,42,28,73,0,68484.95
2025-06-01,ST011,PR0026,27,50,17,60,0,48032.4
2025-06-01,ST011,PR0027,36,28,34,30,0,23045.1
2025-06-01,ST011,PR0028,25,45,19,51,0,7338.9
2025-06-01,ST011,PR0029,38,25,27,36,0,9285.48
2025-06-01,ST011,PR0030,21,36,20,37,0,10945.34
2025-06-01,ST011,PR0031,53,47,41,59,0,22532.1
2025-06-01,ST011,PR0032,46,43,36,53,0,22989.28
2025-06-01,ST011,PR0033,4,10,14,0,11,0.0
2025-06-01,ST011,PR0034,51,2,16,37,0,22422.0
2025-06-01,ST011,PR0035,35,46,27,54,0,29307.42
2025-06-01,ST011,PR0036,9,26,26,9,0,5751.09
2025-06-01,ST011,PR0037,55,47,39,63,0,48530.16
2025-06-01,ST011,PR0038,35,13,34,14,0,10840.2
2025-06-01,ST011,PR0039,26,51,32,45,0,40894.2
2025-06-01,ST011,PR0040,11,39,42,8,0,7039.52
2025-06-01,ST011,PR0041,32,27,14,45,0,44252.55
2025-06-01,ST011,PR0042,63,51,16,98,0,13773.9
2025-06-01,ST011,PR0043,44,33,17,60,0,12212.4
2025-06-01,ST011,PR0044,54,28,19,63,0,16462.53
2025-06-01,ST011,PR0045,38,30,16,52,0,14874.6
2025-06-01,ST011,PR0046,25,22,12,35,0,12506.9
2025-06-01,ST011,PR0047,10,23,25,8,0,3082.32
2025-06-01,ST011,PR0048,60,24,18,66,0,30922.32
2025-06-01,ST011,PR0049,54,54,20,88,0,52734.0
2025-06-01,ST011,PR0050,46,38,22,62,0,36812.5
2025-06-01,ST011,PR0051,65,7,32,40,0,25967.6
2025-06-01,ST011,PR0052,59,31,34,56,0,36814.96
2025-06-01,ST011,PR0053,16,29,27,18,0,13062.78
2025-06-01,ST011,PR0054,34,30,10,54,0,53915.22
2025-06-01,ST011,PR0055,55,43,11,87,0,83825.37
2025-06-01,ST011,PR0056,35,28,26,37,0,6571.57
2025-06-01,ST011,PR0057,58,19,41,36,0,7148.16
2025-06-01,ST011,PR0058,44,31,0,75,0,23218.5
2025-06-01,ST011,PR0059,15,16,16,15,0,4456.05
2025-06-01,ST011,PR0060,58,32,36,54,0,20514.06
2025-06-01,ST012,PR0001,56,0,35,21,0,5033.07
2025-06-01,ST012,PR0002,39,30,19,50,0,11614.5
2025-06-01,ST012,PR0003,29,48,13,64,0,19953.92
2025-06-01,ST012,PR0004,10,34,2,42,0,14946.54
2025-06-01,ST012,PR0005,18,36,19,35,0,17395.0
2025-06-01,ST012,PR0006,45,17,20,42,0,22989.96
2025-06-01,ST012,PR0007,56,52,30,78,0,51138.36
2025-06-01,ST012,PR0008,57,2,46,13,0,6845.28
2025-06-01,ST012,PR0009,17,7,18,6,0,3976.98
2025-06-01,ST012,PR0010,47,2,9,40,0,24242.4
2025-06-01,ST012,PR0011,14,10,7,17,0,12084.11
2025-06-01,ST012,PR0012,44,36,18,62,0,53084.4
2025-06-01,ST012,PR0013,38,13,15,36,0,26815.32
2025-06-01,ST012,PR0014,53,18,20,51,0,7681.62
2025-06-01,ST012,PR0015,44,14,24,34,0,8180.06
2025-06-01,ST012,PR0016,49,8,10,47,0,13599.92
2025-06-01,ST012,PR0017,51,38,9,80,0,24367.2
2025-06-01,ST012,PR0018,37,25,13,49,0,20195.84
2025-06-01,ST012,PR0019,17,17,13,21,0,10706.22
2025-06-01,ST012,PR0020,16,43,26,33,0,13689.39
2025-06-01,ST012,PR0021,7,8,15,0,6,0.0
2025-06-01,ST012,PR0022,26,31,16,41,0,27647.94
2025-06-01,ST012,PR0023,33,17,25,25,0,16032.25
2025-06-01,ST012,PR0024,15,16,9,22,0,14123.34
2025-06-01,ST012,PR0025,47,22,33,36,0,33773.4
2025-06-01,ST012,PR0026,33,4,24,13,0,10407.02
2025-06-01,ST012,PR0027,35,4,17,22,0,16899.74
2025-06-01,ST012,PR0028,19,28,18,29,0,4173.1
2025-06-01,ST012,PR0029,60,14,31,43,0,11090.99
2025-06-01,ST012,PR0030,65,54,30,89,0,26327.98
2025-06-01,ST012,PR0031,9,55,40,24,0,9165.6
2025-06-01,ST012,PR0032,26,17,24,19,0,8241.44
2025-06-01,ST012,PR0033,37,13,46,4,0,1847.2
2025-06-01,ST012,PR0034,13,36,36,13,0,7878.0
2025-06-01,ST012,PR0035,56,28,33,51,0,27679.23
2025-06-01,ST012,PR0036,8,23,11,20,0,12780.2
2025-06-01,ST012,PR0037,48,33,8,73,0,56233.36
2025-06-01,ST012,PR0038,4,36,15,25,0,19357.5
2025-06-01,ST012,PR0039,28,13,22,19,0,17266.44
2025-06-01,ST012,PR0040,45,33,13,65,0,57196.1
2025-06-01,ST012,PR0041,41,38,31,48,0,47202.72
2025-06-01,ST012,PR0042,40,46,8,78,0,10962.9
2025-06-01,ST012,PR0043,26,42,23,45,0,9159.3
2025-06-01,ST012,PR0044,36,15,44,7,0,1829.17
2025-06-01,ST012,PR0045,26,15,41,0,5,0.0
2025-06-01,ST012,PR0046,20,0,16,4,0,1429.36
2025-06-01,ST012,PR0047,32,27,16,43,0,16567.47
2025-06-01,ST012,PR0048,8,54,0,62,0,29048.24
2025-06-01,ST012,PR0049,5,37,24,18,0,10786.5
2025-06-01,ST012,PR0050,43,12,12,43,0,25531.25
2025-06-01,ST012,PR0051,54,11,9,56,0,36354.64
2025-06-01,ST012,PR0052,52,13,20,45,0,29583.45
2025-06-01,ST012,PR0053,61,43,33,71,0,51525.41
2025-06-01,ST012,PR0054,57,15,23,49,0,48923.07
2025-06-01,ST012,PR0055,20,51,30,41,0,39503.91
2025-06-01,ST012,PR0056,58,22,5,75,0,13320.75
2025-06-01,ST012,PR0057,19,14,20,13,0,2581.28
2025-06-01,ST012,PR0058,56,2,19,39,0,12073.62
2025-06-01,ST012,PR0059,62,20,8,74,0,21983.18
2025-06-01,ST012,PR0060,56,7,28,35,0,13296.15
2025-06-01,ST013,PR0001,28,48,11,65,0,15578.55
2025-06-01,ST013,PR0002,59,44,55,48,0,11149.92
2025-06-01,ST013,PR0003,47,23,26,44,0,13718.32
2025-06-01,ST013,PR0004,54,26,22,58,0,20640.46
2025-06-01,ST013,PR0005,14,29,9,34,0,16898.0
2025-06-01,ST013,PR0006,34,8,38,4,0,2189.52
2025-06-01,ST013,PR0007,64,33,26,71,0,46549.02
2025-06-01,ST013,PR0008,46,18,22,42,0,22115.52
2025-06-01,ST013,PR0009,5,50,33,22,0,14582.26
2025-06-01,ST013,PR0010,22,16,38,0,3,0.0
2025-06-01,ST013,PR0011,38,25,49,14,0,9951.62
2025-06-01,ST013,PR0012,49,18,27,40,0,34248.0
2025-06-01,ST013,PR0013,59,34,6,87,0,64803.69
2025-06-01,ST013,PR0014,30,43,31,42,0,6326.04
2025-06-01,ST013,PR0015,33,8,20,21,0,5052.39
2025-06-01,ST013,PR0016,18,10,28,0,4,0.0
2025-06-01,ST013,PR0017,15,22,37,0,5,0.0
2025-06-01,ST013,PR0018,47,45,15,77,0,31736.32
2025-06-01,ST013,PR0019,55,0,33,22,0,11216.04
2025-06-01,ST013,PR0020,14,50,20,44,0,18252.52
2025-06-01,ST013,PR0021,7,13,0,20,0,12732.8
2025-06-01,ST013,PR0022,15,51,27,39,0,26299.26
2025-06-01,ST013,PR0023,20,5,25,0,2,0.0
2025-06-01,ST013,PR0024,59,15,40,34,0,21826.98
2025-06-01,ST013,PR0025,55,36,17,74,0,69423.1
2025-06-01,ST013,PR0026,4,49,37,16,0,12808.64
2025-06-01,ST013,PR0027,22,46,18,50,0,38408.5
2025-06-01,ST013,PR0028,33,23,40,16,0,2302.4
2025-06-01,ST013,PR0029,57,21,27,51,0,13154.43
2025-06-01,ST013,PR0030,14,37,17,34,0,10057.88
2025-06-01,ST013,PR0031,43,47,8,82,0,31315.8
2025-06-01,ST013,PR0032,59,6,22,43,0,18651.68
2025-06-01,ST013,PR0033,14,55,32,37,0,17086.6
2025-06-01,ST013,PR0034,54,49,3,100,0,60600.0
2025-06-01,ST013,PR0035,26,22,23,25,0,13568.25
2025-06-01,ST013,PR0036,4,43,18,29,0,18531.29
2025-06-01,ST013,PR0037,32,10,42,0,5,0.0
2025-06-01,ST013,PR0038,25,15,14,26,0,20131.8
2025-06-01,ST013,PR0039,55,5,26,34,0,30897.84
2025-06-01,ST013,PR0040,11,52,8,55,0,48396.7
2025-06-01,ST013,PR0041,49,25,22,52,0,51136.28
2025-06-01,ST013,PR0042,59,0,39,20,0,2811.0
2025-06-01,ST013,PR0043,38,13,25,26,0,5292.04
2025-06-01,ST013,PR0044,63,24,6,81,0,21166.11
2025-06-01,ST013,PR0045,42,43,17,68,0,19451.4
2025-06-01,ST013,PR0046,53,53,0,106,0,37878.04
2025-06-01,ST013,PR0047,22,36,34,24,0,9246.96
2025-06-01,ST013,PR0048,41,28,11,58,0,27174.16
2025-06-01,ST013,PR0049,9,28,25,12,0,7191.0
2025-06-01,ST013,PR0050,4,18,1,21,0,12468.75
2025-06-01,ST013,PR0051,15,3,18,0,12,0.0
2025-06-01,ST013,PR0052,16,13,12,17,0,11175.97
2025-06-01,ST013,PR0053,23,12,19,16,0,11611.36
2025-06-01,ST013,PR0054,26,55,25,56,0,55912.08
2025-06-01,ST013,PR0055,32,42,45,29,0,27941.79
2025-06-01,ST013,PR0056,44,53,40,57,0,10123.77
2025-06-01,ST013,PR0057,5,26,23,8,0,1588.48
2025-06-01,ST013,PR0058,5,55,24,36,0,11144.88
2025-06-01,ST013,PR0059,53,53,11,95,0,28221.65
2025-06-01,ST013,PR0060,43,42,20,65,0,24692.85
2025-06-01,ST014,PR0001,35,42,26,51,0,12223.17
2025-06-01,ST014,PR0002,28,12,0,40,0,9291.6
2025-06-01,ST014,PR0003,25,2,25,2,12,623.56
2025-06-01,ST014,PR0004,41,42,28,55,0,19572.85
2025-06-01,ST014,PR0005,49,25,7,67,0,33299.0
2025-06-01,ST014,PR0006,57,2,32,27,0,14779.26
2025-06-01,ST014,PR0007,32,53,36,49,0,32125.38
2025-06-01,ST014,PR0008,56,3,18,41,0,21588.96
2025-06-01,ST014,PR0009,62,3,5,60,0,39769.8
2025-06-01,ST014,PR0010,59,10,39,30,0,18181.8
2025-06-01,ST014,PR0011,62,40,21,81,0,57577.23
2025-06-01,ST014,PR0012,54,36,29,61,0,52228.2
2025-06-01,ST014,PR0013,33,37,14,56,0,41712.72
2025-06-01,ST014,PR0014,13,21,34,0,5,0.0
2025-06-01,ST014,PR0015,4,9,13,0,8,0.0
2025-06-01,ST014,PR0016,61,35,13,83,0,24016.88
2025-06-01,ST014,PR0017,47,49,23,73,0,22235.07
2025-06-01,ST014,PR0018,20,29,49,0,12,0.0
2025-06-01,ST014,PR0019,59,53,9,103,0,52511.46
2025-06-01,ST014,PR0020,25,26,21,30,0,12444.9
2025-06-01,ST014,PR0021,57,18,15,60,0,38198.4
2025-06-01,ST014,PR0022,27,37,21,43,0,28996.62
2025-06-01,ST014,PR0023,30,50,29,51,0,32705.79
2025-06-01,ST014,PR0024,26,44,44,26,0,16691.22
2025-06-01,ST014,PR0025,7,12,19,0,6,0.0
2025-06-01,ST014,PR0026,49,6,34,21,0,16811.34
2025-06-01,ST014,PR0027,51,1,0,52,0,39944.84
2025-06-01,ST014,PR0028,63,33,9,87,0,12519.3
2025-06-01,ST014,PR0029,47,14,22,39,0,10059.27
2025-06-01,ST014,PR0030,10,19,29,0,2,0.0
2025-06-01,ST014,PR0031,8,47,21,34,0,12984.6
2025-06-01,ST014,PR0032,4,40,19,25,0,10844.0
2025-06-01,ST014,PR0033,44,44,19,69,0,31864.2
2025-06-01,ST014,PR0034,33,11,33,11,0,6666.0
2025-06-01,ST014,PR0035,32,48,5,75,0,40704.75
2025-06-01,ST014,PR0036,14,36,3,47,0,30033.47
2025-06-01,ST014,PR0037,18,5,23,0,3,0.0
2025-06-01,ST014,PR0038,30,34,26,38,0,29423.4
2025-06-01,ST014,PR0039,16,29,24,21,0,19083.96
2025-06-01,ST014,PR0040,36,0,20,16,0,14079.04
2025-06-01,ST014,PR0041,6,53,22,37,0,36385.43
2025-06-01,ST014,PR0042,28,35,41,22,0,3092.1
2025-06-01,ST014,PR0043,54,18,7,65,0,13230.1
2025-06-01,ST014,PR0044,6,45,35,16,0,4180.96
2025-06-01,ST014,PR0045,42,13,12,43,0,12300.15
2025-06-01,ST014,PR0046,44,31,14,61,0,21797.74
2025-06-01,ST014,PR0047,25,39,38,26,0,10017.54
2025-06-01,ST014,PR0048,62,40,40,62,0,29048.24
2025-06-01,ST014,PR0049,21,45,38,28,0,16779.0
2025-06-01,ST014,PR0050,18,4,8,14,0,8312.5
2025-06-01,ST014,PR0051,46,4,28,22,0,14282.18
2025-06-01,ST014,PR0052,45,6,21,30,0,19722.3
2025-06-01,ST014,PR0053,40,45,18,67,0,48622.57
2025-06-01,ST014,PR0054,55,29,28,56,0,55912.08
2025-06-01,ST014,PR0055,28,8,6,30,0,28905.3
2025-06-01,ST014,PR0056,36,27,31,32,0,5683.52
2025-06-01,ST014,PR0057,10,27,24,13,0,2581.28
2025-06-01,ST014,PR0058,41,13,22,32,0,9906.56
2025-06-01,ST014,PR0059,35,42,17,60,0,17824.2
2025-06-01,ST014,PR0060,34,38,21,51,0,19374.39
2025-06-01,ST015,PR0001,36,3,15,24,0,5752.08
2025-06-01,ST015,PR0002,57,11,12,56,0,13008.24
2025-06-01,ST015,PR0003,57,41,29,69,0,21512.82
2025-06-01,ST015,PR0004,19,46,30,35,0,12455.45
2025-06-01,ST015,PR0005,42,28,40,30,0,14910.0
2025-06-01,ST015,PR0006,44,8,21,31,0,16968.78
2025-06-01,ST015,PR0007,21,39,9,51,0,33436.62
2025-06-01,ST015,PR0008,12,13,12,13,0,6845.28
2025-06-01,ST015,PR0009,38,41,33,46,0,30490.18
2025-06-01,ST015,PR0010,35,6,26,15,0,9090.9
2025-06-01,ST015,PR0011,20,41,7,54,0,38384.82
2025-06-01,ST015,PR0012,47,20,31,36,0,30823.2
2025-06-01,ST015,PR0013,55,29,12,72,0,53630.64
2025-06-01,ST015,PR0014,43,13,21,35,0,5271.7
2025-06-01,ST015,PR0015,31,14,25,20,0,4811.8
2025-06-01,ST015,PR0016,15,46,17,44,0,12731.84
2025-06-01,ST015,PR0017,65,50,20,95,0,28936.05
2025-06-01,ST015,PR0018,34,29,14,49,0,20195.84
2025-06-01,ST015,PR0019,63,15,32,46,0,23451.72
2025-06-01,ST015,PR0020,41,25,32,34,0,14104.22
2025-06-01,ST015,PR0021,51,28,23,56,0,35651.84
2025-06-01,ST015,PR0022,6,47,12,41,0,27647.94
2025-06-01,ST015,PR0023,57,34,32,59,0,37836.11
2025-06-01,ST015,PR0024,5,23,0,28,0,17975.16
2025-06-01,ST015,PR0025,58,40,35,63,0,59103.45
2025-06-01,ST015,PR0026,32,34,39,27,0,21614.58
2025-06-01,ST015,PR0027,10,39,27,22,0,16899.74
2025-06-01,ST015,PR0028,60,22,19,63,0,9065.7
2025-06-01,ST015,PR0029,16,13,19,10,0,2579.3
2025-06-01,ST015,PR0030,31,44,14,61,0,18045.02
2025-06-01,ST015,PR0031,42,54,27,69,0,26351.1
2025-06-01,ST015,PR0032,11,22,33,0,6,0.0
2025-06-01,ST015,PR0033,53,43,31,65,0,30017.0
2025-06-01,ST015,PR0034,20,52,12,60,0,36360.0
2025-06-01,ST015,PR0035,49,36,39,46,0,24965.58
2025-06-01,ST015,PR0036,63,27,3,87,0,55593.87
2025-06-01,ST015,PR0037,22,3,11,14,0,10784.48
2025-06-01,ST015,PR0038,64,40,13,91,0,70461.3
2025-06-01,ST015,PR0039,57,11,8,60,0,54525.6
2025-06-01,ST015,PR0040,28,13,18,23,0,20238.62
2025-06-01,ST015,PR0041,41,45,48,38,0,37368.82
2025-06-01,ST015,PR0042,18,51,14,55,0,7730.25
2025-06-01,ST015,PR0043,43,32,29,46,0,9362.84
2025-06-01,ST015,PR0044,54,39,19,74,0,19336.94
2025-06-01,ST015,PR0045,29,52,40,41,0,11728.05
2025-06-01,ST015,PR0046,27,11,3,35,0,12506.9
2025-06-01,ST015,PR0047,27,30,37,20,0,7705.8
2025-06-01,ST015,PR0048,55,1,41,15,0,7027.8
2025-06-01,ST015,PR0049,17,52,27,42,0,25168.5
2025-06-01,ST015,PR0050,9,19,28,0,3,0.0
2025-06-01,ST015,PR0051,59,3,47,15,0,9737.85
2025-06-01,ST015,PR0052,48,52,28,72,0,47333.52
2025-06-01,ST015,PR0053,50,10,21,39,0,28302.69
2025-06-01,ST015,PR0054,46,0,28,18,0,17971.74
2025-06-01,ST015,PR0055,8,52,12,48,0,46248.48
2025-06-01,ST015,PR0056,48,19,40,27,0,4795.47
2025-06-01,ST015,PR0057,48,30,6,72,0,14296.32
2025-06-01,ST015,PR0058,26,45,13,58,0,17955.64
2025-06-01,ST015,PR0059,33,3,22,14,0,4158.98
2025-06-01,ST015,PR0060,50,35,37,48,0,18234.72
2025-06-01,ST016,PR0001,56,54,2,108,0,25884.36
2025-06-01,ST016,PR0002,12,48,5,55,0,12775.95
2025-06-01,ST016,PR0003,15,48,26,37,0,11535.86
2025-06-01,ST016,PR0004,39,20,19,40,0,14234.8
2025-06-01,ST016,PR0005,6,19,25,0,7,0.0
2025-06-01,ST016,PR0006,4,8,4,8,0,4379.04
2025-06-01,ST016,PR0007,50,41,23,68,0,44582.16
2025-06-01,ST016,PR0008,60,28,24,64,0,33699.84
2025-06-01,ST016,PR0009,64,54,8,110,0,72911.3
2025-06-01,ST016,PR0010,51,54,33,72,0,43636.32
2025-06-01,ST016,PR0011,16,4,20,0,8,0.0
2025-06-01,ST016,PR0012,8,1,9,0,9,0.0
2025-06-01,ST016,PR0013,25,14,34,5,0,3724.35
2025-06-01,ST016,PR0014,50,15,3,62,0,9338.44
2025-06-01,ST016,PR0015,56,52,40,68,0,16360.12
2025-06-01,ST016,PR0016,18,54,12,60,0,17361.6
2025-06-01,ST016,PR0017,65,5,18,52,0,15838.68
2025-06-01,ST016,PR0018,42,20,19,43,0,17722.88
2025-06-01,ST016,PR0019,28,20,22,26,0,13255.32
2025-06-01,ST016,PR0020,22,9,13,18,0,7466.94
2025-06-01,ST016,PR0021,41,33,10,64,0,40744.96
2025-06-01,ST016,PR0022,51,27,22,56,0,37763.04
2025-06-01,ST016,PR0023,20,46,16,50,0,32064.5
2025-06-01,ST016,PR0024,34,24,13,45,0,28888.65
2025-06-01,ST016,PR0025,17,13,30,0,11,0.0
2025-06-01,ST016,PR0026,27,46,10,63,0,50434.02
2025-06-01,ST016,PR0027,27,8,31,4,0,3072.68
2025-06-01,ST016,PR0028,46,42,34,54,0,7770.6
2025-06-01,ST016,PR0029,47,47,7,87,0,22439.91
2025-06-01,ST016,PR0030,14,8,22,0,7,0.0
2025-06-01,ST016,PR0031,17,14,30,1,4,381.9
2025-06-01,ST016,PR0032,22,10,27,5,0,2168.8
2025-06-01,ST016,PR0033,12,24,36,0,2,0.0
2025-06-01,ST016,PR0034,43,0,14,29,0,17574.0
2025-06-01,ST016,PR0035,39,19,13,45,0,24422.85
2025-06-01,ST016,PR0036,11,9,20,0,9,0.0
2025-06-01,ST016,PR0037,58,8,11,55,0,42367.6
2025-06-01,ST016,PR0038,41,34,23,52,0,40263.6
2025-06-01,ST016,PR0039,15,37,16,36,0,32715.36
2025-06-01,ST016,PR0040,43,16,26,33,0,29038.02
2025-06-01,ST016,PR0041,64,48,25,87,0,85554.93
2025-06-01,ST016,PR0042,14,7,21,0,9,0.0
2025-06-01,ST016,PR0043,30,51,17,64,0,13026.56
2025-06-01,ST016,PR0044,54,11,27,38,0,9929.78
2025-06-01,ST016,PR0045,26,17,15,28,0,8009.4
2025-06-01,ST016,PR0046,5,31,19,17,0,6074.78
2025-06-01,ST016,PR0047,34,35,13,56,0,21576.24
2025-06-01,ST016,PR0048,14,20,34,0,7,0.0
2025-06-01,ST016,PR0049,29,19,12,36,0,21573.0
2025-06-01,ST016,PR0050,32,27,32,27,0,16031.25
2025-06-01,ST016,PR0051,4,27,8,23,0,14931.37
2025-06-01,ST016,PR0052,39,11,44,6,0,3944.46
2025-06-01,ST016,PR0053,43,28,17,54,0,39188.34
2025-06-01,ST016,PR0054,61,1,16,46,0,45927.78
2025-06-01,ST016,PR0055,19,40,20,39,0,37576.89
2025-06-01,ST016,PR0056,21,23,25,19,0,3374.59
2025-06-01,ST016,PR0057,13,21,31,3,0,595.68
2025-06-01,ST016,PR0058,20,23,15,28,0,8668.24
2025-06-01,ST016,PR0059,39,29,20,48,0,14259.36
2025-06-01,ST016,PR0060,10,38,19,29,0,11016.81
2025-06-01,ST017,PR0001,23,37,19,41,0,9826.47
2025-06-01,ST017,PR0002,17,4,11,10,0,2322.9
2025-06-01,ST017,PR0003,65,44,25,84,0,26189.52
2025-06-01,ST017,PR0004,31,26,28,29,0,10320.23
2025-06-01,ST017,PR0005,44,17,33,28,0,13916.0
2025-06-01,ST017,PR0006,14,32,15,31,0,16968.78
2025-06-01,ST017,PR0007,41,19,29,31,0,20324.22
2025-06-01,ST017,PR0008,25,31,28,28,0,14743.68
2025-06-01,ST017,PR0009,61,38,32,67,0,44409.61
2025-06-01,ST017,PR0010,10,23,31,2,9,1212.12
2025-06-01,ST017,PR0011,36,1,19,18,0,12794.94
2025-06-01,ST017,PR0012,14,26,20,20,0,17124.0
2025-06-01,ST017,PR0013,58,33,22,69,0,51396.03
2025-06-01,ST017,PR0014,32,52,10,74,0,11145.88
2025-06-01,ST017,PR0015,46,50,24,72,0,17322.48
2025-06-01,ST017,PR0016,55,46,38,63,0,18229.68
2025-06-01,ST017,PR0017,21,31,9,43,0,13097.37
2025-06-01,ST017,PR0018,47,27,36,38,0,15662.08
2025-06-01,ST017,PR0019,26,40,10,56,0,28549.92
2025-06-01,ST017,PR0020,61,45,9,97,0,40238.51
2025-06-01,ST017,PR0021,36,34,8,62,0,39471.68
2025-06-01,ST017,PR0022,37,17,17,37,0,24950.58
2025-06-01,ST017,PR0023,13,31,22,22,0,14108.38
2025-06-01,ST017,PR0024,53,1,24,30,0,19259.1
2025-06-01,ST017,PR0025,62,42,24,80,0,75052.0
2025-06-01,ST017,PR0026,40,43,11,72,0,57638.88
2025-06-01,ST017,PR0027,56,42,11,87,0,66830.79
2025-06-01,ST017,PR0028,35,9,12,32,0,4604.8
2025-06-01,ST017,PR0029,43,11,18,36,0,9285.48
2025-06-01,ST017,PR0030,51,12,18,45,0,13311.9
2025-06-01,ST017,PR0031,34,51,49,36,0,13748.4
2025-06-01,ST017,PR0032,54,41,26,69,0,29929.44
2025-06-01,ST017,PR0033,46,0,21,25,0,11545.0
2025-06-01,ST017,PR0034,21,23,32,12,0,7272.0
2025-06-01,ST017,PR0035,48,28,15,61,0,33106.53
2025-06-01,ST017,PR0036,49,50,17,82,0,52398.82
2025-06-01,ST017,PR0037,37,2,20,19,0,14636.08
2025-06-01,ST017,PR0038,10,31,22,19,0,14711.7
2025-06-01,ST017,PR0039,38,20,26,32,0,29080.32
2025-06-01,ST017,PR0040,6,46,25,27,0,23758.38
2025-06-01,ST017,PR0041,48,44,0,92,0,90471.88
2025-06-01,ST017,PR0042,51,50,45,56,0,7870.8
2025-06-01,ST017,PR0043,32,5,21,16,0,3256.64
2025-06-01,ST017,PR0044,56,55,42,69,0,18030.39
2025-06-01,ST017,PR0045,26,41,15,52,0,14874.6
2025-06-01,ST017,PR0046,64,41,40,65,0,23227.1
2025-06-01,ST017,PR0047,33,9,8,34,0,13099.86
2025-06-01,ST017,PR0048,14,52,23,43,0,20146.36
2025-06-01,ST017,PR0049,62,22,34,50,0,29962.5
2025-06-01,ST017,PR0050,57,13,35,35,0,20781.25
2025-06-01,ST017,PR0051,37,0,3,34,0,22072.46
2025-06-01,ST017,PR0052,17,42,37,22,0,14463.02
2025-06-01,ST017,PR0053,39,51,21,69,0,50073.99
2025-06-01,ST017,PR0054,8,43,42,9,0,8985.87
2025-06-01,ST017,PR0055,26,44,48,22,0,21197.22
2025-06-01,ST017,PR0056,40,38,36,42,0,7459.62
2025-06-01,ST017,PR0057,26,33,22,37,0,7346.72
2025-06-01,ST017,PR0058,7,40,40,7,0,2167.06
2025-06-01,ST017,PR0059,58,24,29,53,0,15744.71
2025-06-01,ST017,PR0060,34,16,43,7,0,2659.23
2025-06-01,ST018,PR0001,62,18,39,41,0,9826.47
2025-06-01,ST018,PR0002,8,41,39,10,0,2322.9
2025-06-01,ST018,PR0003,18,26,0,44,0,13718.32
2025-06-01,ST018,PR0004,34,30,14,50,0,17793.5
2025-06-01,ST018,PR0005,10,22,14,18,0,8946.0
2025-06-01,ST018,PR0006,58,17,36,39,0,21347.82
2025-06-01,ST018,PR0007,42,52,41,53,0,34747.86
2025-06-01,ST018,PR0008,12,14,26,0,5,0.0
2025-06-01,ST018,PR0009,36,6,22,20,0,13256.6
2025-06-01,ST018,PR0010,49,7,0,56,0,33939.36
2025-06-01,ST018,PR0011,43,36,14,65,0,46203.95
2025-06-01,ST018,PR0012,33,14,11,36,0,30823.2
2025-06-01,ST018,PR0013,35,48,21,62,0,46181.94
2025-06-01,ST018,PR0014,35,51,27,59,0,8886.58
2025-06-01,ST018,PR0015,19,0,19,0,8,0.0
2025-06-01,ST018,PR0016,64,13,48,29,0,8391.44
2025-06-01,ST018,PR0017,57,6,7,56,0,17057.04
2025-06-01,ST018,PR0018,32,40,8,64,0,26378.24
2025-06-01,ST018,PR0019,11,34,22,23,0,11725.86
2025-06-01,ST018,PR0020,42,21,43,20,0,8296.6
2025-06-01,ST018,PR0021,35,1,17,19,0,12096.16
2025-06-01,ST018,PR0022,40,53,29,64,0,43157.76
2025-06-01,ST018,PR0023,55,28,36,47,0,30140.63
2025-06-01,ST018,PR0024,50,8,10,48,0,30814.56
2025-06-01,ST018,PR0025,16,8,9,15,0,14072.25
2025-06-01,ST018,PR0026,55,20,23,52,0,41628.08
2025-06-01,ST018,PR0027,44,24,22,46,0,35335.82
2025-06-01,ST018,PR0028,45,20,18,47,0,6763.3
2025-06-01,ST018,PR0029,9,15,18,6,0,1547.58
2025-06-01,ST018,PR0030,31,29,12,48,0,14199.36
2025-06-01,ST018,PR0031,33,23,23,33,0,12602.7
2025-06-01,ST018,PR0032,12,8,20,0,11,0.0
2025-06-01,ST018,PR0033,56,45,12,89,0,41100.2
2025-06-01,ST018,PR0034,49,2,25,26,0,15756.0
2025-06-01,ST018,PR0035,44,26,38,32,0,17367.36
2025-06-01,ST018,PR0036,39,41,40,40,0,25560.4
2025-06-01,ST018,PR0037,7,9,16,0,8,0.0
2025-06-01,ST018,PR0038,5,31,4,32,0,24777.6
2025-06-01,ST018,PR0039,33,10,32,11,0,9996.36
2025-06-01,ST018,PR0040,11,52,23,40,0,35197.6
2025-06-01,ST018,PR0041,9,6,15,0,4,0.0
2025-06-01,ST018,PR0042,25,18,11,32,0,4497.6
2025-06-01,ST018,PR0043,47,29,5,71,0,14451.34
2025-06-01,ST018,PR0044,61,26,23,64,0,16723.84
2025-06-01,ST018,PR0045,60,48,29,79,0,22597.95
2025-06-01,ST018,PR0046,11,21,22,10,0,3573.4
2025-06-01,ST018,PR0047,45,9,41,13,0,5008.77
2025-06-01,ST018,PR0048,42,0,10,32,0,14992.64
2025-06-01,ST018,PR0049,47,48,15,80,0,47940.0
2025-06-01,ST018,PR0050,65,20,27,58,0,34437.5
2025-06-01,ST018,PR0051,24,6,30,0,2,0.0
2025-06-01,ST018,PR0052,18,40,17,41,0,26953.81
2025-06-01,ST018,PR0053,27,27,10,44,0,31931.24
2025-06-01,ST018,PR0054,43,14,21,36,0,35943.48
2025-06-01,ST018,PR0055,23,2,25,0,9,0.0
2025-06-01,ST018,PR0056,45,28,20,53,0,9413.33
2025-06-01,ST018,PR0057,41,38,13,66,0,13104.96
2025-06-01,ST018,PR0058,44,21,18,47,0,14550.26
2025-06-01,ST018,PR0059,59,1,23,37,0,10991.59
2025-06-01,ST018,PR0060,51,47,26,72,0,27352.08
2025-06-01,ST019,PR0001,19,2,21,0,11,0.0
2025-06-01,ST019,PR0002,34,1,26,9,0,2090.61
2025-06-01,ST019,PR0003,7,31,25,13,0,4053.14
2025-06-01,ST019,PR0004,35,0,14,21,0,7473.27
2025-06-01,ST019,PR0005,54,9,28,35,0,17395.0
2025-06-01,ST019,PR0006,64,7,11,60,0,32842.8
2025-06-01,ST019,PR0007,34,40,17,57,0,37370.34
2025-06-01,ST019,PR0008,28,38,18,48,0,25274.88
2025-06-01,ST019,PR0009,60,35,1,94,0,62306.02
2025-06-01,ST019,PR0010,44,31,19,56,0,33939.36
2025-06-01,ST019,PR0011,62,35,20,77,0,54733.91
2025-06-01,ST019,PR0012,40,0,20,20,0,17124.0
2025-06-01,ST019,PR0013,52,47,20,79,0,58844.73
2025-06-01,ST019,PR0014,50,4,22,32,0,4819.84
2025-06-01,ST019,PR0015,24,28,15,37,0,8901.83
2025-06-01,ST019,PR0016,28,3,10,21,0,6076.56
2025-06-01,ST019,PR0017,31,2,13,20,0,6091.8
2025-06-01,ST019,PR0018,60,30,26,64,0,26378.24
2025-06-01,ST019,PR0019,16,52,10,58,0,29569.56
2025-06-01,ST019,PR0020,61,21,19,63,0,26134.29
2025-06-01,ST019,PR0021,16,54,39,31,0,19735.84
2025-06-01,ST019,PR0022,57,55,11,101,0,68108.34
2025-06-01,ST019,PR0023,32,20,25,27,0,17314.83
2025-06-01,ST019,PR0024,23,8,20,11,0,7061.67
2025-06-01,ST019,PR0025,31,24,27,28,0,26268.2
2025-06-01,ST019,PR0026,23,41,35,29,0,23215.66
2025-06-01,ST019,PR0027,25,46,22,49,0,37640.33
2025-06-01,ST019,PR0028,58,52,26,84,0,12087.6
2025-06-01,ST019,PR0029,30,52,13,69,0,17797.17
2025-06-01,ST019,PR0030,5,32,14,23,0,6803.86
2025-06-01,ST019,PR0031,54,11,19,46,0,17567.4
2025-06-01,ST019,PR0032,47,4,14,37,0,16049.12
2025-06-01,ST019,PR0033,40,44,13,71,0,32787.8
2025-06-01,ST019,PR0034,45,24,28,41,0,24846.0
2025-06-01,ST019,PR0035,52,9,18,43,0,23337.39
2025-06-01,ST019,PR0036,46,9,8,47,0,30033.47
2025-06-01,ST019,PR0037,43,14,2,55,0,42367.6
2025-06-01,ST019,PR0038,18,36,20,34,0,26326.2
2025-06-01,ST019,PR0039,56,23,33,46,0,41802.96
2025-06-01,ST019,PR0040,11,22,12,21,0,18478.74
2025-06-01,ST019,PR0041,40,36,6,70,0,68837.3
2025-06-01,ST019,PR0042,60,12,32,40,0,5622.0
2025-06-01,ST019,PR0043,51,54,34,71,0,14451.34
2025-06-01,ST019,PR0044,4,39,11,32,0,8361.92
2025-06-01,ST019,PR0045,10,35,16,29,0,8295.45
2025-06-01,ST019,PR0046,61,20,25,56,0,20011.04
2025-06-01,ST019,PR0047,18,45,22,41,0,15796.89
2025-06-01,ST019,PR0048,9,30,9,30,0,14055.6
2025-06-01,ST019,PR0049,24,0,2,22,0,13183.5
2025-06-01,ST019,PR0050,53,15,17,51,0,30281.25
2025-06-01,ST019,PR0051,63,5,19,49,0,31810.31
2025-06-01,ST019,PR0052,50,17,35,32,0,21037.12
2025-06-01,ST019,PR0053,16,7,9,14,0,10159.94
2025-06-01,ST019,PR0054,29,29,36,22,0,21965.46
2025-06-01,ST019,PR0055,34,22,42,14,0,13489.14
2025-06-01,ST019,PR0056,21,49,17,53,0,9413.33
2025-06-01,ST019,PR0057,40,36,25,51,0,10126.56
2025-06-01,ST019,PR0058,57,0,18,39,0,12073.62
2025-06-01,ST019,PR0059,19,12,11,20,0,5941.4
2025-06-01,ST019,PR0060,28,15,9,34,0,12916.26
2025-06-01,ST020,PR0001,65,15,29,51,0,12223.17
2025-06-01,ST020,PR0002,63,39,31,71,0,16492.59
2025-06-01,ST020,PR0003,50,53,28,75,0,23383.5
2025-06-01,ST020,PR0004,28,29,20,37,0,13167.19
2025-06-01,ST020,PR0005,14,25,15,24,0,11928.0
2025-06-01,ST020,PR0006,57,26,21,62,0,33937.56
2025-06-01,ST020,PR0007,5,28,33,0,11,0.0
2025-06-01,ST020,PR0008,12,3,15,0,12,0.0
2025-06-01,ST020,PR0009,33,19,11,41,0,27176.03
2025-06-01,ST020,PR0010,52,35,41,46,0,27878.76
2025-06-01,ST020,PR0011,46,55,9,92,0,65396.36
2025-06-01,ST020,PR0012,30,12,25,17,0,14555.4
2025-06-01,ST020,PR0013,53,44,24,73,0,54375.51
2025-06-01,ST020,PR0014,46,46,32,60,0,9037.2
2025-06-01,ST020,PR0015,25,24,0,49,0,11788.91
2025-06-01,ST020,PR0016,64,41,42,63,0,18229.68
2025-06-01,ST020,PR0017,46,37,35,48,0,14620.32
2025-06-01,ST020,PR0018,40,40,40,40,0,16486.4
2025-06-01,ST020,PR0019,11,25,15,21,0,10706.22
2025-06-01,ST020,PR0020,31,50,34,47,0,19497.01
2025-06-01,ST020,PR0021,10,7,0,17,0,10822.88
2025-06-01,ST020,PR0022,52,37,4,85,0,57318.9
2025-06-01,ST020,PR0023,43,31,30,44,0,28216.76
2025-06-01,ST020,PR0024,13,55,16,52,0,33382.44
2025-06-01,ST020,PR0025,10,39,33,16,0,15010.4
2025-06-01,ST020,PR0026,64,13,0,77,0,61641.58
2025-06-01,ST020,PR0027,31,50,15,66,0,50699.22
2025-06-01,ST020,PR0028,25,15,9,31,0,4460.9
2025-06-01,ST020,PR0029,18,35,47,6,0,1547.58
2025-06-01,ST020,PR0030,4,0,4,0,11,0.0
2025-06-01,ST020,PR0031,25,25,12,38,0,14512.2
2025-06-01,ST020,PR0032,39,33,0,72,0,31230.72
2025-06-01,ST020,PR0033,30,26,18,38,0,17548.4
2025-06-01,ST020,PR0034,61,36,26,71,0,43026.0
2025-06-01,ST020,PR0035,18,28,34,12,0,6512.76
2025-06-01,ST020,PR0036,4,49,45,8,0,5112.08
2025-06-01,ST020,PR0037,45,39,23,61,0,46989.52
2025-06-01,ST020,PR0038,4,7,11,0,8,0.0
2025-06-01,ST020,PR0039,24,5,29,0,4,0.0
2025-06-01,ST020,PR0040,37,17,25,29,0,25518.26
2025-06-01,ST020,PR0041,6,33,32,7,0,6883.73
2025-06-01,ST020,PR0042,38,8,28,18,0,2529.9
2025-06-01,ST020,PR0043,36,43,23,56,0,11398.24
2025-06-01,ST020,PR0044,59,29,21,67,0,17507.77
2025-06-01,ST020,PR0045,44,55,44,55,0,15732.75
2025-06-01,ST020,PR0046,31,17,11,37,0,13221.58
2025-06-01,ST020,PR0047,58,10,24,44,0,16952.76
2025-06-01,ST020,PR0048,40,46,31,55,0,25768.6
2025-06-01,ST020,PR0049,20,3,23,0,8,0.0
2025-06-01,ST020,PR0050,7,37,1,43,0,25531.25
2025-06-01,ST020,PR0051,8,25,30,3,0,1947.57
2025-06-01,ST020,PR0052,24,23,30,17,0,11175.97
2025-06-01,ST020,PR0053,25,30,8,47,0,34108.37
2025-06-01,ST020,PR0054,30,31,16,45,0,44929.35
2025-06-01,ST020,PR0055,41,8,37,12,0,11562.12
2025-06-01,ST020,PR0056,63,51,3,111,0,19714.71
2025-06-01,ST020,PR0057,12,41,12,41,0,8140.96
2025-06-01,ST020,PR0058,52,52,36,68,0,21051.44
2025-06-01,ST020,PR0059,57,44,28,73,0,21686.11
2025-06-01,ST020,PR0060,57,7,33,31,0,11776.59
2025-06-01,ST021,PR0001,37,29,32,34,0,8148.78
2025-06-01,ST021,PR0002,59,24,41,42,0,9756.18
2025-06-01,ST021,PR0003,24,39,28,35,0,10912.3
2025-06-01,ST021,PR0004,31,39,0,70,0,24910.9
2025-06-01,ST021,PR0005,5,12,14,3,0,1491.0
2025-06-01,ST021,PR0006,29,50,15,64,0,35032.32
2025-06-01,ST021,PR0007,57,44,23,78,0,51138.36
2025-06-01,ST021,PR0008,50,27,27,50,0,26328.0
2025-06-01,ST021,PR0009,59,20,14,65,0,43083.95
2025-06-01,ST021,PR0010,37,40,26,51,0,30909.06
2025-06-01,ST021,PR0011,60,22,18,64,0,45493.12
2025-06-01,ST021,PR0012,43,9,34,18,0,15411.6
2025-06-01,ST021,PR0013,48,11,49,10,0,7448.7
2025-06-01,ST021,PR0014,30,52,30,52,0,7832.24
2025-06-01,ST021,PR0015,30,47,29,48,0,11548.32
2025-06-01,ST021,PR0016,59,34,14,79,0,22859.44
2025-06-01,ST021,PR0017,32,28,44,16,0,4873.44
2025-06-01,ST021,PR0018,49,12,10,51,0,21020.16
2025-06-01,ST021,PR0019,25,52,26,51,0,26000.82
2025-06-01,ST021,PR0020,18,13,26,5,0,2074.15
2025-06-01,ST021,PR0021,35,13,31,17,0,10822.88
2025-06-01,ST021,PR0022,64,50,34,80,0,53947.2
2025-06-01,ST021,PR0023,13,11,12,12,0,7695.48
2025-06-01,ST021,PR0024,40,29,28,41,0,26320.77
2025-06-01,ST021,PR0025,61,25,9,77,0,72237.55
2025-06-01,ST021,PR0026,58,46,19,85,0,68045.9
2025-06-01,ST021,PR0027,56,19,22,53,0,40713.01
2025-06-01,ST021,PR0028,59,28,4,83,0,11943.7
2025-06-01,ST021,PR0029,13,8,21,0,4,0.0
2025-06-01,ST021,PR0030,15,15,28,2,7,591.64
2025-06-01,ST021,PR0031,42,7,13,36,0,13748.4
2025-06-01,ST021,PR0032,11,42,26,27,0,11711.52
2025-06-01,ST021,PR0033,40,23,23,40,0,18472.0
2025-06-01,ST021,PR0034,42,11,0,53,0,32118.0
2025-06-01,ST021,PR0035,9,26,15,20,0,10854.6
2025-06-01,ST021,PR0036,22,35,23,34,0,21726.34
2025-06-01,ST021,PR0037,61,17,35,43,0,33123.76
2025-06-01,ST021,PR0038,45,22,17,50,0,38715.0
2025-06-01,ST021,PR0039,34,44,21,57,0,51799.32
2025-06-01,ST021,PR0040,38,48,38,48,0,42237.12
2025-06-01,ST021,PR0041,41,13,26,28,0,27534.92
2025-06-01,ST021,PR0042,61,11,26,46,0,6465.3
2025-06-01,ST021,PR0043,52,32,15,69,0,14044.26
2025-06-01,ST021,PR0044,17,0,10,7,0,1829.17
2025-06-01,ST021,PR0045,7,30,37,0,5,0.0
2025-06-01,ST021,PR0046,56,10,7,59,0,21083.06
2025-06-01,ST021,PR0047,23,35,18,40,0,15411.6
2025-06-01,ST021,PR0048,10,50,8,52,0,24363.04
2025-06-01,ST021,PR0049,40,18,28,30,0,17977.5
2025-06-01,ST021,PR0050,8,48,15,41,0,24343.75
2025-06-01,ST021,PR0051,32,1,21,12,0,7790.28
2025-06-01,ST021,PR0052,16,21,20,17,0,11175.97
2025-06-01,ST021,PR0053,29,5,10,24,0,17417.04
2025-06-01,ST021,PR0054,18,0,8,10,0,9984.3
2025-06-01,ST021,PR0055,47,27,11,63,0,60701.13
2025-06-01,ST021,PR0056,12,15,27,0,3,0.0
2025-06-01,ST021,PR0057,7,14,21,0,12,0.0
2025-06-01,ST021,PR0058,56,52,7,101,0,31267.58
2025-06-01,ST021,PR0059,53,14,30,37,0,10991.59
2025-06-01,ST021,PR0060,37,12,24,25,0,9497.25
2025-06-01,ST022,PR0001,30,53,40,43,0,10305.81
2025-06-01,ST022,PR0002,54,41,33,62,0,14401.98
2025-06-01,ST022,PR0003,44,35,27,52,0,16212.56
2025-06-01,ST022,PR0004,32,37,4,65,0,23131.55
2025-06-01,ST022,PR0005,48,42,29,61,0,30317.0
2025-06-01,ST022,PR0006,30,51,21,60,0,32842.8
2025-06-01,ST022,PR0007,51,51,19,83,0,54416.46
2025-06-01,ST022,PR0008,7,50,0,57,0,30013.92
2025-06-01,ST022,PR0009,21,12,12,21,0,13919.43
2025-06-01,ST022,PR0010,19,22,21,20,0,12121.2
2025-06-01,ST022,PR0011,14,15,5,24,0,17059.92
2025-06-01,ST022,PR0012,7,38,20,25,0,21405.0
2025-06-01,ST022,PR0013,53,50,33,70,0,52140.9
2025-06-01,ST022,PR0014,6,46,12,40,0,6024.8
2025-06-01,ST022,PR0015,20,52,23,49,0,11788.91
2025-06-01,ST022,PR0016,35,54,6,83,0,24016.88
2025-06-01,ST022,PR0017,15,13,28,0,5,0.0
2025-06-01,ST022,PR0018,23,52,14,61,0,25141.76
2025-06-01,ST022,PR0019,61,52,25,88,0,44864.16
2025-06-01,ST022,PR0020,65,51,8,108,0,44801.64
2025-06-01,ST022,PR0021,42,20,14,48,0,30558.72
2025-06-01,ST022,PR0022,36,28,22,42,0,28322.28
2025-06-01,ST022,PR0023,15,10,17,8,0,5130.32
2025-06-01,ST022,PR0024,12,36,7,41,0,26320.77
2025-06-01,ST022,PR0025,38,53,18,73,0,68484.95
2025-06-01,ST022,PR0026,28,22,30,20,0,16010.8
2025-06-01,ST022,PR0027,31,51,25,57,0,43785.69
2025-06-01,ST022,PR0028,11,40,31,20,0,2878.0
2025-06-01,ST022,PR0029,11,11,7,15,0,3868.95
2025-06-01,ST022,PR0030,25,43,21,47,0,13903.54
2025-06-01,ST022,PR0031,23,30,34,19,0,7256.1
2025-06-01,ST022,PR0032,25,11,26,10,0,4337.6
2025-06-01,ST022,PR0033,60,0,35,25,0,11545.0
2025-06-01,ST022,PR0034,41,32,30,43,0,26058.0
2025-06-01,ST022,PR0035,27,47,24,50,0,27136.5
2025-06-01,ST022,PR0036,55,34,24,65,0,41535.65
2025-06-01,ST022,PR0037,11,41,25,27,0,20798.64
2025-06-01,ST022,PR0038,43,29,7,65,0,50329.5
2025-06-01,ST022,PR0039,10,40,27,23,0,20901.48
2025-06-01,ST022,PR0040,38,13,10,41,0,36077.54
2025-06-01,ST022,PR0041,30,41,27,44,0,43269.16
2025-06-01,ST022,PR0042,47,0,17,30,0,4216.5
2025-06-01,ST022,PR0043,17,51,30,38,0,7734.52
2025-06-01,ST022,PR0044,28,44,0,72,0,18814.32
2025-06-01,ST022,PR0045,16,19,15,20,0,5721.0
2025-06-01,ST022,PR0046,49,47,13,83,0,29659.22
2025-06-01,ST022,PR0047,11,48,14,45,0,17338.05
2025-06-01,ST022,PR0048,57,4,25,36,0,16866.72
2025-06-01,ST022,PR0049,43,7,32,18,0,10786.5
2025-06-01,ST022,PR0050,24,34,0,58,0,34437.5
2025-06-01,ST022,PR0051,38,8,25,21,0,13632.99
2025-06-01,ST022,PR0052,42,28,16,54,0,35500.14
2025-06-01,ST022,PR0053,21,51,16,56,0,40639.76
2025-06-01,ST022,PR0054,20,15,31,4,0,3993.72
2025-06-01,ST022,PR0055,24,3,7,20,0,19270.2
2025-06-01,ST022,PR0056,13,25,31,7,0,1243.27
2025-06-01,ST022,PR0057,49,48,26,71,0,14097.76
2025-06-01,ST022,PR0058,53,45,8,90,0,27862.2
2025-06-01,ST022,PR0059,40,10,17,33,0,9803.31
2025-06-01,ST022,PR0060,9,31,11,29,0,11016.81
2025-06-01,ST023,PR0001,36,17,32,21,0,5033.07
2025-06-01,ST023,PR0002,14,42,12,44,0,10220.76
2025-06-01,ST023,PR0003,26,43,21,48,0,14965.44
2025-06-01,ST023,PR0004,47,33,50,30,0,10676.1
2025-06-01,ST023,PR0005,19,6,17,8,0,3976.0
2025-06-01,ST023,PR0006,5,39,34,10,0,5473.8
2025-06-01,ST023,PR0007,11,21,22,10,0,6556.2
2025-06-01,ST023,PR0008,14,48,37,25,0,13164.0
2025-06-01,ST023,PR0009,15,14,4,25,0,16570.75
2025-06-01,ST023,PR0010,36,36,16,56,0,33939.36
2025-06-01,ST023,PR0011,15,30,27,18,0,12794.94
2025-06-01,ST023,PR0012,8,9,17,0,7,0.0
2025-06-01,ST023,PR0013,25,12,0,37,0,27560.19
2025-06-01,ST023,PR0014,10,38,30,18,0,2711.16
2025-06-01,ST023,PR0015,56,21,26,51,0,12270.09
2025-06-01,ST023,PR0016,10,24,8,26,0,7523.36
2025-06-01,ST023,PR0017,55,2,22,35,0,10660.65
2025-06-01,ST023,PR0018,20,0,20,0,12,0.0
2025-06-01,ST023,PR0019,6,31,37,0,11,0.0
2025-06-01,ST023,PR0020,6,15,21,0,4,0.0
2025-06-01,ST023,PR0021,55,35,42,48,0,30558.72
2025-06-01,ST023,PR0022,4,52,3,53,0,35740.02
2025-06-01,ST023,PR0023,15,53,18,50,0,32064.5
2025-06-01,ST023,PR0024,9,29,14,24,0,15407.28
2025-06-01,ST023,PR0025,44,45,44,45,0,42216.75
2025-06-01,ST023,PR0026,49,50,29,70,0,56037.8
2025-06-01,ST023,PR0027,45,11,38,18,0,13827.06
2025-06-01,ST023,PR0028,22,4,16,10,0,1439.0
2025-06-01,ST023,PR0029,28,42,28,42,0,10833.06
2025-06-01,ST023,PR0030,58,52,7,103,0,30469.46
2025-06-01,ST023,PR0031,37,21,26,32,0,12220.8
2025-06-01,ST023,PR0032,23,24,0,47,0,20386.72
2025-06-01,ST023,PR0033,50,1,17,34,0,15701.2
2025-06-01,ST023,PR0034,7,34,35,6,0,3636.0
2025-06-01,ST023,PR0035,26,5,26,5,0,2713.65
2025-06-01,ST023,PR0036,36,1,3,34,0,21726.34
2025-06-01,ST023,PR0037,44,42,10,76,0,58544.32
2025-06-01,ST023,PR0038,64,32,22,74,0,57298.2
2025-06-01,ST023,PR0039,54,48,7,95,0,86332.2
2025-06-01,ST023,PR0040,65,6,31,40,0,35197.6
2025-06-01,ST023,PR0041,47,23,11,59,0,58020.01
2025-06-01,ST023,PR0042,46,49,12,83,0,11665.65
2025-06-01,ST023,PR0043,37,47,28,56,0,11398.24
2025-06-01,ST023,PR0044,59,41,11,89,0,23256.59
2025-06-01,ST023,PR0045,56,4,22,38,0,10869.9
2025-06-01,ST023,PR0046,58,40,44,54,0,19296.36
2025-06-01,ST023,PR0047,40,44,13,71,0,27355.59
2025-06-01,ST023,PR0048,57,30,8,79,0,37013.08
2025-06-01,ST023,PR0049,34,3,22,15,0,8988.75
2025-06-01,ST023,PR0050,4,27,19,12,0,7125.0
2025-06-01,ST023,PR0051,37,50,34,53,0,34407.07
2025-06-01,ST023,PR0052,51,3,18,36,0,23666.76
2025-06-01,ST023,PR0053,17,49,32,34,0,24674.14
2025-06-01,ST023,PR0054,57,29,21,65,0,64897.95
2025-06-01,ST023,PR0055,46,46,27,65,0,62628.15
2025-06-01,ST023,PR0056,22,14,30,6,0,1065.66
2025-06-01,ST023,PR0057,9,45,33,21,0,4169.76
2025-06-01,ST023,PR0058,10,43,45,8,0,2476.64
2025-06-01,ST023,PR0059,5,16,12,9,0,2673.63
2025-06-01,ST023,PR0060,39,26,19,46,0,17474.94
2025-06-01,ST024,PR0001,56,26,42,40,0,9586.8
2025-06-01,ST024,PR0002,12,44,13,43,0,9988.47
2025-06-01,ST024,PR0003,42,43,16,69,0,21512.82
2025-06-01,ST024,PR0004,33,29,18,44,0,15658.28
2025-06-01,ST024,PR0005,25,31,16,40,0,19880.0
2025-06-01,ST024,PR0006,27,16,19,24,0,13137.12
2025-06-01,ST024,PR0007,56,4,19,41,0,26880.42
2025-06-01,ST024,PR0008,42,34,31,45,0,23695.2
2025-06-01,ST024,PR0009,59,30,18,71,0,47060.93
2025-06-01,ST024,PR0010,33,40,26,47,0,28484.82
2025-06-01,ST024,PR0011,14,54,23,45,0,31987.35
2025-06-01,ST024,PR0012,7,11,7,11,0,9418.2
2025-06-01,ST024,PR0013,11,21,24,8,0,5958.96
2025-06-01,ST024,PR0014,13,23,12,24,0,3614.88
2025-06-01,ST024,PR0015,53,7,17,43,0,10345.37
2025-06-01,ST024,PR0016,55,54,19,90,0,26042.4
2025-06-01,ST024,PR0017,16,6,22,0,8,0.0
2025-06-01,ST024,PR0018,25,2,18,9,0,3709.44
2025-06-01,ST024,PR0019,55,15,24,46,0,23451.72
2025-06-01,ST024,PR0020,51,27,31,47,0,19497.01
2025-06-01,ST024,PR0021,19,27,24,22,0,14006.08
2025-06-01,ST024,PR0022,40,46,41,45,0,30345.3
2025-06-01,ST024,PR0023,40,24,0,64,0,41042.56
2025-06-01,ST024,PR0024,43,14,46,11,0,7061.67
2025-06-01,ST024,PR0025,19,54,11,62,0,58165.3
2025-06-01,ST024,PR0026,37,54,51,40,0,32021.6
2025-06-01,ST024,PR0027,49,21,18,52,0,39944.84
2025-06-01,ST024,PR0028,19,50,19,50,0,7195.0
2025-06-01,ST024,PR0029,27,1,28,0,11,0.0
2025-06-01,ST024,PR0030,39,18,0,57,0,16861.74
2025-06-01,ST024,PR0031,15,3,18,0,9,0.0
2025-06-01,ST024,PR0032,50,5,19,36,0,15615.36
2025-06-01,ST024,PR0033,50,42,29,63,0,29093.4
2025-06-01,ST024,PR0034,15,41,36,20,0,12120.0
2025-06-01,ST024,PR0035,51,0,18,33,0,17910.09
2025-06-01,ST024,PR0036,40,31,13,58,0,37062.58
2025-06-01,ST024,PR0037,5,2,7,0,5,0.0
2025-06-01,ST024,PR0038,55,39,20,74,0,57298.2
2025-06-01,ST024,PR0039,17,26,13,30,0,27262.8
2025-06-01,ST024,PR0040,23,55,31,47,0,41357.18
2025-06-01,ST024,PR0041,10,24,12,22,0,21634.58
2025-06-01,ST024,PR0042,4,43,20,27,0,3794.85
2025-06-01,ST024,PR0043,55,26,31,50,0,10177.0
2025-06-01,ST024,PR0044,32,29,28,33,0,8623.23
2025-06-01,ST024,PR0045,26,15,17,24,0,6865.2
2025-06-01,ST024,PR0046,35,5,20,20,0,7146.8
2025-06-01,ST024,PR0047,44,33,19,58,0,22346.82
2025-06-01,ST024,PR0048,37,54,26,65,0,30453.8
2025-06-01,ST024,PR0049,8,2,10,0,8,0.0
2025-06-01,ST024,PR0050,56,33,43,46,0,27312.5
2025-06-01,ST024,PR0051,54,54,11,97,0,62971.43
2025-06-01,ST024,PR0052,57,11,24,44,0,28926.04
2025-06-01,ST024,PR0053,22,20,21,21,0,15239.91
2025-06-01,ST024,PR0054,30,55,14,71,0,70888.53
2025-06-01,ST024,PR0055,26,24,9,41,0,39503.91
2025-06-01,ST024,PR0056,31,20,4,47,0,8347.67
2025-06-01,ST024,PR0057,17,44,25,36,0,7148.16
2025-06-01,ST024,PR0058,63,16,18,61,0,18884.38
2025-06-01,ST024,PR0059,4,1,5,0,4,0.0
2025-06-01,ST024,PR0060,44,0,24,20,0,7597.8
2025-07-01,ST001,PR0001,25,45,36,34,0,8148.78
2025-07-01,ST001,PR0002,31,6,32,5,0,1161.45
2025-07-01,ST001,PR0003,54,1,23,32,0,9976.96
2025-07-01,ST001,PR0004,44,45,14,75,0,26690.25
2025-07-01,ST001,PR0005,13,30,17,26,0,12922.0
2025-07-01,ST001,PR0006,23,38,9,52,0,28463.76
2025-07-01,ST001,PR0007,28,12,23,17,0,11145.54
2025-07-01,ST001,PR0008,41,48,8,81,0,42651.36
2025-07-01,ST001,PR0009,16,23,39,0,10,0.0
2025-07-01,ST001,PR0010,48,1,37,12,0,7272.72
2025-07-01,ST001,PR0011,31,44,23,52,0,36963.16
2025-07-01,ST001,PR0012,60,9,29,40,0,34248.0
2025-07-01,ST001,PR0013,8,34,17,25,0,18621.75
2025-07-01,ST001,PR0014,39,1,28,12,0,1807.44
2025-07-01,ST001,PR0015,5,13,18,0,12,0.0
2025-07-01,ST001,PR0016,17,24,1,40,0,11574.4
2025-07-01,ST001,PR0017,10,50,32,28,0,8528.52
2025-07-01,ST001,PR0018,15,51,1,65,0,26790.4
2025-07-01,ST001,PR0019,52,53,21,84,0,42824.88
2025-07-01,ST001,PR0020,47,13,20,40,0,16593.2
2025-07-01,ST001,PR0021,50,42,30,62,0,39471.68
2025-07-01,ST001,PR0022,44,37,23,58,0,39111.72
2025-07-01,ST001,PR0023,35,45,22,58,0,37194.82
2025-07-01,ST001,PR0024,50,10,8,52,0,33382.44
2025-07-01,ST001,PR0025,45,29,11,63,0,59103.45
2025-07-01,ST001,PR0026,13,25,0,38,0,30420.52
2025-07-01,ST001,PR0027,6,12,18,0,10,0.0
2025-07-01,ST001,PR0028,5,50,0,55,0,7914.5
2025-07-01,ST001,PR0029,56,28,23,61,0,15733.73
2025-07-01,ST001,PR0030,22,48,31,39,0,11536.98
2025-07-01,ST001,PR0031,17,9,26,0,5,0.0
2025-07-01,ST001,PR0032,25,4,29,0,10,0.0
2025-07-01,ST001,PR0033,29,7,13,23,0,10621.4
2025-07-01,ST001,PR0034,29,7,23,13,0,7878.0
2025-07-01,ST001,PR0035,18,7,10,15,0,8140.95
2025-07-01,ST001,PR0036,62,33,32,63,0,40257.63
2025-07-01,ST001,PR0037,15,34,49,0,2,0.0
2025-07-01,ST001,PR0038,45,1,13,33,0,25551.9
2025-07-01,ST001,PR0039,54,31,22,63,0,57251.88
2025-07-01,ST001,PR0040,7,33,40,0,12,0.0
2025-07-01,ST001,PR0041,37,42,21,58,0,57036.62
2025-07-01,ST001,PR0042,44,28,40,32,0,4497.6
2025-07-01,ST001,PR0043,18,52,14,56,0,11398.24
2025-07-01,ST001,PR0044,38,50,21,67,0,17507.77
2025-07-01,ST001,PR0045,54,29,16,67,0,19165.35
2025-07-01,ST001,PR0046,35,39,8,66,0,23584.44
2025-07-01,ST001,PR0047,26,44,27,43,0,16567.47
2025-07-01,ST001,PR0048,8,5,6,7,0,3279.64
2025-07-01,ST001,PR0049,4,49,5,48,0,28764.0
2025-07-01,ST001,PR0050,51,1,23,29,0,17218.75
2025-07-01,ST001,PR0051,60,47,35,72,0,46741.68
2025-07-01,ST001,PR0052,34,22,25,31,0,20379.71
2025-07-01,ST001,PR0053,44,12,9,47,0,34108.37
2025-07-01,ST001,PR0054,24,33,26,31,0,30951.33
2025-07-01,ST001,PR0055,61,39,11,89,0,85752.39
2025-07-01,ST001,PR0056,61,39,28,72,0,12787.92
2025-07-01,ST001,PR0057,52,4,26,30,0,5956.8
2025-07-01,ST001,PR0058,20,45,0,65,0,20122.7
2025-07-01,ST001,PR0059,18,55,12,61,0,18121.27
2025-07-01,ST001,PR0060,12,17,20,9,0,3419.01
2025-07-01,ST002,PR0001,45,38,15,68,0,16297.56
2025-07-01,ST002,PR0002,58,31,18,71,0,16492.59
2025-07-01,ST002,PR0003,32,54,16,70,0,21824.6
2025-07-01,ST002,PR0004,40,34,17,57,0,20284.59
2025-07-01,ST002,PR0005,24,9,29,4,0,1988.0
2025-07-01,ST002,PR0006,34,42,35,41,0,22442.58
2025-07-01,ST002,PR0007,21,23,18,26,0,17046.12
2025-07-01,ST002,PR0008,65,12,37,40,0,21062.4
2025-07-01,ST002,PR0009,31,19,16,34,0,22536.22
2025-07-01,ST002,PR0010,63,26,33,56,0,33939.36
2025-07-01,ST002,PR0011,35,32,0,67,0,47625.61
2025-07-01,ST002,PR0012,9,17,26,0,5,0.0
2025-07-01,ST002,PR0013,7,30,14,23,0,17132.01
2025-07-01,ST002,PR0014,36,37,16,57,0,8585.34
2025-07-01,ST002,PR0015,60,42,0,102,0,24540.18
2025-07-01,ST002,PR0016,32,24,4,52,0,15046.72
2025-07-01,ST002,PR0017,28,31,22,37,0,11269.83
2025-07-01,ST002,PR0018,8,21,17,12,0,4945.92
2025-07-01,ST002,PR0019,57,51,25,83,0,42315.06
2025-07-01,ST002,PR0020,65,17,13,69,0,28623.27
2025-07-01,ST002,PR0021,33,1,24,10,0,6366.4
2025-07-01,ST002,PR0022,27,23,7,43,0,28996.62
2025-07-01,ST002,PR0023,41,10,20,31,0,19879.99
2025-07-01,ST002,PR0024,16,24,0,40,0,25678.8
2025-07-01,ST002,PR0025,41,54,19,76,0,71299.4
2025-07-01,ST002,PR0026,21,35,41,15,0,12008.1
2025-07-01,ST002,PR0027,58,21,24,55,0,42249.35
2025-07-01,ST002,PR0028,5,34,24,15,0,2158.5
2025-07-01,ST002,PR0029,51,1,17,35,0,9027.55
2025-07-01,ST002,PR0030,9,26,35,0,4,0.0
2025-07-01,ST002,PR0031,61,11,23,49,0,18713.1
2025-07-01,ST002,PR0032,57,25,33,49,0,21254.24
2025-07-01,ST002,PR0033,35,33,36,32,0,14777.6
2025-07-01,ST002,PR0034,45,36,24,57,0,34542.0
2025-07-01,ST002,PR0035,5,52,14,43,0,23337.39
2025-07-01,ST002,PR0036,12,13,1,24,0,15336.24
2025-07-01,ST002,PR0037,20,21,16,25,0,19258.0
2025-07-01,ST002,PR0038,39,24,16,47,0,36392.1
2025-07-01,ST002,PR0039,38,12,24,26,0,23627.76
2025-07-01,ST002,PR0040,10,19,29,0,11,0.0
2025-07-01,ST002,PR0041,57,18,17,58,0,57036.62
2025-07-01,ST002,PR0042,5,14,19,0,3,0.0
2025-07-01,ST002,PR0043,22,9,19,12,0,2442.48
2025-07-01,ST002,PR0044,6,55,22,39,0,10191.09
2025-07-01,ST002,PR0045,6,1,7,0,8,0.0
2025-07-01,ST002,PR0046,47,7,23,31,0,11077.54
2025-07-01,ST002,PR0047,15,19,17,17,0,6549.93
2025-07-01,ST002,PR0048,56,5,45,16,0,7496.32
2025-07-01,ST002,PR0049,58,55,42,71,0,42546.75
2025-07-01,ST002,PR0050,31,30,0,61,0,36218.75
2025-07-01,ST002,PR0051,18,40,41,17,0,11036.23
2025-07-01,ST002,PR0052,52,10,11,51,0,33527.91
2025-07-01,ST002,PR0053,54,46,32,68,0,49348.28
2025-07-01,ST002,PR0054,37,15,17,35,0,34945.05
2025-07-01,ST002,PR0055,12,14,17,9,0,8671.59
2025-07-01,ST002,PR0056,45,29,15,59,0,10478.99
2025-07-01,ST002,PR0057,45,13,20,38,0,7545.28
2025-07-01,ST002,PR0058,65,20,21,64,0,19813.12
2025-07-01,ST002,PR0059,35,53,16,72,0,21389.04
2025-07-01,ST002,PR0060,48,36,23,61,0,23173.29
2025-07-01,ST003,PR0001,58,22,16,64,0,15338.88
2025-07-01,ST003,PR0002,7,28,11,24,0,5574.96
2025-07-01,ST003,PR0003,18,25,12,31,0,9665.18
2025-07-01,ST003,PR0004,60,51,26,85,0,30248.95
2025-07-01,ST003,PR0005,21,10,7,24,0,11928.0
2025-07-01,ST003,PR0006,26,30,13,43,0,23537.34
2025-07-01,ST003,PR0007,38,5,36,7,0,4589.34
2025-07-01,ST003,PR0008,33,17,33,17,0,8951.52
2025-07-01,ST003,PR0009,47,50,19,78,0,51700.74
2025-07-01,ST003,PR0010,55,29,14,70,0,42424.2
2025-07-01,ST003,PR0011,4,4,8,0,2,0.0
2025-07-01,ST003,PR0012,62,42,38,66,0,56509.2
2025-07-01,ST003,PR0013,13,54,7,60,0,44692.2
2025-07-01,ST003,PR0014,30,43,11,62,0,9338.44
2025-07-01,ST003,PR0015,4,25,26,3,0,721.77
2025-07-01,ST003,PR0016,4,28,31,1,5,289.36
2025-07-01,ST003,PR0017,61,6,9,58,0,17666.22
2025-07-01,ST003,PR0018,40,17,11,46,0,18959.36
2025-07-01,ST003,PR0019,37,39,21,55,0,28040.1
2025-07-01,ST003,PR0020,60,6,8,58,0,24060.14
2025-07-01,ST003,PR0021,38,28,4,62,0,39471.68
2025-07-01,ST003,PR0022,30,28,35,23,0,15509.82
2025-07-01,ST003,PR0023,56,17,5,68,0,43607.72
2025-07-01,ST003,PR0024,50,29,17,62,0,39802.14
2025-07-01,ST003,PR0025,59,40,18,81,0,75990.15
2025-07-01,ST003,PR0026,54,44,18,80,0,64043.2
2025-07-01,ST003,PR0027,7,50,24,33,0,25349.61
2025-07-01,ST003,PR0028,29,8,37,0,4,0.0
2025-07-01,ST003,PR0029,46,19,12,53,0,13670.29
2025-07-01,ST003,PR0030,61,6,14,53,0,15678.46
2025-07-01,ST003,PR0031,32,7,26,13,0,4964.7
2025-07-01,ST003,PR0032,48,39,38,49,0,21254.24
2025-07-01,ST003,PR0033,53,23,26,50,0,23090.0
2025-07-01,ST003,PR0034,33,41,3,71,0,43026.0
2025-07-01,ST003,PR0035,20,2,22,0,11,0.0
2025-07-01,ST003,PR0036,15,55,32,38,0,24282.38
2025-07-01,ST003,PR0037,35,40,22,53,0,40826.96
2025-07-01,ST003,PR0038,42,42,14,70,0,54201.0
2025-07-01,ST003,PR0039,8,41,40,9,0,8178.84
2025-07-01,ST003,PR0040,59,22,23,58,0,51036.52
2025-07-01,ST003,PR0041,61,22,0,83,0,81621.37
2025-07-01,ST003,PR0042,43,54,16,81,0,11384.55
2025-07-01,ST003,PR0043,21,12,16,17,0,3460.18
2025-07-01,ST003,PR0044,5,35,7,33,0,8623.23
2025-07-01,ST003,PR0045,26,51,7,70,0,20023.5
2025-07-01,ST003,PR0046,43,43,9,77,0,27515.18
2025-07-01,ST003,PR0047,15,13,10,18,0,6935.22
2025-07-01,ST003,PR0048,5,21,26,0,3,0.0
2025-07-01,ST003,PR0049,10,6,16,0,11,0.0
2025-07-01,ST003,PR0050,27,49,37,39,0,23156.25
2025-07-01,ST003,PR0051,8,53,20,41,0,26616.79
2025-07-01,ST003,PR0052,39,17,19,37,0,24324.17
2025-07-01,ST003,PR0053,13,19,32,0,7,0.0
2025-07-01,ST003,PR0054,14,49,32,31,0,30951.33
2025-07-01,ST003,PR0055,63,21,10,74,0,71299.74
2025-07-01,ST003,PR0056,59,52,26,85,0,15096.85
2025-07-01,ST003,PR0057,23,46,58,11,0,2184.16
2025-07-01,ST003,PR0058,57,50,29,78,0,24147.24
2025-07-01,ST003,PR0059,6,44,45,5,0,1485.35
2025-07-01,ST003,PR0060,34,38,0,72,0,27352.08
2025-07-01,ST004,PR0001,32,51,17,66,0,15818.22
2025-07-01,ST004,PR0002,51,27,26,52,0,12079.08
2025-07-01,ST004,PR0003,63,11,0,74,0,23071.72
2025-07-01,ST004,PR0004,16,13,23,6,0,2135.22
2025-07-01,ST004,PR0005,43,10,34,19,0,9443.0
2025-07-01,ST004,PR0006,55,38,10,83,0,45432.54
2025-07-01,ST004,PR0007,27,15,42,0,9,0.0
2025-07-01,ST004,PR0008,33,25,4,54,0,28434.24
2025-07-01,ST004,PR0009,35,1,22,14,0,9279.62
2025-07-01,ST004,PR0010,30,6,24,12,0,7272.72
2025-07-01,ST004,PR0011,47,2,29,20,0,14216.6
2025-07-01,ST004,PR0012,54,32,16,70,0,59934.0
2025-07-01,ST004,PR0013,30,32,32,30,0,22346.1
2025-07-01,ST004,PR0014,38,27,26,39,0,5874.18
2025-07-01,ST004,PR0015,53,55,27,81,0,19487.79
2025-07-01,ST004,PR0016,23,32,11,44,0,12731.84
2025-07-01,ST004,PR0017,12,1,13,0,10,0.0
2025-07-01,ST004,PR0018,50,51,23,78,0,32148.48
2025-07-01,ST004,PR0019,6,34,28,12,0,6117.84
2025-07-01,ST004,PR0020,32,31,28,35,0,14519.05
2025-07-01,ST004,PR0021,62,31,12,81,0,51567.84
2025-07-01,ST004,PR0022,53,48,0,101,0,68108.34
2025-07-01,ST004,PR0023,14,11,22,3,0,1923.87
2025-07-01,ST004,PR0024,62,24,17,69,0,44295.93
2025-07-01,ST004,PR0025,32,34,14,52,0,48783.8
2025-07-01,ST004,PR0026,23,6,7,22,0,17611.88
2025-07-01,ST004,PR0027,27,31,42,16,0,12290.72
2025-07-01,ST004,PR0028,12,30,14,28,0,4029.2
2025-07-01,ST004,PR0029,42,13,51,4,0,1031.72
2025-07-01,ST004,PR0030,50,15,16,49,0,14495.18
2025-07-01,ST004,PR0031,12,19,31,0,7,0.0
2025-07-01,ST004,PR0032,63,0,20,43,0,18651.68
2025-07-01,ST004,PR0033,5,1,6,0,10,0.0
2025-07-01,ST004,PR0034,40,49,12,77,0,46662.0
2025-07-01,ST004,PR0035,8,48,26,30,0,16281.9
2025-07-01,ST004,PR0036,5,32,35,2,2,1278.02
2025-07-01,ST004,PR0037,53,28,38,43,0,33123.76
2025-07-01,ST004,PR0038,13,37,18,32,0,24777.6
2025-07-01,ST004,PR0039,27,43,14,56,0,50890.56
2025-07-01,ST004,PR0040,34,8,5,37,0,32557.78
2025-07-01,ST004,PR0041,6,43,25,24,0,23601.36
2025-07-01,ST004,PR0042,37,33,34,36,0,5059.8
2025-07-01,ST004,PR0043,61,52,21,92,0,18725.68
2025-07-01,ST004,PR0044,58,12,20,50,0,13065.5
2025-07-01,ST004,PR0045,25,20,28,17,0,4862.85
2025-07-01,ST004,PR0046,56,18,24,50,0,17867.0
2025-07-01,ST004,PR0047,60,54,44,70,0,26970.3
2025-07-01,ST004,PR0048,25,49,29,45,0,21083.4
2025-07-01,ST004,PR0049,15,55,33,37,0,22172.25
2025-07-01,ST004,PR0050,42,37,45,34,0,20187.5
2025-07-01,ST004,PR0051,57,54,28,83,0,53882.77
2025-07-01,ST004,PR0052,8,32,39,1,12,657.41
2025-07-01,ST004,PR0053,59,49,16,92,0,66765.32
2025-07-01,ST004,PR0054,51,38,19,70,0,69890.1
2025-07-01,ST004,PR0055,5,39,44,0,4,0.0
2025-07-01,ST004,PR0056,26,19,24,21,0,3729.81
2025-07-01,ST004,PR0057,62,17,1,78,0,15487.68
2025-07-01,ST004,PR0058,37,24,36,25,0,7739.5
2025-07-01,ST004,PR0059,30,51,35,46,0,13665.22
2025-07-01,ST004,PR0060,16,9,7,18,0,6838.02
2025-07-01,ST005,PR0001,23,32,15,40,0,9586.8
2025-07-01,ST005,PR0002,52,27,12,67,0,15563.43
2025-07-01,ST005,PR0003,20,20,20,20,0,6235.6
2025-07-01,ST005,PR0004,37,43,9,71,0,25266.77
2025-07-01,ST005,PR0005,41,19,31,29,0,14413.0
2025-07-01,ST005,PR0006,17,48,34,31,0,16968.78
2025-07-01,ST005,PR0007,4,27,31,0,10,0.0
2025-07-01,ST005,PR0008,58,11,13,56,0,29487.36
2025-07-01,ST005,PR0009,47,15,19,43,0,28501.69
2025-07-01,ST005,PR0010,47,7,29,25,0,15151.5
2025-07-01,ST005,PR0011,41,5,7,39,0,27722.37
2025-07-01,ST005,PR0012,37,43,22,58,0,49659.6
2025-07-01,ST005,PR0013,14,49,28,35,0,26070.45
2025-07-01,ST005,PR0014,35,17,52,0,4,0.0
2025-07-01,ST005,PR0015,30,31,16,45,0,10826.55
2025-07-01,ST005,PR0016,32,27,23,36,0,10416.96
2025-07-01,ST005,PR0017,65,50,3,112,0,34114.08
2025-07-01,ST005,PR0018,35,15,15,35,0,14425.6
2025-07-01,ST005,PR0019,12,0,0,12,0,6117.84
2025-07-01,ST005,PR0020,23,52,28,47,0,19497.01
2025-07-01,ST005,PR0021,64,9,19,54,0,34378.56
2025-07-01,ST005,PR0022,40,25,13,52,0,35065.68
2025-07-01,ST005,PR0023,45,17,33,29,0,18597.41
2025-07-01,ST005,PR0024,44,41,37,48,0,30814.56
2025-07-01,ST005,PR0025,55,29,0,84,0,78804.6
2025-07-01,ST005,PR0026,53,34,0,87,0,69646.98
2025-07-01,ST005,PR0027,22,45,28,39,0,29958.63
2025-07-01,ST005,PR0028,6,23,27,2,8,287.8
2025-07-01,ST005,PR0029,31,38,20,49,0,12638.57
2025-07-01,ST005,PR0030,49,36,13,72,0,21299.04
2025-07-01,ST005,PR0031,31,20,23,28,0,10693.2
2025-07-01,ST005,PR0032,14,10,6,18,0,7807.68
2025-07-01,ST005,PR0033,48,19,32,35,0,16163.0
2025-07-01,ST005,PR0034,8,46,44,10,0,6060.0
2025-07-01,ST005,PR0035,20,43,23,40,0,21709.2
2025-07-01,ST005,PR0036,39,21,7,53,0,33867.53
2025-07-01,ST005,PR0037,45,11,34,22,0,16947.04
2025-07-01,ST005,PR0038,23,27,28,22,0,17034.6
2025-07-01,ST005,PR0039,64,18,21,61,0,55434.36
2025-07-01,ST005,PR0040,4,44,25,23,0,20238.62
2025-07-01,ST005,PR0041,52,9,15,46,0,45235.94
2025-07-01,ST005,PR0042,51,2,21,32,0,4497.6
2025-07-01,ST005,PR0043,19,11,30,0,6,0.0
2025-07-01,ST005,PR0044,61,12,18,55,0,14372.05
2025-07-01,ST005,PR0045,12,2,10,4,0,1144.2
2025-07-01,ST005,PR0046,15,19,20,14,0,5002.76
2025-07-01,ST005,PR0047,10,52,16,46,0,17723.34
2025-07-01,ST005,PR0048,53,17,31,39,0,18272.28
2025-07-01,ST005,PR0049,27,49,27,49,0,29363.25
2025-07-01,ST005,PR0050,10,12,22,0,10,0.0
2025-07-01,ST005,PR0051,50,3,45,8,0,5193.52
2025-07-01,ST005,PR0052,54,8,43,19,0,12490.79
2025-07-01,ST005,PR0053,19,3,22,0,6,0.0
2025-07-01,ST005,PR0054,33,54,13,74,0,73883.82
2025-07-01,ST005,PR0055,6,2,8,0,4,0.0
2025-07-01,ST005,PR0056,19,42,13,48,0,8525.28
2025-07-01,ST005,PR0057,42,55,46,51,0,10126.56
2025-07-01,ST005,PR0058,54,49,41,62,0,19193.96
2025-07-01,ST005,PR0059,62,38,13,87,0,25845.09
2025-07-01,ST005,PR0060,41,45,3,83,0,31530.87
2025-07-01,ST006,PR0001,54,19,13,60,0,14380.2
2025-07-01,ST006,PR0002,51,31,14,68,0,15795.72
2025-07-01,ST006,PR0003,18,43,0,61,0,19018.58
2025-07-01,ST006,PR0004,45,15,4,56,0,19928.72
2025-07-01,ST006,PR0005,7,0,7,0,10,0.0
2025-07-01,ST006,PR0006,28,36,6,58,0,31748.04
2025-07-01,ST006,PR0007,10,39,44,5,0,3278.1
2025-07-01,ST006,PR0008,48,8,33,23,0,12110.88
2025-07-01,ST006,PR0009,57,42,9,90,0,59654.7
2025-07-01,ST006,PR0010,38,51,42,47,0,28484.82
2025-07-01,ST006,PR0011,44,27,13,58,0,41228.14
2025-07-01,ST006,PR0012,14,41,42,13,0,11130.6
2025-07-01,ST006,PR0013,54,48,26,76,0,56610.12
2025-07-01,ST006,PR0014,31,52,35,48,0,7229.76
2025-07-01,ST006,PR0015,40,3,36,7,0,1684.13
2025-07-01,ST006,PR0016,9,36,30,15,0,4340.4
2025-07-01,ST006,PR0017,39,54,17,76,0,23148.84
2025-07-01,ST006,PR0018,38,30,15,53,0,21844.48
2025-07-01,ST006,PR0019,26,8,20,14,0,7137.48
2025-07-01,ST006,PR0020,62,43,31,74,0,30697.42
2025-07-01,ST006,PR0021,7,40,7,40,0,25465.6
2025-07-01,ST006,PR0022,57,22,18,61,0,41134.74
2025-07-01,ST006,PR0023,29,7,29,7,0,4489.03
2025-07-01,ST006,PR0024,24,33,57,0,2,0.0
2025-07-01,ST006,PR0025,11,45,12,44,0,41278.6
2025-07-01,ST006,PR0026,22,15,10,27,0,21614.58
2025-07-01,ST006,PR0027,12,28,40,0,6,0.0
2025-07-01,ST006,PR0028,50,53,26,77,0,11080.3
2025-07-01,ST006,PR0029,31,44,13,62,0,15991.66
2025-07-01,ST006,PR0030,19,54,8,65,0,19228.3
2025-07-01,ST006,PR0031,4,15,5,14,0,5346.6
2025-07-01,ST006,PR0032,41,26,10,57,0,24724.32
2025-07-01,ST006,PR0033,5,42,24,23,0,10621.4
2025-07-01,ST006,PR0034,47,28,28,47,0,28482.0
2025-07-01,ST006,PR0035,46,54,34,66,0,35820.18
2025-07-01,ST006,PR0036,23,23,46,0,2,0.0
2025-07-01,ST006,PR0037,45,44,24,65,0,50070.8
2025-07-01,ST006,PR0038,28,22,23,27,0,20906.1
2025-07-01,ST006,PR0039,6,1,7,0,6,0.0
2025-07-01,ST006,PR0040,35,12,30,17,0,14958.98
2025-07-01,ST006,PR0041,32,12,31,13,0,12784.07
2025-07-01,ST006,PR0042,60,9,33,36,0,5059.8
2025-07-01,ST006,PR0043,19,52,32,39,0,7938.06
2025-07-01,ST006,PR0044,34,39,34,39,0,10191.09
2025-07-01,ST006,PR0045,57,25,22,60,0,17163.0
2025-07-01,ST006,PR0046,28,34,24,38,0,13578.92
2025-07-01,ST006,PR0047,16,55,9,62,0,23887.98
2025-07-01,ST006,PR0048,26,3,29,0,7,0.0
2025-07-01,ST006,PR0049,20,34,44,10,0,5992.5
2025-07-01,ST006,PR0050,5,50,41,14,0,8312.5
2025-07-01,ST006,PR0051,53,20,19,54,0,35056.26
2025-07-01,ST006,PR0052,31,38,28,41,0,26953.81
2025-07-01,ST006,PR0053,63,40,16,87,0,63136.77
2025-07-01,ST006,PR0054,9,28,22,15,0,14976.45
2025-07-01,ST006,PR0055,37,5,37,5,0,4817.55
2025-07-01,ST006,PR0056,38,0,27,11,0,1953.71
2025-07-01,ST006,PR0057,65,54,17,102,0,20253.12
2025-07-01,ST006,PR0058,16,40,23,33,0,10216.14
2025-07-01,ST006,PR0059,12,37,26,23,0,6832.61
2025-07-01,ST006,PR0060,19,43,3,59,0,22413.51
2025-07-01,ST007,PR0001,23,51,11,63,0,15099.21
2025-07-01,ST007,PR0002,14,31,24,21,0,4878.09
2025-07-01,ST007,PR0003,8,49,21,36,0,11224.08
2025-07-01,ST007,PR0004,31,42,34,39,0,13878.93
2025-07-01,ST007,PR0005,39,51,27,63,0,31311.0
2025-07-01,ST007,PR0006,32,8,18,22,0,12042.36
2025-07-01,ST007,PR0007,21,35,17,39,0,25569.18
2025-07-01,ST007,PR0008,32,41,9,64,0,33699.84
2025-07-01,ST007,PR0009,56,18,22,52,0,34467.16
2025-07-01,ST007,PR0010,53,45,8,90,0,54545.4
2025-07-01,ST007,PR0011,60,13,9,64,0,45493.12
2025-07-01,ST007,PR0012,36,50,15,71,0,60790.2
2025-07-01,ST007,PR0013,35,30,20,45,0,33519.15
2025-07-01,ST007,PR0014,39,21,7,53,0,7982.86
2025-07-01,ST007,PR0015,32,19,51,0,10,0.0
2025-07-01,ST007,PR0016,29,30,11,48,0,13889.28
2025-07-01,ST007,PR0017,45,45,40,50,0,15229.5
2025-07-01,ST007,PR0018,18,29,36,11,0,4533.76
2025-07-01,ST007,PR0019,4,55,3,56,0,28549.92
2025-07-01,ST007,PR0020,4,18,11,11,0,4563.13
2025-07-01,ST007,PR0021,42,23,7,58,0,36925.12
2025-07-01,ST007,PR0022,39,21,45,15,0,10115.1
2025-07-01,ST007,PR0023,19,7,26,0,8,0.0
2025-07-01,ST007,PR0024,15,37,46,6,0,3851.82
2025-07-01,ST007,PR0025,58,25,19,64,0,60041.6
2025-07-01,ST007,PR0026,14,19,21,12,0,9606.48
2025-07-01,ST007,PR0027,7,1,8,0,11,0.0
2025-07-01,ST007,PR0028,34,3,0,37,0,5324.3
2025-07-01,ST007,PR0029,65,5,30,40,0,10317.2
2025-07-01,ST007,PR0030,44,28,35,37,0,10945.34
2025-07-01,ST007,PR0031,56,22,18,60,0,22914.0
2025-07-01,ST007,PR0032,46,33,40,39,0,16916.64
2025-07-01,ST007,PR0033,49,55,21,83,0,38329.4
2025-07-01,ST007,PR0034,13,30,43,0,8,0.0
2025-07-01,ST007,PR0035,19,7,1,25,0,13568.25
2025-07-01,ST007,PR0036,32,2,22,12,0,7668.12
2025-07-01,ST007,PR0037,21,42,39,24,0,18487.68
2025-07-01,ST007,PR0038,53,34,12,75,0,58072.5
2025-07-01,ST007,PR0039,37,14,20,31,0,28171.56
2025-07-01,ST007,PR0040,27,32,25,34,0,29917.96
2025-07-01,ST007,PR0041,53,28,7,74,0,72770.86
2025-07-01,ST007,PR0042,5,14,7,12,0,1686.6
2025-07-01,ST007,PR0043,26,0,21,5,0,1017.7
2025-07-01,ST007,PR0044,52,24,25,51,0,13326.81
2025-07-01,ST007,PR0045,26,22,8,40,0,11442.0
2025-07-01,ST007,PR0046,5,53,7,51,0,18224.34
2025-07-01,ST007,PR0047,33,0,25,8,0,3082.32
2025-07-01,ST007,PR0048,64,36,19,81,0,37950.12
2025-07-01,ST007,PR0049,19,33,10,42,0,25168.5
2025-07-01,ST007,PR0050,15,5,20,0,12,0.0
2025-07-01,ST007,PR0051,60,18,35,43,0,27915.17
2025-07-01,ST007,PR0052,30,17,22,25,0,16435.25
2025-07-01,ST007,PR0053,46,38,33,51,0,37011.21
2025-07-01,ST007,PR0054,40,22,15,47,0,46926.21
2025-07-01,ST007,PR0055,16,54,15,55,0,52993.05
2025-07-01,ST007,PR0056,50,22,24,48,0,8525.28
2025-07-01,ST007,PR0057,28,29,17,40,0,7942.4
2025-07-01,ST007,PR0058,57,22,36,43,0,13311.94
2025-07-01,ST007,PR0059,57,21,3,75,0,22280.25
2025-07-01,ST007,PR0060,48,23,5,66,0,25072.74
2025-07-01,ST008,PR0001,20,2,16,6,0,1438.02
2025-07-01,ST008,PR0002,29,48,37,40,0,9291.6
2025-07-01,ST008,PR0003,7,28,4,31,0,9665.18
2025-07-01,ST008,PR0004,22,7,2,27,0,9608.49
2025-07-01,ST008,PR0005,7,45,28,24,0,11928.0
2025-07-01,ST008,PR0006,15,0,0,15,0,8210.7
2025-07-01,ST008,PR0007,16,43,4,55,0,36059.1
2025-07-01,ST008,PR0008,64,41,16,89,0,46863.84
2025-07-01,ST008,PR0009,27,39,23,43,0,28501.69
2025-07-01,ST008,PR0010,25,52,36,41,0,24848.46
2025-07-01,ST008,PR0011,5,13,18,0,8,0.0
2025-07-01,ST008,PR0012,61,52,5,108,0,92469.6
2025-07-01,ST008,PR0013,8,4,12,0,12,0.0
2025-07-01,ST008,PR0014,29,37,6,60,0,9037.2
2025-07-01,ST008,PR0015,60,22,28,54,0,12991.86
2025-07-01,ST008,PR0016,47,32,38,41,0,11863.76
2025-07-01,ST008,PR0017,53,22,24,51,0,15534.09
2025-07-01,ST008,PR0018,62,43,2,103,0,42452.48
2025-07-01,ST008,PR0019,34,3,0,37,0,18863.34
2025-07-01,ST008,PR0020,45,11,15,41,0,17008.03
2025-07-01,ST008,PR0021,5,3,8,0,5,0.0
2025-07-01,ST008,PR0022,5,50,17,38,0,25624.92
2025-07-01,ST008,PR0023,39,12,15,36,0,23086.44
2025-07-01,ST008,PR0024,5,25,30,0,12,0.0
2025-07-01,ST008,PR0025,38,16,25,29,0,27206.35
2025-07-01,ST008,PR0026,12,29,19,22,0,17611.88
2025-07-01,ST008,PR0027,9,8,11,6,0,4609.02
2025-07-01,ST008,PR0028,43,55,18,80,0,11512.0
2025-07-01,ST008,PR0029,51,27,30,48,0,12380.64
2025-07-01,ST008,PR0030,25,55,26,54,0,15974.28
2025-07-01,ST008,PR0031,39,11,34,16,0,6110.4
2025-07-01,ST008,PR0032,34,45,26,53,0,22989.28
2025-07-01,ST008,PR0033,44,42,37,49,0,22628.2
2025-07-01,ST008,PR0034,14,37,17,34,0,20604.0
2025-07-01,ST008,PR0035,20,11,7,24,0,13025.52
2025-07-01,ST008,PR0036,49,42,19,72,0,46008.72
2025-07-01,ST008,PR0037,15,43,31,27,0,20798.64
2025-07-01,ST008,PR0038,59,9,24,44,0,34069.2
2025-07-01,ST008,PR0039,28,37,16,49,0,44529.24
2025-07-01,ST008,PR0040,13,20,31,2,5,1759.88
2025-07-01,ST008,PR0041,44,26,21,49,0,48186.11
2025-07-01,ST008,PR0042,34,31,18,47,0,6605.85
2025-07-01,ST008,PR0043,43,34,22,55,0,11194.7
2025-07-01,ST008,PR0044,36,50,27,59,0,15417.29
2025-07-01,ST008,PR0045,48,31,19,60,0,17163.0
2025-07-01,ST008,PR0046,62,37,43,56,0,20011.04
2025-07-01,ST008,PR0047,48,55,21,82,0,31593.78
2025-07-01,ST008,PR0048,65,6,18,53,0,24831.56
2025-07-01,ST008,PR0049,29,33,27,35,0,20973.75
2025-07-01,ST008,PR0050,13,31,44,0,9,0.0
2025-07-01,ST008,PR0051,54,51,24,81,0,52584.39
2025-07-01,ST008,PR0052,42,8,31,19,0,12490.79
2025-07-01,ST008,PR0053,64,17,21,60,0,43542.6
2025-07-01,ST008,PR0054,19,19,7,31,0,30951.33
2025-07-01,ST008,PR0055,41,22,25,38,0,36613.38
2025-07-01,ST008,PR0056,6,23,29,0,10,0.0
2025-07-01,ST008,PR0057,37,29,14,52,0,10325.12
2025-07-01,ST008,PR0058,50,40,47,43,0,13311.94
2025-07-01,ST008,PR0059,65,17,24,58,0,17230.06
2025-07-01,ST008,PR0060,48,14,0,62,0,23553.18
2025-07-01,ST009,PR0001,42,52,6,88,0,21090.96
2025-07-01,ST009,PR0002,52,33,35,50,0,11614.5
2025-07-01,ST009,PR0003,48,10,17,41,0,12782.98
2025-07-01,ST009,PR0004,33,2,33,2,9,711.74
2025-07-01,ST009,PR0005,40,26,28,38,0,18886.0
2025-07-01,ST009,PR0006,12,9,21,0,12,0.0
2025-07-01,ST009,PR0007,34,1,34,1,6,655.62
2025-07-01,ST009,PR0008,19,8,27,0,10,0.0
2025-07-01,ST009,PR0009,36,25,22,39,0,25850.37
2025-07-01,ST009,PR0010,11,42,11,42,0,25454.52
2025-07-01,ST009,PR0011,7,46,13,40,0,28433.2
2025-07-01,ST009,PR0012,23,21,13,31,0,26542.2
2025-07-01,ST009,PR0013,52,25,25,52,0,38733.24
2025-07-01,ST009,PR0014,19,8,15,12,0,1807.44
2025-07-01,ST009,PR0015,61,12,3,70,0,16841.3
2025-07-01,ST009,PR0016,38,42,16,64,0,18519.04
2025-07-01,ST009,PR0017,27,7,32,2,3,609.18
2025-07-01,ST009,PR0018,60,35,21,74,0,30499.84
2025-07-01,ST009,PR0019,37,10,0,47,0,23961.54
2025-07-01,ST009,PR0020,25,47,52,20,0,8296.6
2025-07-01,ST009,PR0021,14,22,9,27,0,17189.28
2025-07-01,ST009,PR0022,48,34,14,68,0,45855.12
2025-07-01,ST009,PR0023,32,36,24,44,0,28216.76
2025-07-01,ST009,PR0024,56,8,26,38,0,24394.86
2025-07-01,ST009,PR0025,33,48,14,67,0,62856.05
2025-07-01,ST009,PR0026,54,45,12,87,0,69646.98
2025-07-01,ST009,PR0027,18,4,22,0,11,0.0
2025-07-01,ST009,PR0028,45,19,36,28,0,4029.2
2025-07-01,ST009,PR0029,4,12,16,0,7,0.0
2025-07-01,ST009,PR0030,55,51,21,85,0,25144.7
2025-07-01,ST009,PR0031,41,20,24,37,0,14130.3
2025-07-01,ST009,PR0032,31,51,15,67,0,29061.92
2025-07-01,ST009,PR0033,24,55,31,48,0,22166.4
2025-07-01,ST009,PR0034,51,1,21,31,0,18786.0
2025-07-01,ST009,PR0035,25,24,17,32,0,17367.36
2025-07-01,ST009,PR0036,25,21,17,29,0,18531.29
2025-07-01,ST009,PR0037,32,33,26,39,0,30042.48
2025-07-01,ST009,PR0038,31,5,13,23,0,17808.9
2025-07-01,ST009,PR0039,28,51,27,52,0,47255.52
2025-07-01,ST009,PR0040,12,49,24,37,0,32557.78
2025-07-01,ST009,PR0041,26,23,19,30,0,29501.7
2025-07-01,ST009,PR0042,19,51,26,44,0,6184.2
2025-07-01,ST009,PR0043,48,34,38,44,0,8955.76
2025-07-01,ST009,PR0044,23,40,16,47,0,12281.57
2025-07-01,ST009,PR0045,65,40,27,78,0,22311.9
2025-07-01,ST009,PR0046,9,3,12,0,2,0.0
2025-07-01,ST009,PR0047,57,44,48,53,0,20420.37
2025-07-01,ST009,PR0048,10,33,31,12,0,5622.24
2025-07-01,ST009,PR0049,28,24,9,43,0,25767.75
2025-07-01,ST009,PR0050,54,17,31,40,0,23750.0
2025-07-01,ST009,PR0051,37,19,28,28,0,18177.32
2025-07-01,ST009,PR0052,51,23,23,51,0,33527.91
2025-07-01,ST009,PR0053,11,32,17,26,0,18868.46
2025-07-01,ST009,PR0054,63,11,15,59,0,58907.37
2025-07-01,ST009,PR0055,59,13,19,53,0,51066.03
2025-07-01,ST009,PR0056,35,52,2,85,0,15096.85
2025-07-01,ST009,PR0057,10,32,27,15,0,2978.4
2025-07-01,ST009,PR0058,58,51,16,93,0,28790.94
2025-07-01,ST009,PR0059,39,37,18,58,0,17230.06
2025-07-01,ST009,PR0060,31,18,0,49,0,18614.61
2025-07-01,ST010,PR0001,37,10,24,23,0,5512.41
2025-07-01,ST010,PR0002,31,7,38,0,9,0.0
2025-07-01,ST010,PR0003,28,12,8,32,0,9976.96
2025-07-01,ST010,PR0004,11,3,14,0,4,0.0
2025-07-01,ST010,PR0005,52,36,33,55,0,27335.0
2025-07-01,ST010,PR0006,45,12,22,35,0,19158.3
2025-07-01,ST010,PR0007,39,53,25,67,0,43926.54
2025-07-01,ST010,PR0008,6,44,10,40,0,21062.4
2025-07-01,ST010,PR0009,30,24,17,37,0,24524.71
2025-07-01,ST010,PR0010,51,39,26,64,0,38787.84
2025-07-01,ST010,PR0011,22,47,22,47,0,33409.01
2025-07-01,ST010,PR0012,56,15,16,55,0,47091.0
2025-07-01,ST010,PR0013,43,52,26,69,0,51396.03
2025-07-01,ST010,PR0014,64,38,26,76,0,11447.12
2025-07-01,ST010,PR0015,4,53,9,48,0,11548.32
2025-07-01,ST010,PR0016,21,50,21,50,0,14468.0
2025-07-01,ST010,PR0017,57,35,18,74,0,22539.66
2025-07-01,ST010,PR0018,47,18,16,49,0,20195.84
2025-07-01,ST010,PR0019,23,36,32,27,0,13765.14
2025-07-01,ST010,PR0020,9,45,9,45,0,18667.35
2025-07-01,ST010,PR0021,61,55,2,114,0,72576.96
2025-07-01,ST010,PR0022,24,18,0,42,0,28322.28
2025-07-01,ST010,PR0023,20,14,14,20,0,12825.8
2025-07-01,ST010,PR0024,38,28,15,51,0,32740.47
2025-07-01,ST010,PR0025,26,40,29,37,0,34711.55
2025-07-01,ST010,PR0026,4,26,30,0,10,0.0
2025-07-01,ST010,PR0027,42,50,19,73,0,56076.41
2025-07-01,ST010,PR0028,41,7,9,39,0,5612.1
2025-07-01,ST010,PR0029,28,48,15,61,0,15733.73
2025-07-01,ST010,PR0030,64,44,34,74,0,21890.68
2025-07-01,ST010,PR0031,58,23,14,67,0,25587.3
2025-07-01,ST010,PR0032,50,49,27,72,0,31230.72
2025-07-01,ST010,PR0033,24,50,22,52,0,24013.6
2025-07-01,ST010,PR0034,15,46,36,25,0,15150.0
2025-07-01,ST010,PR0035,63,4,22,45,0,24422.85
2025-07-01,ST010,PR0036,23,50,5,68,0,43452.68
2025-07-01,ST010,PR0037,49,42,29,62,0,47759.84
2025-07-01,ST010,PR0038,23,25,17,31,0,24003.3
2025-07-01,ST010,PR0039,11,3,0,14,0,12722.64
2025-07-01,ST010,PR0040,9,34,27,16,0,14079.04
2025-07-01,ST010,PR0041,21,7,18,10,0,9833.9
2025-07-01,ST010,PR0042,42,21,28,35,0,4919.25
2025-07-01,ST010,PR0043,10,49,0,59,0,12008.86
2025-07-01,ST010,PR0044,10,39,44,5,0,1306.55
2025-07-01,ST010,PR0045,49,36,11,74,0,21167.7
2025-07-01,ST010,PR0046,21,50,12,59,0,21083.06
2025-07-01,ST010,PR0047,57,26,27,56,0,21576.24
2025-07-01,ST010,PR0048,53,10,2,61,0,28579.72
2025-07-01,ST010,PR0049,21,9,30,0,5,0.0
2025-07-01,ST010,PR0050,21,23,18,26,0,15437.5
2025-07-01,ST010,PR0051,64,12,38,38,0,24669.22
2025-07-01,ST010,PR0052,15,27,9,33,0,21694.53
2025-07-01,ST010,PR0053,63,55,28,90,0,65313.9
2025-07-01,ST010,PR0054,47,14,36,25,0,24960.75
2025-07-01,ST010,PR0055,49,50,2,97,0,93460.47
2025-07-01,ST010,PR0056,7,48,22,33,0,5861.13
2025-07-01,ST010,PR0057,21,43,24,40,0,7942.4
2025-07-01,ST010,PR0058,42,47,25,64,0,19813.12
2025-07-01,ST010,PR0059,61,7,1,67,0,19903.69
2025-07-01,ST010,PR0060,56,12,28,40,0,15195.6
2025-07-01,ST011,PR0001,51,41,28,64,0,15338.88
2025-07-01,ST011,PR0002,20,23,25,18,0,4181.22
2025-07-01,ST011,PR0003,30,10,1,39,0,12159.42
2025-07-01,ST011,PR0004,20,53,27,46,0,16370.02
2025-07-01,ST011,PR0005,38,6,22,22,0,10934.0
2025-07-01,ST011,PR0006,18,17,0,35,0,19158.3
2025-07-01,ST011,PR0007,48,15,23,40,0,26224.8
2025-07-01,ST011,PR0008,42,51,19,74,0,38965.44
2025-07-01,ST011,PR0009,36,11,2,45,0,29827.35
2025-07-01,ST011,PR0010,61,54,36,79,0,47878.74
2025-07-01,ST011,PR0011,15,19,8,26,0,18481.58
2025-07-01,ST011,PR0012,27,50,5,72,0,61646.4
2025-07-01,ST011,PR0013,15,26,41,0,3,0.0
2025-07-01,ST011,PR0014,61,48,30,79,0,11898.98
2025-07-01,ST011,PR0015,20,12,32,0,12,0.0
2025-07-01,ST011,PR0016,19,1,20,0,5,0.0
2025-07-01,ST011,PR0017,6,10,16,0,9,0.0
2025-07-01,ST011,PR0018,16,19,2,33,0,13601.28
2025-07-01,ST011,PR0019,41,29,15,55,0,28040.1
2025-07-01,ST011,PR0020,60,47,7,100,0,41483.0
2025-07-01,ST011,PR0021,64,17,15,66,0,42018.24
2025-07-01,ST011,PR0022,32,23,37,18,0,12138.12
2025-07-01,ST011,PR0023,8,31,5,34,0,21803.86
2025-07-01,ST011,PR0024,7,44,19,32,0,20543.04
2025-07-01,ST011,PR0025,9,48,18,39,0,36587.85
2025-07-01,ST011,PR0026,48,42,24,66,0,52835.64
2025-07-01,ST011,PR0027,20,5,21,4,0,3072.68
2025-07-01,ST011,PR0028,34,13,25,22,0,3165.8
2025-07-01,ST011,PR0029,48,11,4,55,0,14186.15
2025-07-01,ST011,PR0030,29,44,0,73,0,21594.86
2025-07-01,ST011,PR0031,12,6,18,0,11,0.0
2025-07-01,ST011,PR0032,18,20,25,13,0,5638.88
2025-07-01,ST011,PR0033,26,40,26,40,0,18472.0
2025-07-01,ST011,PR0034,4,5,9,0,10,0.0
2025-07-01,ST011,PR0035,10,41,24,27,0,14653.71
2025-07-01,ST011,PR0036,28,40,14,54,0,34506.54
2025-07-01,ST011,PR0037,14,4,18,0,2,0.0
2025-07-01,ST011,PR0038,46,29,18,57,0,44135.1
2025-07-01,ST011,PR0039,41,42,13,70,0,63613.2
2025-07-01,ST011,PR0040,61,53,8,106,0,93273.64
2025-07-01,ST011,PR0041,51,17,18,50,0,49169.5
2025-07-01,ST011,PR0042,39,28,21,46,0,6465.3
2025-07-01,ST011,PR0043,4,54,7,51,0,10380.54
2025-07-01,ST011,PR0044,59,11,23,47,0,12281.57
2025-07-01,ST011,PR0045,12,55,35,32,0,9153.6
2025-07-01,ST011,PR0046,38,38,21,55,0,19653.7
2025-07-01,ST011,PR0047,56,2,25,33,0,12714.57
2025-07-01,ST011,PR0048,29,54,21,62,0,29048.24
2025-07-01,ST011,PR0049,65,49,19,95,0,56928.75
2025-07-01,ST011,PR0050,5,41,15,31,0,18406.25
2025-07-01,ST011,PR0051,18,11,29,0,8,0.0
2025-07-01,ST011,PR0052,16,52,19,49,0,32213.09
2025-07-01,ST011,PR0053,17,23,36,4,0,2902.84
2025-07-01,ST011,PR0054,29,42,32,39,0,38938.77
2025-07-01,ST011,PR0055,65,54,17,102,0,98278.02
2025-07-01,ST011,PR0056,39,22,9,52,0,9235.72
2025-07-01,ST011,PR0057,58,22,30,50,0,9928.0
2025-07-01,ST011,PR0058,34,8,32,10,0,3095.8
2025-07-01,ST011,PR0059,40,30,32,38,0,11288.66
2025-07-01,ST011,PR0060,49,27,31,45,0,17095.05
2025-07-01,ST012,PR0001,15,3,10,8,0,1917.36
2025-07-01,ST012,PR0002,28,19,23,24,0,5574.96
2025-07-01,ST012,PR0003,63,17,37,43,0,13406.54
2025-07-01,ST012,PR0004,64,27,16,75,0,26690.25
2025-07-01,ST012,PR0005,29,7,17,19,0,9443.0
2025-07-01,ST012,PR0006,21,52,34,39,0,21347.82
2025-07-01,ST012,PR0007,4,25,21,8,0,5244.96
2025-07-01,ST012,PR0008,30,45,19,56,0,29487.36
2025-07-01,ST012,PR0009,54,9,22,41,0,27176.03
2025-07-01,ST012,PR0010,39,48,36,51,0,30909.06
2025-07-01,ST012,PR0011,55,1,9,47,0,33409.01
2025-07-01,ST012,PR0012,37,49,22,64,0,54796.8
2025-07-01,ST012,PR0013,10,29,14,25,0,18621.75
2025-07-01,ST012,PR0014,52,19,16,55,0,8284.1
2025-07-01,ST012,PR0015,40,6,1,45,0,10826.55
2025-07-01,ST012,PR0016,56,41,6,91,0,26331.76
2025-07-01,ST012,PR0017,26,8,9,25,0,7614.75
2025-07-01,ST012,PR0018,63,43,48,58,0,23905.28
2025-07-01,ST012,PR0019,25,16,16,25,0,12745.5
2025-07-01,ST012,PR0020,7,52,0,59,0,24474.97
2025-07-01,ST012,PR0021,37,9,17,29,0,18462.56
2025-07-01,ST012,PR0022,27,23,19,31,0,20904.54
2025-07-01,ST012,PR0023,33,12,32,13,0,8336.77
2025-07-01,ST012,PR0024,47,22,17,52,0,33382.44
2025-07-01,ST012,PR0025,26,4,0,30,0,28144.5
2025-07-01,ST012,PR0026,51,47,26,72,0,57638.88
2025-07-01,ST012,PR0027,33,42,30,45,0,34567.65
2025-07-01,ST012,PR0028,58,9,33,34,0,4892.6
2025-07-01,ST012,PR0029,12,31,17,26,0,6706.18
2025-07-01,ST012,PR0030,56,40,22,74,0,21890.68
2025-07-01,ST012,PR0031,50,29,23,56,0,21386.4
2025-07-01,ST012,PR0032,29,45,6,68,0,29495.68
2025-07-01,ST012,PR0033,59,44,34,69,0,31864.2
2025-07-01,ST012,PR0034,52,26,18,60,0,36360.0
2025-07-01,ST012,PR0035,44,16,18,42,0,22794.66
2025-07-01,ST012,PR0036,43,16,33,26,0,16614.26
2025-07-01,ST012,PR0037,7,32,2,37,0,28501.84
2025-07-01,ST012,PR0038,7,35,26,16,0,12388.8
2025-07-01,ST012,PR0039,50,2,14,38,0,34532.88
2025-07-01,ST012,PR0040,11,46,20,37,0,32557.78
2025-07-01,ST012,PR0041,33,53,39,47,0,46219.33
2025-07-01,ST012,PR0042,6,3,0,9,0,1264.95
2025-07-01,ST012,PR0043,21,30,41,10,0,2035.4
2025-07-01,ST012,PR0044,16,36,42,10,0,2613.1
2025-07-01,ST012,PR0045,34,39,12,61,0,17449.05
2025-07-01,ST012,PR0046,16,46,21,41,0,14650.94
2025-07-01,ST012,PR0047,58,29,5,82,0,31593.78
2025-07-01,ST012,PR0048,41,26,7,60,0,28111.2
2025-07-01,ST012,PR0049,35,22,0,57,0,34157.25
2025-07-01,ST012,PR0050,24,15,38,1,7,593.75
2025-07-01,ST012,PR0051,58,6,23,41,0,26616.79
2025-07-01,ST012,PR0052,21,30,32,19,0,12490.79
2025-07-01,ST012,PR0053,30,45,14,61,0,44268.31
2025-07-01,ST012,PR0054,40,51,0,91,0,90857.13
2025-07-01,ST012,PR0055,58,0,1,57,0,54920.07
2025-07-01,ST012,PR0056,29,17,25,21,0,3729.81
2025-07-01,ST012,PR0057,29,54,18,65,0,12906.4
2025-07-01,ST012,PR0058,44,42,0,86,0,26623.88
2025-07-01,ST012,PR0059,41,4,15,30,0,8912.1
2025-07-01,ST012,PR0060,31,22,4,49,0,18614.61
2025-07-01,ST013,PR0001,42,52,20,74,0,17735.58
2025-07-01,ST013,PR0002,35,39,25,49,0,11382.21
2025-07-01,ST013,PR0003,50,20,34,36,0,11224.08
2025-07-01,ST013,PR0004,13,24,4,33,0,11743.71
2025-07-01,ST013,PR0005,30,2,6,26,0,12922.0
2025-07-01,ST013,PR0006,18,23,11,30,0,16421.4
2025-07-01,ST013,PR0007,7,26,14,19,0,12456.78
2025-07-01,ST013,PR0008,18,7,7,18,0,9478.08
2025-07-01,ST013,PR0009,18,11,27,2,6,1325.66
2025-07-01,ST013,PR0010,23,48,28,43,0,26060.58
2025-07-01,ST013,PR0011,4,45,20,29,0,20614.07
2025-07-01,ST013,PR0012,21,15,20,16,0,13699.2
2025-07-01,ST013,PR0013,40,44,2,82,0,61079.34
2025-07-01,ST013,PR0014,33,6,19,20,0,3012.4
2025-07-01,ST013,PR0015,10,39,27,22,0,5292.98
2025-07-01,ST013,PR0016,38,23,30,31,0,8970.16
2025-07-01,ST013,PR0017,61,39,40,60,0,18275.4
2025-07-01,ST013,PR0018,40,18,41,17,0,7006.72
2025-07-01,ST013,PR0019,6,11,5,12,0,6117.84
2025-07-01,ST013,PR0020,28,39,19,48,0,19911.84
2025-07-01,ST013,PR0021,48,32,20,60,0,38198.4
2025-07-01,ST013,PR0022,55,50,29,76,0,51249.84
2025-07-01,ST013,PR0023,39,50,47,42,0,26934.18
2025-07-01,ST013,PR0024,55,50,37,68,0,43653.96
2025-07-01,ST013,PR0025,38,6,10,34,0,31897.1
2025-07-01,ST013,PR0026,25,54,25,54,0,43229.16
2025-07-01,ST013,PR0027,36,29,26,39,0,29958.63
2025-07-01,ST013,PR0028,61,6,34,33,0,4748.7
2025-07-01,ST013,PR0029,22,41,44,19,0,4900.67
2025-07-01,ST013,PR0030,18,10,20,8,0,2366.56
2025-07-01,ST013,PR0031,25,44,0,69,0,26351.1
2025-07-01,ST013,PR0032,33,36,47,22,0,9542.72
2025-07-01,ST013,PR0033,31,10,10,31,0,14315.8
2025-07-01,ST013,PR0034,20,25,21,24,0,14544.0
2025-07-01,ST013,PR0035,25,44,38,31,0,16824.63
2025-07-01,ST013,PR0036,22,50,19,53,0,33867.53
2025-07-01,ST013,PR0037,49,29,10,68,0,52381.76
2025-07-01,ST013,PR0038,4,33,23,14,0,10840.2
2025-07-01,ST013,PR0039,29,10,16,23,0,20901.48
2025-07-01,ST013,PR0040,55,2,24,33,0,29038.02
2025-07-01,ST013,PR0041,23,19,11,31,0,30485.09
2025-07-01,ST013,PR0042,4,10,14,0,3,0.0
2025-07-01,ST013,PR0043,24,16,17,23,0,4681.42
2025-07-01,ST013,PR0044,6,35,29,12,0,3135.72
2025-07-01,ST013,PR0045,41,9,33,17,0,4862.85
2025-07-01,ST013,PR0046,51,13,6,58,0,20725.72
2025-07-01,ST013,PR0047,60,14,34,40,0,15411.6
2025-07-01,ST013,PR0048,34,6,8,32,0,14992.64
2025-07-01,ST013,PR0049,4,48,18,34,0,20374.5
2025-07-01,ST013,PR0050,63,47,25,85,0,50468.75
2025-07-01,ST013,PR0051,49,0,34,15,0,9737.85
2025-07-01,ST013,PR0052,47,1,20,28,0,18407.48
2025-07-01,ST013,PR0053,17,14,30,1,6,725.71
2025-07-01,ST013,PR0054,36,53,28,61,0,60904.23
2025-07-01,ST013,PR0055,48,52,36,64,0,61664.64
2025-07-01,ST013,PR0056,5,7,12,0,12,0.0
2025-07-01,ST013,PR0057,5,43,17,31,0,6155.36
2025-07-01,ST013,PR0058,45,16,30,31,0,9596.98
2025-07-01,ST013,PR0059,46,30,45,31,0,9209.17
2025-07-01,ST013,PR0060,21,28,37,12,0,4558.68
2025-07-01,ST014,PR0001,57,16,33,40,0,9586.8
2025-07-01,ST014,PR0002,46,25,37,34,0,7897.86
2025-07-01,ST014,PR0003,44,3,18,29,0,9041.62
2025-07-01,ST014,PR0004,9,45,20,34,0,12099.58
2025-07-01,ST014,PR0005,43,15,17,41,0,20377.0
2025-07-01,ST014,PR0006,30,40,16,54,0,29558.52
2025-07-01,ST014,PR0007,21,40,13,48,0,31469.76
2025-07-01,ST014,PR0008,39,44,0,83,0,43704.48
2025-07-01,ST014,PR0009,9,14,5,18,0,11930.94
2025-07-01,ST014,PR0010,34,26,31,29,0,17575.74
2025-07-01,ST014,PR0011,6,11,17,0,12,0.0
2025-07-01,ST014,PR0012,51,42,12,81,0,69352.2
2025-07-01,ST014,PR0013,31,1,21,11,0,8193.57
2025-07-01,ST014,PR0014,10,11,21,0,9,0.0
2025-07-01,ST014,PR0015,35,40,11,64,0,15397.76
2025-07-01,ST014,PR0016,15,47,8,54,0,15625.44
2025-07-01,ST014,PR0017,59,38,15,82,0,24976.38
2025-07-01,ST014,PR0018,52,5,27,30,0,12364.8
2025-07-01,ST014,PR0019,28,8,7,29,0,14784.78
2025-07-01,ST014,PR0020,42,28,15,55,0,22815.65
2025-07-01,ST014,PR0021,15,18,26,7,0,4456.48
2025-07-01,ST014,PR0022,65,54,15,104,0,70131.36
2025-07-01,ST014,PR0023,58,21,8,71,0,45531.59
2025-07-01,ST014,PR0024,65,35,0,100,0,64197.0
2025-07-01,ST014,PR0025,23,49,35,37,0,34711.55
2025-07-01,ST014,PR0026,34,8,23,19,0,15210.26
2025-07-01,ST014,PR0027,54,26,1,79,0,60685.43
2025-07-01,ST014,PR0028,8,55,24,39,0,5612.1
2025-07-01,ST014,PR0029,36,17,37,16,0,4126.88
2025-07-01,ST014,PR0030,27,31,0,58,0,17157.56
2025-07-01,ST014,PR0031,31,42,25,48,0,18331.2
2025-07-01,ST014,PR0032,42,0,35,7,0,3036.32
2025-07-01,ST014,PR0033,9,48,11,46,0,21242.8
2025-07-01,ST014,PR0034,38,45,28,55,0,33330.0
2025-07-01,ST014,PR0035,65,42,12,95,0,51559.35
2025-07-01,ST014,PR0036,27,49,7,69,0,44091.69
2025-07-01,ST014,PR0037,41,25,15,51,0,39286.32
2025-07-01,ST014,PR0038,40,17,19,38,0,29423.4
2025-07-01,ST014,PR0039,19,1,20,0,6,0.0
2025-07-01,ST014,PR0040,63,55,25,93,0,81834.42
2025-07-01,ST014,PR0041,23,35,19,39,0,38352.21
2025-07-01,ST014,PR0042,60,33,23,70,0,9838.5
2025-07-01,ST014,PR0043,45,14,12,47,0,9566.38
2025-07-01,ST014,PR0044,64,15,23,56,0,14633.36
2025-07-01,ST014,PR0045,6,19,25,0,3,0.0
2025-07-01,ST014,PR0046,28,32,27,33,0,11792.22
2025-07-01,ST014,PR0047,61,1,31,31,0,11943.99
2025-07-01,ST014,PR0048,63,11,10,64,0,29985.28
2025-07-01,ST014,PR0049,57,36,0,93,0,55730.25
2025-07-01,ST014,PR0050,39,26,21,44,0,26125.0
2025-07-01,ST014,PR0051,44,40,20,64,0,41548.16
2025-07-01,ST014,PR0052,11,2,1,12,0,7888.92
2025-07-01,ST014,PR0053,32,26,14,44,0,31931.24
2025-07-01,ST014,PR0054,8,24,25,7,0,6989.01
2025-07-01,ST014,PR0055,9,4,13,0,11,0.0
2025-07-01,ST014,PR0056,54,46,2,98,0,17405.78
2025-07-01,ST014,PR0057,23,19,16,26,0,5162.56
2025-07-01,ST014,PR0058,27,24,24,27,0,8358.66
2025-07-01,ST014,PR0059,62,55,27,90,0,26736.3
2025-07-01,ST014,PR0060,15,6,21,0,11,0.0
2025-07-01,ST015,PR0001,28,46,0,74,0,17735.58
2025-07-01,ST015,PR0002,45,0,18,27,0,6271.83
2025-07-01,ST015,PR0003,51,6,26,31,0,9665.18
2025-07-01,ST015,PR0004,42,15,8,49,0,17437.63
2025-07-01,ST015,PR0005,46,40,9,77,0,38269.0
2025-07-01,ST015,PR0006,55,29,28,56,0,30653.28
2025-07-01,ST015,PR0007,33,14,47,0,12,0.0
2025-07-01,ST015,PR0008,31,0,11,20,0,10531.2
2025-07-01,ST015,PR0009,5,5,10,0,4,0.0
2025-07-01,ST015,PR0010,37,48,15,70,0,42424.2
2025-07-01,ST015,PR0011,9,48,31,26,0,18481.58
2025-07-01,ST015,PR0012,37,0,36,1,12,856.2
2025-07-01,ST015,PR0013,53,15,8,60,0,44692.2
2025-07-01,ST015,PR0014,52,24,24,52,0,7832.24
2025-07-01,ST015,PR0015,5,52,25,32,0,7698.88
2025-07-01,ST015,PR0016,15,14,17,12,0,3472.32
2025-07-01,ST015,PR0017,30,14,14,30,0,9137.7
2025-07-01,ST015,PR0018,50,34,19,65,0,26790.4
2025-07-01,ST015,PR0019,21,47,21,47,0,23961.54
2025-07-01,ST015,PR0020,41,16,12,45,0,18667.35
2025-07-01,ST015,PR0021,41,7,22,26,0,16552.64
2025-07-01,ST015,PR0022,37,34,29,42,0,28322.28
2025-07-01,ST015,PR0023,17,10,15,12,0,7695.48
2025-07-01,ST015,PR0024,42,51,24,69,0,44295.93
2025-07-01,ST015,PR0025,53,21,9,65,0,60979.75
2025-07-01,ST015,PR0026,47,18,18,47,0,37625.38
2025-07-01,ST015,PR0027,62,2,41,23,0,17667.91
2025-07-01,ST015,PR0028,33,38,24,47,0,6763.3
2025-07-01,ST015,PR0029,31,7,15,23,0,5932.39
2025-07-01,ST015,PR0030,19,9,28,0,12,0.0
2025-07-01,ST015,PR0031,22,12,2,32,0,12220.8
2025-07-01,ST015,PR0032,5,34,8,31,0,13446.56
2025-07-01,ST015,PR0033,53,33,19,67,0,30940.6
2025-07-01,ST015,PR0034,45,28,17,56,0,33936.0
2025-07-01,ST015,PR0035,13,28,19,22,0,11940.06
2025-07-01,ST015,PR0036,14,38,23,29,0,18531.29
2025-07-01,ST015,PR0037,38,20,8,50,0,38516.0
2025-07-01,ST015,PR0038,45,55,18,82,0,63492.6
2025-07-01,ST015,PR0039,43,38,19,62,0,56343.12
2025-07-01,ST015,PR0040,54,28,11,71,0,62475.74
2025-07-01,ST015,PR0041,49,38,22,65,0,63920.35
2025-07-01,ST015,PR0042,30,8,11,27,0,3794.85
2025-07-01,ST015,PR0043,60,16,19,57,0,11601.78
2025-07-01,ST015,PR0044,55,25,21,59,0,15417.29
2025-07-01,ST015,PR0045,39,30,6,63,0,18021.15
2025-07-01,ST015,PR0046,52,24,15,61,0,21797.74
2025-07-01,ST015,PR0047,61,49,14,96,0,36987.84
2025-07-01,ST015,PR0048,52,17,3,66,0,30922.32
2025-07-01,ST015,PR0049,52,21,9,64,0,38352.0
2025-07-01,ST015,PR0050,49,20,9,60,0,35625.0
2025-07-01,ST015,PR0051,58,11,2,67,0,43495.73
2025-07-01,ST015,PR0052,65,48,13,100,0,65741.0
2025-07-01,ST015,PR0053,34,42,26,50,0,36285.5
2025-07-01,ST015,PR0054,14,28,26,16,0,15974.88
2025-07-01,ST015,PR0055,57,10,27,40,0,38540.4
2025-07-01,ST015,PR0056,13,18,31,0,4,0.0
2025-07-01,ST015,PR0057,60,36,20,76,0,15090.56
2025-07-01,ST015,PR0058,61,0,25,36,0,11144.88
2025-07-01,ST015,PR0059,36,42,23,55,0,16338.85
2025-07-01,ST015,PR0060,43,49,11,81,0,30771.09
2025-07-01,ST016,PR0001,32,41,14,59,0,14140.53
2025-07-01,ST016,PR0002,39,48,27,60,0,13937.4
2025-07-01,ST016,PR0003,32,32,30,34,0,10600.52
2025-07-01,ST016,PR0004,15,46,37,24,0,8540.88
2025-07-01,ST016,PR0005,16,19,34,1,8,497.0
2025-07-01,ST016,PR0006,64,44,37,71,0,38863.98
2025-07-01,ST016,PR0007,64,54,45,73,0,47860.26
2025-07-01,ST016,PR0008,63,32,11,84,0,44231.04
2025-07-01,ST016,PR0009,12,25,6,31,0,20547.73
2025-07-01,ST016,PR0010,49,49,41,57,0,34545.42
2025-07-01,ST016,PR0011,53,44,12,85,0,60420.55
2025-07-01,ST016,PR0012,24,2,26,0,3,0.0
2025-07-01,ST016,PR0013,27,14,13,28,0,20856.36
2025-07-01,ST016,PR0014,58,38,11,85,0,12802.7
2025-07-01,ST016,PR0015,7,7,14,0,6,0.0
2025-07-01,ST016,PR0016,47,48,13,82,0,23727.52
2025-07-01,ST016,PR0017,55,35,35,55,0,16752.45
2025-07-01,ST016,PR0018,55,45,16,84,0,34621.44
2025-07-01,ST016,PR0019,16,35,20,31,0,15804.42
2025-07-01,ST016,PR0020,52,53,19,86,0,35675.38
2025-07-01,ST016,PR0021,62,39,32,69,0,43928.16
2025-07-01,ST016,PR0022,31,9,21,19,0,12812.46
2025-07-01,ST016,PR0023,19,50,25,44,0,28216.76
2025-07-01,ST016,PR0024,21,49,24,46,0,29530.62
2025-07-01,ST016,PR0025,26,43,23,46,0,43154.9
2025-07-01,ST016,PR0026,61,23,3,81,0,64843.74
2025-07-01,ST016,PR0027,33,27,3,57,0,43785.69
2025-07-01,ST016,PR0028,33,24,45,12,0,1726.8
2025-07-01,ST016,PR0029,32,47,33,46,0,11864.78
2025-07-01,ST016,PR0030,43,43,9,77,0,22778.14
2025-07-01,ST016,PR0031,39,53,11,81,0,30933.9
2025-07-01,ST016,PR0032,25,50,3,72,0,31230.72
2025-07-01,ST016,PR0033,58,20,16,62,0,28631.6
2025-07-01,ST016,PR0034,17,11,16,12,0,7272.0
2025-07-01,ST016,PR0035,43,8,7,44,0,23880.12
2025-07-01,ST016,PR0036,35,39,34,40,0,25560.4
2025-07-01,ST016,PR0037,43,14,41,16,0,12325.12
2025-07-01,ST016,PR0038,48,54,8,94,0,72784.2
2025-07-01,ST016,PR0039,63,20,31,52,0,47255.52
2025-07-01,ST016,PR0040,26,46,6,66,0,58076.04
2025-07-01,ST016,PR0041,57,6,22,41,0,40318.99
2025-07-01,ST016,PR0042,61,42,35,68,0,9557.4
2025-07-01,ST016,PR0043,42,28,35,35,0,7123.9
2025-07-01,ST016,PR0044,29,49,4,74,0,19336.94
2025-07-01,ST016,PR0045,34,22,37,19,0,5434.95
2025-07-01,ST016,PR0046,59,49,12,96,0,34304.64
2025-07-01,ST016,PR0047,50,41,24,67,0,25814.43
2025-07-01,ST016,PR0048,24,5,26,3,0,1405.56
2025-07-01,ST016,PR0049,41,9,20,30,0,17977.5
2025-07-01,ST016,PR0050,15,26,21,20,0,11875.0
2025-07-01,ST016,PR0051,56,2,18,40,0,25967.6
2025-07-01,ST016,PR0052,4,23,0,27,0,17750.07
2025-07-01,ST016,PR0053,51,55,26,80,0,58056.8
2025-07-01,ST016,PR0054,59,20,16,63,0,62901.09
2025-07-01,ST016,PR0055,34,54,31,57,0,54920.07
2025-07-01,ST016,PR0056,47,22,18,51,0,9058.11
2025-07-01,ST016,PR0057,42,6,8,40,0,7942.4
2025-07-01,ST016,PR0058,24,46,31,39,0,12073.62
2025-07-01,ST016,PR0059,21,39,31,29,0,8615.03
2025-07-01,ST016,PR0060,65,14,30,49,0,18614.61
2025-07-01,ST017,PR0001,62,16,30,48,0,11504.16
2025-07-01,ST017,PR0002,11,31,20,22,0,5110.38
2025-07-01,ST017,PR0003,48,30,18,60,0,18706.8
2025-07-01,ST017,PR0004,28,21,42,7,0,2491.09
2025-07-01,ST017,PR0005,47,46,8,85,0,42245.0
2025-07-01,ST017,PR0006,37,31,36,32,0,17516.16
2025-07-01,ST017,PR0007,21,35,16,40,0,26224.8
2025-07-01,ST017,PR0008,64,0,11,53,0,27907.68
2025-07-01,ST017,PR0009,17,19,21,15,0,9942.45
2025-07-01,ST017,PR0010,20,43,17,46,0,27878.76
2025-07-01,ST017,PR0011,25,40,19,46,0,32698.18
2025-07-01,ST017,PR0012,18,24,14,28,0,23973.6
2025-07-01,ST017,PR0013,32,28,7,53,0,39478.11
2025-07-01,ST017,PR0014,29,43,28,44,0,6627.28
2025-07-01,ST017,PR0015,16,12,21,7,0,1684.13
2025-07-01,ST017,PR0016,42,20,6,56,0,16204.16
2025-07-01,ST017,PR0017,64,11,31,44,0,13401.96
2025-07-01,ST017,PR0018,4,31,0,35,0,14425.6
2025-07-01,ST017,PR0019,43,9,33,19,0,9686.58
2025-07-01,ST017,PR0020,10,21,17,14,0,5807.62
2025-07-01,ST017,PR0021,34,9,23,20,0,12732.8
2025-07-01,ST017,PR0022,5,7,12,0,5,0.0
2025-07-01,ST017,PR0023,52,51,21,82,0,52585.78
2025-07-01,ST017,PR0024,27,6,26,7,0,4493.79
2025-07-01,ST017,PR0025,14,3,16,1,8,938.15
2025-07-01,ST017,PR0026,9,12,11,10,0,8005.4
2025-07-01,ST017,PR0027,20,19,14,25,0,19204.25
2025-07-01,ST017,PR0028,58,6,9,55,0,7914.5
2025-07-01,ST017,PR0029,64,23,31,56,0,14444.08
2025-07-01,ST017,PR0030,55,28,24,59,0,17453.38
2025-07-01,ST017,PR0031,21,51,30,42,0,16039.8
2025-07-01,ST017,PR0032,22,30,28,24,0,10410.24
2025-07-01,ST017,PR0033,51,51,11,91,0,42023.8
2025-07-01,ST017,PR0034,13,21,17,17,0,10302.0
2025-07-01,ST017,PR0035,56,42,19,79,0,42875.67
2025-07-01,ST017,PR0036,58,4,18,44,0,28116.44
2025-07-01,ST017,PR0037,32,41,35,38,0,29272.16
2025-07-01,ST017,PR0038,54,6,32,28,0,21680.4
2025-07-01,ST017,PR0039,13,11,18,6,0,5452.56
2025-07-01,ST017,PR0040,9,14,23,0,8,0.0
2025-07-01,ST017,PR0041,48,3,30,21,0,20651.19
2025-07-01,ST017,PR0042,56,23,25,54,0,7589.7
2025-07-01,ST017,PR0043,31,39,34,36,0,7327.44
2025-07-01,ST017,PR0044,52,17,46,23,0,6010.13
2025-07-01,ST017,PR0045,7,53,42,18,0,5148.9
2025-07-01,ST017,PR0046,17,17,27,7,0,2501.38
2025-07-01,ST017,PR0047,4,20,24,0,7,0.0
2025-07-01,ST017,PR0048,34,25,24,35,0,16398.2
2025-07-01,ST017,PR0049,8,50,32,26,0,15580.5
2025-07-01,ST017,PR0050,52,22,23,51,0,30281.25
2025-07-01,ST017,PR0051,58,0,10,48,0,31161.12
2025-07-01,ST017,PR0052,43,15,26,32,0,21037.12
2025-07-01,ST017,PR0053,28,29,24,33,0,23948.43
2025-07-01,ST017,PR0054,16,40,46,10,0,9984.3
2025-07-01,ST017,PR0055,19,13,13,19,0,18306.69
2025-07-01,ST017,PR0056,56,10,5,61,0,10834.21
2025-07-01,ST017,PR0057,20,51,3,68,0,13502.08
2025-07-01,ST017,PR0058,40,10,11,39,0,12073.62
2025-07-01,ST017,PR0059,55,44,25,74,0,21983.18
2025-07-01,ST017,PR0060,37,3,30,10,0,3798.9
2025-07-01,ST018,PR0001,30,54,38,46,0,11024.82
2025-07-01,ST018,PR0002,19,22,26,15,0,3484.35
2025-07-01,ST018,PR0003,14,12,26,0,6,0.0
2025-07-01,ST018,PR0004,32,29,0,61,0,21708.07
2025-07-01,ST018,PR0005,39,53,25,67,0,33299.0
2025-07-01,ST018,PR0006,11,30,20,21,0,11494.98
2025-07-01,ST018,PR0007,64,23,36,51,0,33436.62
2025-07-01,ST018,PR0008,65,48,4,109,0,57395.04
2025-07-01,ST018,PR0009,53,39,47,45,0,29827.35
2025-07-01,ST018,PR0010,30,37,21,46,0,27878.76
2025-07-01,ST018,PR0011,12,6,0,18,0,12794.94
2025-07-01,ST018,PR0012,38,18,10,46,0,39385.2
2025-07-01,ST018,PR0013,5,52,20,37,0,27560.19
2025-07-01,ST018,PR0014,17,19,24,12,0,1807.44
2025-07-01,ST018,PR0015,24,0,24,0,7,0.0
2025-07-01,ST018,PR0016,40,1,0,41,0,11863.76
2025-07-01,ST018,PR0017,14,16,18,12,0,3655.08
2025-07-01,ST018,PR0018,22,20,30,12,0,4945.92
2025-07-01,ST018,PR0019,47,41,10,78,0,39765.96
2025-07-01,ST018,PR0020,26,1,25,2,11,829.66
2025-07-01,ST018,PR0021,22,36,41,17,0,10822.88
2025-07-01,ST018,PR0022,19,37,12,44,0,29670.96
2025-07-01,ST018,PR0023,42,16,37,21,0,13467.09
2025-07-01,ST018,PR0024,29,45,28,46,0,29530.62
2025-07-01,ST018,PR0025,34,47,29,52,0,48783.8
2025-07-01,ST018,PR0026,23,55,7,71,0,56838.34
2025-07-01,ST018,PR0027,23,46,11,58,0,44553.86
2025-07-01,ST018,PR0028,16,42,37,21,0,3021.9
2025-07-01,ST018,PR0029,26,32,6,52,0,13412.36
2025-07-01,ST018,PR0030,26,1,20,7,0,2070.74
2025-07-01,ST018,PR0031,65,30,25,70,0,26733.0
2025-07-01,ST018,PR0032,56,35,50,41,0,17784.16
2025-07-01,ST018,PR0033,31,18,25,24,0,11083.2
2025-07-01,ST018,PR0034,43,41,16,68,0,41208.0
2025-07-01,ST018,PR0035,23,23,12,34,0,18452.82
2025-07-01,ST018,PR0036,39,53,5,87,0,55593.87
2025-07-01,ST018,PR0037,40,17,39,18,0,13865.76
2025-07-01,ST018,PR0038,50,0,18,32,0,24777.6
2025-07-01,ST018,PR0039,64,12,13,63,0,57251.88
2025-07-01,ST018,PR0040,28,5,31,2,9,1759.88
2025-07-01,ST018,PR0041,9,31,24,16,0,15734.24
2025-07-01,ST018,PR0042,34,27,39,22,0,3092.1
2025-07-01,ST018,PR0043,33,17,12,38,0,7734.52
2025-07-01,ST018,PR0044,15,21,23,13,0,3397.03
2025-07-01,ST018,PR0045,53,52,19,86,0,24600.3
2025-07-01,ST018,PR0046,19,54,53,20,0,7146.8
2025-07-01,ST018,PR0047,26,29,0,55,0,21190.95
2025-07-01,ST018,PR0048,27,15,26,16,0,7496.32
2025-07-01,ST018,PR0049,41,45,9,77,0,46142.25
2025-07-01,ST018,PR0050,57,25,26,56,0,33250.0
2025-07-01,ST018,PR0051,23,48,6,65,0,42197.35
2025-07-01,ST018,PR0052,51,9,19,41,0,26953.81
2025-07-01,ST018,PR0053,9,37,39,7,0,5079.97
2025-07-01,ST018,PR0054,20,4,24,0,5,0.0
2025-07-01,ST018,PR0055,24,46,14,56,0,53956.56
2025-07-01,ST018,PR0056,61,21,19,63,0,11189.43
2025-07-01,ST018,PR0057,62,28,8,82,0,16281.92
2025-07-01,ST018,PR0058,6,46,11,41,0,12692.78
2025-07-01,ST018,PR0059,43,44,24,63,0,18715.41
2025-07-01,ST018,PR0060,30,6,23,13,0,4938.57
2025-07-01,ST019,PR0001,43,19,12,50,0,11983.5
2025-07-01,ST019,PR0002,10,3,13,0,9,0.0
2025-07-01,ST019,PR0003,40,4,7,37,0,11535.86
2025-07-01,ST019,PR0004,4,39,38,5,0,1779.35
2025-07-01,ST019,PR0005,49,14,14,49,0,24353.0
2025-07-01,ST019,PR0006,56,34,0,90,0,49264.2
2025-07-01,ST019,PR0007,57,21,23,55,0,36059.1
2025-07-01,ST019,PR0008,10,52,27,35,0,18429.6
2025-07-01,ST019,PR0009,15,46,32,29,0,19222.07
2025-07-01,ST019,PR0010,47,53,5,95,0,57575.7
2025-07-01,ST019,PR0011,40,9,31,18,0,12794.94
2025-07-01,ST019,PR0012,32,21,26,27,0,23117.4
2025-07-01,ST019,PR0013,58,36,18,76,0,56610.12
2025-07-01,ST019,PR0014,58,7,0,65,0,9790.3
2025-07-01,ST019,PR0015,58,0,5,53,0,12751.27
2025-07-01,ST019,PR0016,38,49,15,72,0,20833.92
2025-07-01,ST019,PR0017,33,42,0,75,0,22844.25
2025-07-01,ST019,PR0018,33,0,20,13,0,5358.08
2025-07-01,ST019,PR0019,60,32,18,74,0,37726.68
2025-07-01,ST019,PR0020,59,44,27,76,0,31527.08
2025-07-01,ST019,PR0021,52,39,11,80,0,50931.2
2025-07-01,ST019,PR0022,29,18,30,17,0,11463.78
2025-07-01,ST019,PR0023,11,51,0,62,0,39759.98
2025-07-01,ST019,PR0024,29,10,39,0,7,0.0
2025-07-01,ST019,PR0025,22,23,30,15,0,14072.25
2025-07-01,ST019,PR0026,29,40,18,51,0,40827.54
2025-07-01,ST019,PR0027,4,25,8,21,0,16131.57
2025-07-01,ST019,PR0028,51,44,18,77,0,11080.3
2025-07-01,ST019,PR0029,43,33,7,69,0,17797.17
2025-07-01,ST019,PR0030,49,28,0,77,0,22778.14
2025-07-01,ST019,PR0031,26,23,32,17,0,6492.3
2025-07-01,ST019,PR0032,30,35,47,18,0,7807.68
2025-07-01,ST019,PR0033,21,12,17,16,0,7388.8
2025-07-01,ST019,PR0034,41,6,24,23,0,13938.0
2025-07-01,ST019,PR0035,56,0,8,48,0,26051.04
2025-07-01,ST019,PR0036,65,8,23,50,0,31950.5
2025-07-01,ST019,PR0037,27,21,34,14,0,10784.48
2025-07-01,ST019,PR0038,14,12,12,14,0,10840.2
2025-07-01,ST019,PR0039,45,37,11,71,0,64521.96
2025-07-01,ST019,PR0040,37,30,23,44,0,38717.36
2025-07-01,ST019,PR0041,11,5,16,0,8,0.0
2025-07-01,ST019,PR0042,28,22,34,16,0,2248.8
2025-07-01,ST019,PR0043,60,48,52,56,0,11398.24
2025-07-01,ST019,PR0044,59,31,15,75,0,19598.25
2025-07-01,ST019,PR0045,7,18,23,2,10,572.1
2025-07-01,ST019,PR0046,64,46,22,88,0,31445.92
2025-07-01,ST019,PR0047,5,17,22,0,10,0.0
2025-07-01,ST019,PR0048,15,55,37,33,0,15461.16
2025-07-01,ST019,PR0049,7,20,18,9,0,5393.25
2025-07-01,ST019,PR0050,44,30,22,52,0,30875.0
2025-07-01,ST019,PR0051,42,21,25,38,0,24669.22
2025-07-01,ST019,PR0052,21,10,22,9,0,5916.69
2025-07-01,ST019,PR0053,29,42,14,57,0,41365.47
2025-07-01,ST019,PR0054,18,8,26,0,8,0.0
2025-07-01,ST019,PR0055,4,55,35,24,0,23124.24
2025-07-01,ST019,PR0056,41,32,24,49,0,8702.89
2025-07-01,ST019,PR0057,61,4,35,30,0,5956.8
2025-07-01,ST019,PR0058,30,41,24,47,0,14550.26
2025-07-01,ST019,PR0059,45,15,36,24,0,7129.68
2025-07-01,ST019,PR0060,14,18,5,27,0,10257.03
2025-07-01,ST020,PR0001,20,16,7,29,0,6950.43
2025-07-01,ST020,PR0002,6,33,9,30,0,6968.7
2025-07-01,ST020,PR0003,61,17,22,56,0,17459.68
2025-07-01,ST020,PR0004,32,50,45,37,0,13167.19
2025-07-01,ST020,PR0005,28,15,17,26,0,12922.0
2025-07-01,ST020,PR0006,43,19,14,48,0,26274.24
2025-07-01,ST020,PR0007,52,12,24,40,0,26224.8
2025-07-01,ST020,PR0008,30,25,7,48,0,25274.88
2025-07-01,ST020,PR0009,29,9,29,9,0,5965.47
2025-07-01,ST020,PR0010,64,18,27,55,0,33333.3
2025-07-01,ST020,PR0011,51,44,18,77,0,54733.91
2025-07-01,ST020,PR0012,10,51,44,17,0,14555.4
2025-07-01,ST020,PR0013,13,19,21,11,0,8193.57
2025-07-01,ST020,PR0014,64,10,38,36,0,5422.32
2025-07-01,ST020,PR0015,51,48,0,99,0,23818.41
2025-07-01,ST020,PR0016,29,11,40,0,7,0.0
2025-07-01,ST020,PR0017,43,36,28,51,0,15534.09
2025-07-01,ST020,PR0018,32,46,16,62,0,25553.92
2025-07-01,ST020,PR0019,25,29,10,44,0,22432.08
2025-07-01,ST020,PR0020,39,43,28,54,0,22400.82
2025-07-01,ST020,PR0021,29,20,22,27,0,17189.28
2025-07-01,ST020,PR0022,57,20,36,41,0,27647.94
2025-07-01,ST020,PR0023,11,4,15,0,7,0.0
2025-07-01,ST020,PR0024,25,35,0,60,0,38518.2
2025-07-01,ST020,PR0025,64,33,28,69,0,64732.35
2025-07-01,ST020,PR0026,6,9,0,15,0,12008.1
2025-07-01,ST020,PR0027,17,42,28,31,0,23813.27
2025-07-01,ST020,PR0028,46,36,23,59,0,8490.1
2025-07-01,ST020,PR0029,65,29,15,79,0,20376.47
2025-07-01,ST020,PR0030,8,8,16,0,11,0.0
2025-07-01,ST020,PR0031,55,51,24,82,0,31315.8
2025-07-01,ST020,PR0032,24,12,9,27,0,11711.52
2025-07-01,ST020,PR0033,4,55,39,20,0,9236.0
2025-07-01,ST020,PR0034,57,13,31,39,0,23634.0
2025-07-01,ST020,PR0035,27,50,23,54,0,29307.42
2025-07-01,ST020,PR0036,11,2,13,0,6,0.0
2025-07-01,ST020,PR0037,26,52,29,49,0,37745.68
2025-07-01,ST020,PR0038,36,46,26,56,0,43360.8
2025-07-01,ST020,PR0039,45,51,18,78,0,70883.28
2025-07-01,ST020,PR0040,64,29,25,68,0,59835.92
2025-07-01,ST020,PR0041,60,18,26,52,0,51136.28
2025-07-01,ST020,PR0042,30,8,28,10,0,1405.5
2025-07-01,ST020,PR0043,46,54,12,88,0,17911.52
2025-07-01,ST020,PR0044,41,5,46,0,10,0.0
2025-07-01,ST020,PR0045,10,13,23,0,3,0.0
2025-07-01,ST020,PR0046,6,10,16,0,2,0.0
2025-07-01,ST020,PR0047,27,19,12,34,0,13099.86
2025-07-01,ST020,PR0048,46,40,23,63,0,29516.76
2025-07-01,ST020,PR0049,58,46,25,79,0,47340.75
2025-07-01,ST020,PR0050,7,51,11,47,0,27906.25
2025-07-01,ST020,PR0051,56,48,16,88,0,57128.72
2025-07-01,ST020,PR0052,5,40,15,30,0,19722.3
2025-07-01,ST020,PR0053,51,50,9,92,0,66765.32
2025-07-01,ST020,PR0054,26,49,20,55,0,54913.65
2025-07-01,ST020,PR0055,24,24,14,34,0,32759.34
2025-07-01,ST020,PR0056,59,31,20,70,0,12432.7
2025-07-01,ST020,PR0057,35,40,0,75,0,14892.0
2025-07-01,ST020,PR0058,27,47,14,60,0,18574.8
2025-07-01,ST020,PR0059,4,48,34,18,0,5347.26
2025-07-01,ST020,PR0060,40,19,15,44,0,16715.16
2025-07-01,ST021,PR0001,60,7,22,45,0,10785.15
2025-07-01,ST021,PR0002,10,39,43,6,0,1393.74
2025-07-01,ST021,PR0003,6,15,2,19,0,5923.82
2025-07-01,ST021,PR0004,26,6,16,16,0,5693.92
2025-07-01,ST021,PR0005,58,41,6,93,0,46221.0
2025-07-01,ST021,PR0006,59,47,14,92,0,50358.96
2025-07-01,ST021,PR0007,45,12,28,29,0,19012.98
2025-07-01,ST021,PR0008,41,42,49,34,0,17903.04
2025-07-01,ST021,PR0009,53,1,12,42,0,27838.86
2025-07-01,ST021,PR0010,48,46,12,82,0,49696.92
2025-07-01,ST021,PR0011,20,10,24,6,0,4264.98
2025-07-01,ST021,PR0012,42,24,18,48,0,41097.6
2025-07-01,ST021,PR0013,46,25,0,71,0,52885.77
2025-07-01,ST021,PR0014,5,0,5,0,6,0.0
2025-07-01,ST021,PR0015,60,16,30,46,0,11067.14
2025-07-01,ST021,PR0016,48,53,16,85,0,24595.6
2025-07-01,ST021,PR0017,31,52,36,47,0,14315.73
2025-07-01,ST021,PR0018,50,48,32,66,0,27202.56
2025-07-01,ST021,PR0019,38,22,37,23,0,11725.86
2025-07-01,ST021,PR0020,18,0,0,18,0,7466.94
2025-07-01,ST021,PR0021,6,9,15,0,6,0.0
2025-07-01,ST021,PR0022,31,26,41,16,0,10789.44
2025-07-01,ST021,PR0023,28,41,20,49,0,31423.21
2025-07-01,ST021,PR0024,29,37,8,58,0,37234.26
2025-07-01,ST021,PR0025,17,49,0,66,0,61917.9
2025-07-01,ST021,PR0026,21,22,35,8,0,6404.32
2025-07-01,ST021,PR0027,49,39,13,75,0,57612.75
2025-07-01,ST021,PR0028,43,5,48,0,6,0.0
2025-07-01,ST021,PR0029,16,27,37,6,0,1547.58
2025-07-01,ST021,PR0030,10,29,39,0,8,0.0
2025-07-01,ST021,PR0031,23,20,18,25,0,9547.5
2025-07-01,ST021,PR0032,29,22,20,31,0,13446.56
2025-07-01,ST021,PR0033,5,16,21,0,5,0.0
2025-07-01,ST021,PR0034,6,46,16,36,0,21816.0
2025-07-01,ST021,PR0035,37,54,25,66,0,35820.18
2025-07-01,ST021,PR0036,55,27,36,46,0,29394.46
2025-07-01,ST021,PR0037,40,7,29,18,0,13865.76
2025-07-01,ST021,PR0038,44,21,38,27,0,20906.1
2025-07-01,ST021,PR0039,59,40,23,76,0,69065.76
2025-07-01,ST021,PR0040,14,34,17,31,0,27278.14
2025-07-01,ST021,PR0041,13,28,10,31,0,30485.09
2025-07-01,ST021,PR0042,25,15,30,10,0,1405.5
2025-07-01,ST021,PR0043,14,38,19,33,0,6716.82
2025-07-01,ST021,PR0044,29,41,13,57,0,14894.67
2025-07-01,ST021,PR0045,8,6,14,0,8,0.0
2025-07-01,ST021,PR0046,53,8,14,47,0,16794.98
2025-07-01,ST021,PR0047,43,21,14,50,0,19264.5
2025-07-01,ST021,PR0048,59,48,27,80,0,37481.6
2025-07-01,ST021,PR0049,13,24,12,25,0,14981.25
2025-07-01,ST021,PR0050,59,24,35,48,0,28500.0
2025-07-01,ST021,PR0051,7,33,10,30,0,19475.7
2025-07-01,ST021,PR0052,40,1,13,28,0,18407.48
2025-07-01,ST021,PR0053,14,15,19,10,0,7257.1
2025-07-01,ST021,PR0054,55,2,33,24,0,23962.32
2025-07-01,ST021,PR0055,42,45,40,47,0,45284.97
2025-07-01,ST021,PR0056,44,7,27,24,0,4262.64
2025-07-01,ST021,PR0057,40,51,35,56,0,11119.36
2025-07-01,ST021,PR0058,23,4,27,0,12,0.0
2025-07-01,ST021,PR0059,14,48,6,56,0,16635.92
2025-07-01,ST021,PR0060,53,25,11,67,0,25452.63
2025-07-01,ST022,PR0001,8,43,13,38,0,9107.46
2025-07-01,ST022,PR0002,17,53,31,39,0,9059.31
2025-07-01,ST022,PR0003,53,27,22,58,0,18083.24
2025-07-01,ST022,PR0004,15,16,18,13,0,4626.31
2025-07-01,ST022,PR0005,53,42,34,61,0,30317.0
2025-07-01,ST022,PR0006,19,54,46,27,0,14779.26
2025-07-01,ST022,PR0007,39,9,29,19,0,12456.78
2025-07-01,ST022,PR0008,21,41,18,44,0,23168.64
2025-07-01,ST022,PR0009,32,54,22,64,0,42421.12
2025-07-01,ST022,PR0010,36,36,9,63,0,38181.78
2025-07-01,ST022,PR0011,64,47,3,108,0,76769.64
2025-07-01,ST022,PR0012,63,4,15,52,0,44522.4
2025-07-01,ST022,PR0013,5,42,19,28,0,20856.36
2025-07-01,ST022,PR0014,45,33,32,46,0,6928.52
2025-07-01,ST022,PR0015,45,26,7,64,0,15397.76
2025-07-01,ST022,PR0016,50,48,21,77,0,22280.72
2025-07-01,ST022,PR0017,23,3,21,5,0,1522.95
2025-07-01,ST022,PR0018,44,25,14,55,0,22668.8
2025-07-01,ST022,PR0019,24,31,20,35,0,17843.7
2025-07-01,ST022,PR0020,59,43,0,102,0,42312.66
2025-07-01,ST022,PR0021,17,13,30,0,2,0.0
2025-07-01,ST022,PR0022,31,38,20,49,0,33042.66
2025-07-01,ST022,PR0023,65,46,29,82,0,52585.78
2025-07-01,ST022,PR0024,37,45,26,56,0,35950.32
2025-07-01,ST022,PR0025,55,18,36,37,0,34711.55
2025-07-01,ST022,PR0026,37,25,8,54,0,43229.16
2025-07-01,ST022,PR0027,15,46,57,4,0,3072.68
2025-07-01,ST022,PR0028,43,34,13,64,0,9209.6
2025-07-01,ST022,PR0029,61,40,19,82,0,21150.26
2025-07-01,ST022,PR0030,24,34,25,33,0,9762.06
2025-07-01,ST022,PR0031,27,52,12,67,0,25587.3
2025-07-01,ST022,PR0032,30,22,0,52,0,22555.52
2025-07-01,ST022,PR0033,35,7,42,0,5,0.0
2025-07-01,ST022,PR0034,26,18,30,14,0,8484.0
2025-07-01,ST022,PR0035,50,37,33,54,0,29307.42
2025-07-01,ST022,PR0036,25,16,20,21,0,13419.21
2025-07-01,ST022,PR0037,51,36,15,72,0,55463.04
2025-07-01,ST022,PR0038,36,35,33,38,0,29423.4
2025-07-01,ST022,PR0039,35,14,30,19,0,17266.44
2025-07-01,ST022,PR0040,48,0,31,17,0,14958.98
2025-07-01,ST022,PR0041,64,54,7,111,0,109156.29
2025-07-01,ST022,PR0042,42,49,24,67,0,9416.85
2025-07-01,ST022,PR0043,40,39,45,34,0,6920.36
2025-07-01,ST022,PR0044,20,18,8,30,0,7839.3
2025-07-01,ST022,PR0045,24,21,22,23,0,6579.15
2025-07-01,ST022,PR0046,22,11,17,16,0,5717.44
2025-07-01,ST022,PR0047,57,55,27,85,0,32749.65
2025-07-01,ST022,PR0048,48,37,8,77,0,36076.04
2025-07-01,ST022,PR0049,36,47,27,56,0,33558.0
2025-07-01,ST022,PR0050,65,6,30,41,0,24343.75
2025-07-01,ST022,PR0051,16,10,26,0,7,0.0
2025-07-01,ST022,PR0052,57,22,17,62,0,40759.42
2025-07-01,ST022,PR0053,17,21,2,36,0,26125.56
2025-07-01,ST022,PR0054,20,27,10,37,0,36941.91
2025-07-01,ST022,PR0055,61,54,6,109,0,105022.59
2025-07-01,ST022,PR0056,63,37,0,100,0,17761.0
2025-07-01,ST022,PR0057,45,22,9,58,0,11516.48
2025-07-01,ST022,PR0058,55,10,28,37,0,11454.46
2025-07-01,ST022,PR0059,60,30,25,65,0,19309.55
2025-07-01,ST022,PR0060,51,7,20,38,0,14435.82
2025-07-01,ST023,PR0001,55,55,40,70,0,16776.9
2025-07-01,ST023,PR0002,63,30,46,47,0,10917.63
2025-07-01,ST023,PR0003,24,46,29,41,0,12782.98
2025-07-01,ST023,PR0004,20,3,23,0,10,0.0
2025-07-01,ST023,PR0005,37,15,46,6,0,2982.0
2025-07-01,ST023,PR0006,55,15,27,43,0,23537.34
2025-07-01,ST023,PR0007,44,55,3,96,0,62939.52
2025-07-01,ST023,PR0008,64,12,28,48,0,25274.88
2025-07-01,ST023,PR0009,42,36,0,78,0,51700.74
2025-07-01,ST023,PR0010,25,54,13,66,0,39999.96
2025-07-01,ST023,PR0011,41,31,24,48,0,34119.84
2025-07-01,ST023,PR0012,19,17,36,0,10,0.0
2025-07-01,ST023,PR0013,26,26,33,19,0,14152.53
2025-07-01,ST023,PR0014,61,14,29,46,0,6928.52
2025-07-01,ST023,PR0015,35,33,6,62,0,14916.58
2025-07-01,ST023,PR0016,56,25,14,67,0,19387.12
2025-07-01,ST023,PR0017,21,10,31,0,2,0.0
2025-07-01,ST023,PR0018,51,21,32,40,0,16486.4
2025-07-01,ST023,PR0019,22,40,0,62,0,31608.84
2025-07-01,ST023,PR0020,45,9,20,34,0,14104.22
2025-07-01,ST023,PR0021,50,53,22,81,0,51567.84
2025-07-01,ST023,PR0022,65,9,24,50,0,33717.0
2025-07-01,ST023,PR0023,44,51,0,95,0,60922.55
2025-07-01,ST023,PR0024,50,36,10,76,0,48789.72
2025-07-01,ST023,PR0025,39,12,33,18,0,16886.7
2025-07-01,ST023,PR0026,53,3,43,13,0,10407.02
2025-07-01,ST023,PR0027,45,7,9,43,0,33031.31
2025-07-01,ST023,PR0028,5,46,20,31,0,4460.9
2025-07-01,ST023,PR0029,4,8,12,0,12,0.0
2025-07-01,ST023,PR0030,17,17,8,26,0,7691.32
2025-07-01,ST023,PR0031,38,38,23,53,0,20240.7
2025-07-01,ST023,PR0032,28,51,0,79,0,34267.04
2025-07-01,ST023,PR0033,60,25,19,66,0,30478.8
2025-07-01,ST023,PR0034,47,39,18,68,0,41208.0
2025-07-01,ST023,PR0035,26,12,27,11,0,5970.03
2025-07-01,ST023,PR0036,49,21,26,44,0,28116.44
2025-07-01,ST023,PR0037,58,13,5,66,0,50841.12
2025-07-01,ST023,PR0038,42,2,12,32,0,24777.6
2025-07-01,ST023,PR0039,52,23,10,65,0,59069.4
2025-07-01,ST023,PR0040,6,15,10,11,0,9679.34
2025-07-01,ST023,PR0041,51,15,4,62,0,60970.18
2025-07-01,ST023,PR0042,64,9,34,39,0,5481.45
2025-07-01,ST023,PR0043,5,32,0,37,0,7530.98
2025-07-01,ST023,PR0044,5,49,16,38,0,9929.78
2025-07-01,ST023,PR0045,15,33,10,38,0,10869.9
2025-07-01,ST023,PR0046,4,16,20,0,9,0.0
2025-07-01,ST023,PR0047,5,25,19,11,0,4238.19
2025-07-01,ST023,PR0048,62,24,26,60,0,28111.2
2025-07-01,ST023,PR0049,32,19,27,24,0,14382.0
2025-07-01,ST023,PR0050,35,21,35,21,0,12468.75
2025-07-01,ST023,PR0051,51,39,25,65,0,42197.35
2025-07-01,ST023,PR0052,30,14,24,20,0,13148.2
2025-07-01,ST023,PR0053,23,39,13,49,0,35559.79
2025-07-01,ST023,PR0054,45,11,16,40,0,39937.2
2025-07-01,ST023,PR0055,50,24,14,60,0,57810.6
2025-07-01,ST023,PR0056,46,48,19,75,0,13320.75
2025-07-01,ST023,PR0057,34,5,19,20,0,3971.2
2025-07-01,ST023,PR0058,35,26,19,42,0,13002.36
2025-07-01,ST023,PR0059,19,30,36,13,0,3861.91
2025-07-01,ST023,PR0060,34,25,30,29,0,11016.81
2025-07-01,ST024,PR0001,47,20,16,51,0,12223.17
2025-07-01,ST024,PR0002,8,12,20,0,2,0.0
2025-07-01,ST024,PR0003,49,28,26,51,0,15900.78
2025-07-01,ST024,PR0004,62,30,21,71,0,25266.77
2025-07-01,ST024,PR0005,53,33,23,63,0,31311.0
2025-07-01,ST024,PR0006,56,22,34,44,0,24084.72
2025-07-01,ST024,PR0007,10,36,0,46,0,30158.52
2025-07-01,ST024,PR0008,23,11,34,0,4,0.0
2025-07-01,ST024,PR0009,9,5,14,0,10,0.0
2025-07-01,ST024,PR0010,31,2,25,8,0,4848.48
2025-07-01,ST024,PR0011,60,12,24,48,0,34119.84
2025-07-01,ST024,PR0012,51,31,1,81,0,69352.2
2025-07-01,ST024,PR0013,24,52,14,62,0,46181.94
2025-07-01,ST024,PR0014,50,40,16,74,0,11145.88
2025-07-01,ST024,PR0015,22,28,29,21,0,5052.39
2025-07-01,ST024,PR0016,28,8,28,8,0,2314.88
2025-07-01,ST024,PR0017,23,14,30,7,0,2132.13
2025-07-01,ST024,PR0018,44,51,0,95,0,39155.2
2025-07-01,ST024,PR0019,21,4,24,1,4,509.82
2025-07-01,ST024,PR0020,38,52,20,70,0,29038.1
2025-07-01,ST024,PR0021,37,54,25,66,0,42018.24
2025-07-01,ST024,PR0022,51,16,15,52,0,35065.68
2025-07-01,ST024,PR0023,63,43,31,75,0,48096.75
2025-07-01,ST024,PR0024,63,42,22,83,0,53283.51
2025-07-01,ST024,PR0025,6,4,10,0,7,0.0
2025-07-01,ST024,PR0026,38,11,34,15,0,12008.1
2025-07-01,ST024,PR0027,51,3,31,23,0,17667.91
2025-07-01,ST024,PR0028,49,4,33,20,0,2878.0
2025-07-01,ST024,PR0029,32,52,17,67,0,17281.31
2025-07-01,ST024,PR0030,27,38,31,34,0,10057.88
2025-07-01,ST024,PR0031,10,22,5,27,0,10311.3
2025-07-01,ST024,PR0032,35,17,26,26,0,11277.76
2025-07-01,ST024,PR0033,36,0,10,26,0,12006.8
2025-07-01,ST024,PR0034,45,50,25,70,0,42420.0
2025-07-01,ST024,PR0035,11,7,0,18,0,9769.14
2025-07-01,ST024,PR0036,29,47,22,54,0,34506.54
2025-07-01,ST024,PR0037,28,19,37,10,0,7703.2
2025-07-01,ST024,PR0038,57,51,14,94,0,72784.2
2025-07-01,ST024,PR0039,40,28,11,57,0,51799.32
2025-07-01,ST024,PR0040,23,27,22,28,0,24638.32
2025-07-01,ST024,PR0041,65,54,24,95,0,93422.05
2025-07-01,ST024,PR0042,60,32,12,80,0,11244.0
2025-07-01,ST024,PR0043,40,42,4,78,0,15876.12
2025-07-01,ST024,PR0044,27,30,14,43,0,11236.33
2025-07-01,ST024,PR0045,49,7,16,40,0,11442.0
2025-07-01,ST024,PR0046,41,39,25,55,0,19653.7
2025-07-01,ST024,PR0047,42,6,15,33,0,12714.57
2025-07-01,ST024,PR0048,49,23,31,41,0,19209.32
2025-07-01,ST024,PR0049,32,44,14,62,0,37153.5
2025-07-01,ST024,PR0050,11,17,28,0,8,0.0
2025-07-01,ST024,PR0051,46,30,0,76,0,49338.44
2025-07-01,ST024,PR0052,30,4,3,31,0,20379.71
2025-07-01,ST024,PR0053,23,33,28,28,0,20319.88
2025-07-01,ST024,PR0054,54,1,1,54,0,53915.22
2025-07-01,ST024,PR0055,60,41,3,98,0,94423.98
2025-07-01,ST024,PR0056,10,33,15,28,0,4973.08
2025-07-01,ST024,PR0057,39,10,14,35,0,6949.6
2025-07-01,ST024,PR0058,62,2,10,54,0,16717.32
2025-07-01,ST024,PR0059,4,3,7,0,3,0.0
2025-07-01,ST024,PR0060,59,9,14,54,0,20514.06
2025-08-01,ST001,PR0001,11,11,11,11,0,2636.37
2025-08-01,ST001,PR0002,60,32,33,59,0,13705.11
2025-08-01,ST001,PR0003,63,6,7,62,0,19330.36
2025-08-01,ST001,PR0004,32,3,7,28,0,9964.36
2025-08-01,ST001,PR0005,26,54,27,53,0,26341.0
2025-08-01,ST001,PR0006,65,8,24,49,0,26821.62
2025-08-01,ST001,PR0007,37,33,12,58,0,38025.96
2025-08-01,ST001,PR0008,45,10,4,51,0,26854.56
2025-08-01,ST001,PR0009,38,1,31,8,0,5302.64
2025-08-01,ST001,PR0010,24,7,1,30,0,18181.8
2025-08-01,ST001,PR0011,41,53,10,84,0,59709.72
2025-08-01,ST001,PR0012,4,11,5,10,0,8562.0
2025-08-01,ST001,PR0013,7,19,26,0,3,0.0
2025-08-01,ST001,PR0014,10,39,14,35,0,5271.7
2025-08-01,ST001,PR0015,27,44,16,55,0,13232.45
2025-08-01,ST001,PR0016,47,26,22,51,0,14757.36
2025-08-01,ST001,PR0017,43,27,0,70,0,21321.3
2025-08-01,ST001,PR0018,40,54,19,75,0,30912.0
2025-08-01,ST001,PR0019,61,52,23,90,0,45883.8
2025-08-01,ST001,PR0020,15,3,18,0,3,0.0
2025-08-01,ST001,PR0021,6,30,25,11,0,7003.04
2025-08-01,ST001,PR0022,35,17,5,47,0,31693.98
2025-08-01,ST001,PR0023,36,28,16,48,0,30781.92
2025-08-01,ST001,PR0024,19,51,20,50,0,32098.5
2025-08-01,ST001,PR0025,54,1,7,48,0,45031.2
2025-08-01,ST001,PR0026,58,11,11,58,0,46431.32
2025-08-01,ST001,PR0027,46,44,32,58,0,44553.86
2025-08-01,ST001,PR0028,40,28,28,40,0,5756.0
2025-08-01,ST001,PR0029,29,36,12,53,0,13670.29
2025-08-01,ST001,PR0030,41,7,10,38,0,11241.16
2025-08-01,ST001,PR0031,28,8,24,12,0,4582.8
2025-08-01,ST001,PR0032,8,35,32,11,0,4771.36
2025-08-01,ST001,PR0033,14,20,25,9,0,4156.2
2025-08-01,ST001,PR0034,60,16,11,65,0,39390.0
2025-08-01,ST001,PR0035,30,12,23,19,0,10311.87
2025-08-01,ST001,PR0036,18,7,25,0,4,0.0
2025-08-01,ST001,PR0037,19,15,28,6,0,4621.92
2025-08-01,ST001,PR0038,27,33,15,45,0,34843.5
2025-08-01,ST001,PR0039,54,29,9,74,0,67248.24
2025-08-01,ST001,PR0040,14,21,20,15,0,13199.1
2025-08-01,ST001,PR0041,61,36,31,66,0,64903.74
2025-08-01,ST001,PR0042,4,8,10,2,2,281.1
2025-08-01,ST001,PR0043,8,28,36,0,12,0.0
2025-08-01,ST001,PR0044,55,2,23,34,0,8884.54
2025-08-01,ST001,PR0045,38,39,13,64,0,18307.2
2025-08-01,ST001,PR0046,48,29,4,73,0,26085.82
2025-08-01,ST001,PR0047,63,24,26,61,0,23502.69
2025-08-01,ST001,PR0048,24,0,22,2,6,937.04
2025-08-01,ST001,PR0049,10,26,18,18,0,10786.5
2025-08-01,ST001,PR0050,53,37,20,70,0,41562.5
2025-08-01,ST001,PR0051,49,35,36,48,0,31161.12
2025-08-01,ST001,PR0052,47,10,55,2,3,1314.82
2025-08-01,ST001,PR0053,14,4,18,0,5,0.0
2025-08-01,ST001,PR0054,5,47,25,27,0,26957.61
2025-08-01,ST001,PR0055,20,41,30,31,0,29868.81
2025-08-01,ST001,PR0056,36,3,34,5,0,888.05
2025-08-01,ST001,PR0057,6,43,25,24,0,4765.44
2025-08-01,ST001,PR0058,27,17,44,0,6,0.0
2025-08-01,ST001,PR0059,19,28,29,18,0,5347.26
2025-08-01,ST001,PR0060,30,9,16,23,0,8737.47
2025-08-01,ST002,PR0001,27,10,20,17,0,4074.39
2025-08-01,ST002,PR0002,33,49,7,75,0,17421.75
2025-08-01,ST002,PR0003,5,50,16,39,0,12159.42
2025-08-01,ST002,PR0004,12,41,39,14,0,4982.18
2025-08-01,ST002,PR0005,30,26,42,14,0,6958.0
2025-08-01,ST002,PR0006,18,37,11,44,0,24084.72
2025-08-01,ST002,PR0007,51,26,7,70,0,45893.4
2025-08-01,ST002,PR0008,16,22,35,3,0,1579.68
2025-08-01,ST002,PR0009,31,12,14,29,0,19222.07
2025-08-01,ST002,PR0010,16,47,2,61,0,36969.66
2025-08-01,ST002,PR0011,44,19,20,43,0,30565.69
2025-08-01,ST002,PR0012,16,19,35,0,5,0.0
2025-08-01,ST002,PR0013,26,0,22,4,0,2979.48
2025-08-01,ST002,PR0014,28,41,16,53,0,7982.86
2025-08-01,ST002,PR0015,33,23,29,27,0,6495.93
2025-08-01,ST002,PR0016,9,11,20,0,10,0.0
2025-08-01,ST002,PR0017,29,34,28,35,0,10660.65
2025-08-01,ST002,PR0018,46,13,18,41,0,16898.56
2025-08-01,ST002,PR0019,25,54,15,64,0,32628.48
2025-08-01,ST002,PR0020,8,13,21,0,11,0.0
2025-08-01,ST002,PR0021,53,14,17,50,0,31832.0
2025-08-01,ST002,PR0022,4,37,29,12,0,8092.08
2025-08-01,ST002,PR0023,50,50,34,66,0,42325.14
2025-08-01,ST002,PR0024,18,46,23,41,0,26320.77
2025-08-01,ST002,PR0025,26,32,9,49,0,45969.35
2025-08-01,ST002,PR0026,6,13,1,18,0,14409.72
2025-08-01,ST002,PR0027,25,46,21,50,0,38408.5
2025-08-01,ST002,PR0028,5,25,11,19,0,2734.1
2025-08-01,ST002,PR0029,55,40,3,92,0,23729.56
2025-08-01,ST002,PR0030,38,42,16,64,0,18932.48
2025-08-01,ST002,PR0031,44,26,43,27,0,10311.3
2025-08-01,ST002,PR0032,54,52,37,69,0,29929.44
2025-08-01,ST002,PR0033,47,49,34,62,0,28631.6
2025-08-01,ST002,PR0034,58,5,34,29,0,17574.0
2025-08-01,ST002,PR0035,11,27,13,25,0,13568.25
2025-08-01,ST002,PR0036,23,37,9,51,0,32589.51
2025-08-01,ST002,PR0037,54,27,30,51,0,39286.32
2025-08-01,ST002,PR0038,53,48,46,55,0,42586.5
2025-08-01,ST002,PR0039,34,13,22,25,0,22719.0
2025-08-01,ST002,PR0040,34,1,7,28,0,24638.32
2025-08-01,ST002,PR0041,26,4,26,4,0,3933.56
2025-08-01,ST002,PR0042,44,15,25,34,0,4778.7
2025-08-01,ST002,PR0043,22,22,44,0,11,0.0
2025-08-01,ST002,PR0044,5,53,19,39,0,10191.09
2025-08-01,ST002,PR0045,25,54,30,49,0,14016.45
2025-08-01,ST002,PR0046,41,17,26,32,0,11434.88
2025-08-01,ST002,PR0047,46,54,16,84,0,32364.36
2025-08-01,ST002,PR0048,16,50,16,50,0,23426.0
2025-08-01,ST002,PR0049,56,20,30,46,0,27565.5
2025-08-01,ST002,PR0050,9,38,1,46,0,27312.5
2025-08-01,ST002,PR0051,50,48,21,77,0,49987.63
2025-08-01,ST002,PR0052,52,42,29,65,0,42731.65
2025-08-01,ST002,PR0053,32,31,17,46,0,33382.66
2025-08-01,ST002,PR0054,26,4,11,19,0,18970.17
2025-08-01,ST002,PR0055,25,38,35,28,0,26978.28
2025-08-01,ST002,PR0056,16,11,2,25,0,4440.25
2025-08-01,ST002,PR0057,4,41,18,27,0,5361.12
2025-08-01,ST002,PR0058,41,32,6,67,0,20741.86
2025-08-01,ST002,PR0059,25,53,24,54,0,16041.78
2025-08-01,ST002,PR0060,63,54,42,75,0,28491.75
2025-08-01,ST003,PR0001,63,29,25,67,0,16057.89
2025-08-01,ST003,PR0002,44,23,25,42,0,9756.18
2025-08-01,ST003,PR0003,56,6,0,62,0,19330.36
2025-08-01,ST003,PR0004,40,55,14,81,0,28825.47
2025-08-01,ST003,PR0005,57,48,0,105,0,52185.0
2025-08-01,ST003,PR0006,20,22,20,22,0,12042.36
2025-08-01,ST003,PR0007,51,38,27,62,0,40648.44
2025-08-01,ST003,PR0008,8,16,22,2,5,1053.12
2025-08-01,ST003,PR0009,10,39,10,39,0,25850.37
2025-08-01,ST003,PR0010,62,37,12,87,0,52727.22
2025-08-01,ST003,PR0011,59,35,21,73,0,51890.59
2025-08-01,ST003,PR0012,31,41,45,27,0,23117.4
2025-08-01,ST003,PR0013,33,36,37,32,0,23835.84
2025-08-01,ST003,PR0014,55,0,7,48,0,7229.76
2025-08-01,ST003,PR0015,53,38,35,56,0,13473.04
2025-08-01,ST003,PR0016,62,9,32,39,0,11285.04
2025-08-01,ST003,PR0017,53,1,27,27,0,8223.93
2025-08-01,ST003,PR0018,16,17,28,5,0,2060.8
2025-08-01,ST003,PR0019,50,43,52,41,0,20902.62
2025-08-01,ST003,PR0020,57,38,24,71,0,29452.93
2025-08-01,ST003,PR0021,20,3,23,0,11,0.0
2025-08-01,ST003,PR0022,10,13,22,1,12,674.34
2025-08-01,ST003,PR0023,4,38,17,25,0,16032.25
2025-08-01,ST003,PR0024,56,19,16,59,0,37876.23
2025-08-01,ST003,PR0025,15,6,21,0,2,0.0
2025-08-01,ST003,PR0026,16,10,15,11,0,8805.94
2025-08-01,ST003,PR0027,32,38,13,57,0,43785.69
2025-08-01,ST003,PR0028,33,32,19,46,0,6619.4
2025-08-01,ST003,PR0029,42,6,4,44,0,11348.92
2025-08-01,ST003,PR0030,55,18,22,51,0,15086.82
2025-08-01,ST003,PR0031,37,53,19,71,0,27114.9
2025-08-01,ST003,PR0032,18,17,27,8,0,3470.08
2025-08-01,ST003,PR0033,8,55,0,63,0,29093.4
2025-08-01,ST003,PR0034,17,21,6,32,0,19392.0
2025-08-01,ST003,PR0035,8,43,24,27,0,14653.71
2025-08-01,ST003,PR0036,51,2,28,25,0,15975.25
2025-08-01,ST003,PR0037,4,41,31,14,0,10784.48
2025-08-01,ST003,PR0038,16,16,22,10,0,7743.0
2025-08-01,ST003,PR0039,60,12,5,67,0,60886.92
2025-08-01,ST003,PR0040,62,49,26,85,0,74794.9
2025-08-01,ST003,PR0041,64,19,2,81,0,79654.59
2025-08-01,ST003,PR0042,33,4,25,12,0,1686.6
2025-08-01,ST003,PR0043,20,24,38,6,0,1221.24
2025-08-01,ST003,PR0044,47,50,30,67,0,17507.77
2025-08-01,ST003,PR0045,55,17,18,54,0,15446.7
2025-08-01,ST003,PR0046,11,33,2,42,0,15008.28
2025-08-01,ST003,PR0047,5,0,5,0,6,0.0
2025-08-01,ST003,PR0048,13,15,28,0,7,0.0
2025-08-01,ST003,PR0049,51,1,30,22,0,13183.5
2025-08-01,ST003,PR0050,52,12,37,27,0,16031.25
2025-08-01,ST003,PR0051,12,50,14,48,0,31161.12
2025-08-01,ST003,PR0052,49,49,10,88,0,57852.08
2025-08-01,ST003,PR0053,12,53,15,50,0,36285.5
2025-08-01,ST003,PR0054,13,25,30,8,0,7987.44
2025-08-01,ST003,PR0055,49,12,4,57,0,54920.07
2025-08-01,ST003,PR0056,31,22,28,25,0,4440.25
2025-08-01,ST003,PR0057,62,35,43,54,0,10722.24
2025-08-01,ST003,PR0058,63,53,16,100,0,30958.0
2025-08-01,ST003,PR0059,50,28,20,58,0,17230.06
2025-08-01,ST003,PR0060,31,36,50,17,0,6458.13
2025-08-01,ST004,PR0001,50,18,24,44,0,10545.48
2025-08-01,ST004,PR0002,25,48,34,39,0,9059.31
2025-08-01,ST004,PR0003,19,27,27,19,0,5923.82
2025-08-01,ST004,PR0004,20,37,34,23,0,8185.01
2025-08-01,ST004,PR0005,44,21,19,46,0,22862.0
2025-08-01,ST004,PR0006,46,33,21,58,0,31748.04
2025-08-01,ST004,PR0007,9,38,42,5,0,3278.1
2025-08-01,ST004,PR0008,32,22,20,34,0,17903.04
2025-08-01,ST004,PR0009,35,24,21,38,0,25187.54
2025-08-01,ST004,PR0010,38,55,18,75,0,45454.5
2025-08-01,ST004,PR0011,5,47,12,40,0,28433.2
2025-08-01,ST004,PR0012,17,35,21,31,0,26542.2
2025-08-01,ST004,PR0013,55,29,41,43,0,32029.41
2025-08-01,ST004,PR0014,40,35,29,46,0,6928.52
2025-08-01,ST004,PR0015,21,33,24,30,0,7217.7
2025-08-01,ST004,PR0016,21,5,26,0,4,0.0
2025-08-01,ST004,PR0017,54,35,19,70,0,21321.3
2025-08-01,ST004,PR0018,36,4,37,3,0,1236.48
2025-08-01,ST004,PR0019,61,39,15,85,0,43334.7
2025-08-01,ST004,PR0020,23,53,15,61,0,25304.63
2025-08-01,ST004,PR0021,34,9,34,9,0,5729.76
2025-08-01,ST004,PR0022,59,10,35,34,0,22927.56
2025-08-01,ST004,PR0023,43,24,20,47,0,30140.63
2025-08-01,ST004,PR0024,36,35,6,65,0,41728.05
2025-08-01,ST004,PR0025,16,41,38,19,0,17824.85
2025-08-01,ST004,PR0026,8,40,1,47,0,37625.38
2025-08-01,ST004,PR0027,17,36,29,24,0,18436.08
2025-08-01,ST004,PR0028,56,0,41,15,0,2158.5
2025-08-01,ST004,PR0029,18,8,26,0,7,0.0
2025-08-01,ST004,PR0030,16,51,11,56,0,16565.92
2025-08-01,ST004,PR0031,65,47,6,106,0,40481.4
2025-08-01,ST004,PR0032,13,1,14,0,4,0.0
2025-08-01,ST004,PR0033,8,50,16,42,0,19395.6
2025-08-01,ST004,PR0034,54,43,37,60,0,36360.0
2025-08-01,ST004,PR0035,30,41,0,71,0,38533.83
2025-08-01,ST004,PR0036,50,21,49,22,0,14058.22
2025-08-01,ST004,PR0037,31,18,24,25,0,19258.0
2025-08-01,ST004,PR0038,26,5,11,20,0,15486.0
2025-08-01,ST004,PR0039,4,51,13,42,0,38167.92
2025-08-01,ST004,PR0040,38,3,4,37,0,32557.78
2025-08-01,ST004,PR0041,56,29,9,76,0,74737.64
2025-08-01,ST004,PR0042,4,10,0,14,0,1967.7
2025-08-01,ST004,PR0043,22,30,28,24,0,4884.96
2025-08-01,ST004,PR0044,38,22,35,25,0,6532.75
2025-08-01,ST004,PR0045,50,38,14,74,0,21167.7
2025-08-01,ST004,PR0046,32,26,33,25,0,8933.5
2025-08-01,ST004,PR0047,36,28,24,40,0,15411.6
2025-08-01,ST004,PR0048,20,18,28,10,0,4685.2
2025-08-01,ST004,PR0049,34,34,12,56,0,33558.0
2025-08-01,ST004,PR0050,40,25,21,44,0,26125.0
2025-08-01,ST004,PR0051,54,31,27,58,0,37653.02
2025-08-01,ST004,PR0052,61,42,55,48,0,31555.68
2025-08-01,ST004,PR0053,44,47,14,77,0,55879.67
2025-08-01,ST004,PR0054,17,42,20,39,0,38938.77
2025-08-01,ST004,PR0055,49,6,30,25,0,24087.75
2025-08-01,ST004,PR0056,30,18,43,5,0,888.05
2025-08-01,ST004,PR0057,62,43,29,76,0,15090.56
2025-08-01,ST004,PR0058,35,8,15,28,0,8668.24
2025-08-01,ST004,PR0059,65,53,20,98,0,29112.86
2025-08-01,ST004,PR0060,56,14,14,56,0,21273.84
2025-08-01,ST005,PR0001,58,51,15,94,0,22528.98
2025-08-01,ST005,PR0002,30,47,30,47,0,10917.63
2025-08-01,ST005,PR0003,51,55,12,94,0,29307.32
2025-08-01,ST005,PR0004,24,7,31,0,2,0.0
2025-08-01,ST005,PR0005,56,32,19,69,0,34293.0
2025-08-01,ST005,PR0006,33,26,30,29,0,15874.02
2025-08-01,ST005,PR0007,61,21,11,71,0,46549.02
2025-08-01,ST005,PR0008,34,23,35,22,0,11584.32
2025-08-01,ST005,PR0009,18,40,3,55,0,36455.65
2025-08-01,ST005,PR0010,8,52,22,38,0,23030.28
2025-08-01,ST005,PR0011,25,17,15,27,0,19192.41
2025-08-01,ST005,PR0012,60,34,26,68,0,58221.6
2025-08-01,ST005,PR0013,46,55,41,60,0,44692.2
2025-08-01,ST005,PR0014,16,42,24,34,0,5121.08
2025-08-01,ST005,PR0015,19,8,19,8,0,1924.72
2025-08-01,ST005,PR0016,5,0,0,5,0,1446.8
2025-08-01,ST005,PR0017,18,14,22,10,0,3045.9
2025-08-01,ST005,PR0018,21,46,8,59,0,24317.44
2025-08-01,ST005,PR0019,63,8,34,37,0,18863.34
2025-08-01,ST005,PR0020,5,38,30,13,0,5392.79
2025-08-01,ST005,PR0021,6,48,24,30,0,19099.2
2025-08-01,ST005,PR0022,16,20,20,16,0,10789.44
2025-08-01,ST005,PR0023,54,5,9,50,0,32064.5
2025-08-01,ST005,PR0024,65,8,31,42,0,26962.74
2025-08-01,ST005,PR0025,54,41,31,64,0,60041.6
2025-08-01,ST005,PR0026,40,54,31,63,0,50434.02
2025-08-01,ST005,PR0027,36,52,19,69,0,53003.73
2025-08-01,ST005,PR0028,65,32,21,76,0,10936.4
2025-08-01,ST005,PR0029,26,43,8,61,0,15733.73
2025-08-01,ST005,PR0030,41,14,13,42,0,12424.44
2025-08-01,ST005,PR0031,52,11,31,32,0,12220.8
2025-08-01,ST005,PR0032,45,15,32,28,0,12145.28
2025-08-01,ST005,PR0033,7,26,14,19,0,8774.2
2025-08-01,ST005,PR0034,24,23,2,45,0,27270.0
2025-08-01,ST005,PR0035,60,48,22,86,0,46674.78
2025-08-01,ST005,PR0036,8,52,27,33,0,21087.33
2025-08-01,ST005,PR0037,21,38,1,58,0,44678.56
2025-08-01,ST005,PR0038,28,37,25,40,0,30972.0
2025-08-01,ST005,PR0039,5,12,17,0,4,0.0
2025-08-01,ST005,PR0040,13,27,22,18,0,15838.92
2025-08-01,ST005,PR0041,53,15,1,67,0,65887.13
2025-08-01,ST005,PR0042,60,36,32,64,0,8995.2
2025-08-01,ST005,PR0043,30,25,19,36,0,7327.44
2025-08-01,ST005,PR0044,38,46,0,84,0,21950.04
2025-08-01,ST005,PR0045,20,33,21,32,0,9153.6
2025-08-01,ST005,PR0046,12,7,9,10,0,3573.4
2025-08-01,ST005,PR0047,19,31,8,42,0,16182.18
2025-08-01,ST005,PR0048,34,19,18,35,0,16398.2
2025-08-01,ST005,PR0049,62,51,30,83,0,49737.75
2025-08-01,ST005,PR0050,28,7,22,13,0,7718.75
2025-08-01,ST005,PR0051,10,5,15,0,9,0.0
2025-08-01,ST005,PR0052,39,44,45,38,0,24981.58
2025-08-01,ST005,PR0053,24,23,34,13,0,9434.23
2025-08-01,ST005,PR0054,55,6,35,26,0,25959.18
2025-08-01,ST005,PR0055,12,15,2,25,0,24087.75
2025-08-01,ST005,PR0056,35,46,31,50,0,8880.5
2025-08-01,ST005,PR0057,37,49,12,74,0,14693.44
2025-08-01,ST005,PR0058,37,8,14,31,0,9596.98
2025-08-01,ST005,PR0059,50,28,27,51,0,15150.57
2025-08-01,ST005,PR0060,50,51,14,87,0,33050.43
2025-08-01,ST006,PR0001,38,25,8,55,0,13181.85
2025-08-01,ST006,PR0002,27,14,12,29,0,6736.41
2025-08-01,ST006,PR0003,11,4,15,0,2,0.0
2025-08-01,ST006,PR0004,9,31,20,20,0,7117.4
2025-08-01,ST006,PR0005,33,33,32,34,0,16898.0
2025-08-01,ST006,PR0006,47,19,12,54,0,29558.52
2025-08-01,ST006,PR0007,10,0,3,7,0,4589.34
2025-08-01,ST006,PR0008,25,53,41,37,0,19482.72
2025-08-01,ST006,PR0009,8,49,26,31,0,20547.73
2025-08-01,ST006,PR0010,10,45,10,45,0,27272.7
2025-08-01,ST006,PR0011,4,3,7,0,9,0.0
2025-08-01,ST006,PR0012,36,21,18,39,0,33391.8
2025-08-01,ST006,PR0013,14,28,15,27,0,20111.49
2025-08-01,ST006,PR0014,21,37,19,39,0,5874.18
2025-08-01,ST006,PR0015,5,23,0,28,0,6736.52
2025-08-01,ST006,PR0016,22,52,25,49,0,14178.64
2025-08-01,ST006,PR0017,22,50,28,44,0,13401.96
2025-08-01,ST006,PR0018,5,39,8,36,0,14837.76
2025-08-01,ST006,PR0019,36,0,25,11,0,5608.02
2025-08-01,ST006,PR0020,53,1,30,24,0,9955.92
2025-08-01,ST006,PR0021,24,4,14,14,0,8912.96
2025-08-01,ST006,PR0022,41,55,22,74,0,49901.16
2025-08-01,ST006,PR0023,13,46,23,36,0,23086.44
2025-08-01,ST006,PR0024,4,41,7,38,0,24394.86
2025-08-01,ST006,PR0025,22,16,26,12,0,11257.8
2025-08-01,ST006,PR0026,58,15,7,66,0,52835.64
2025-08-01,ST006,PR0027,28,22,20,30,0,23045.1
2025-08-01,ST006,PR0028,50,47,42,55,0,7914.5
2025-08-01,ST006,PR0029,36,32,7,61,0,15733.73
2025-08-01,ST006,PR0030,6,51,6,51,0,15086.82
2025-08-01,ST006,PR0031,13,15,25,3,0,1145.7
2025-08-01,ST006,PR0032,4,40,10,34,0,14747.84
2025-08-01,ST006,PR0033,27,49,26,50,0,23090.0
2025-08-01,ST006,PR0034,32,35,31,36,0,21816.0
2025-08-01,ST006,PR0035,36,31,13,54,0,29307.42
2025-08-01,ST006,PR0036,15,29,30,14,0,8946.14
2025-08-01,ST006,PR0037,51,45,23,73,0,56233.36
2025-08-01,ST006,PR0038,11,25,36,0,6,0.0
2025-08-01,ST006,PR0039,47,43,17,73,0,66339.48
2025-08-01,ST006,PR0040,22,54,34,42,0,36957.48
2025-08-01,ST006,PR0041,48,43,21,70,0,68837.3
2025-08-01,ST006,PR0042,16,22,29,9,0,1264.95
2025-08-01,ST006,PR0043,64,44,28,80,0,16283.2
2025-08-01,ST006,PR0044,61,38,22,77,0,20120.87
2025-08-01,ST006,PR0045,16,7,23,0,5,0.0
2025-08-01,ST006,PR0046,32,0,28,4,0,1429.36
2025-08-01,ST006,PR0047,48,18,24,42,0,16182.18
2025-08-01,ST006,PR0048,6,48,0,54,0,25300.08
2025-08-01,ST006,PR0049,41,45,25,61,0,36554.25
2025-08-01,ST006,PR0050,15,27,39,3,0,1781.25
2025-08-01,ST006,PR0051,20,35,24,31,0,20124.89
2025-08-01,ST006,PR0052,44,13,21,36,0,23666.76
2025-08-01,ST006,PR0053,50,41,17,74,0,53702.54
2025-08-01,ST006,PR0054,55,7,33,29,0,28954.47
2025-08-01,ST006,PR0055,55,26,38,43,0,41430.93
2025-08-01,ST006,PR0056,40,51,31,60,0,10656.6
2025-08-01,ST006,PR0057,10,5,15,0,4,0.0
2025-08-01,ST006,PR0058,12,3,15,0,10,0.0
2025-08-01,ST006,PR0059,38,25,8,55,0,16338.85
2025-08-01,ST006,PR0060,46,37,16,67,0,25452.63
2025-08-01,ST007,PR0001,12,40,10,42,0,10066.14
2025-08-01,ST007,PR0002,13,13,0,26,0,6039.54
2025-08-01,ST007,PR0003,58,42,15,85,0,26501.3
2025-08-01,ST007,PR0004,7,55,50,12,0,4270.44
2025-08-01,ST007,PR0005,35,6,21,20,0,9940.0
2025-08-01,ST007,PR0006,59,49,2,106,0,58022.28
2025-08-01,ST007,PR0007,42,7,33,16,0,10489.92
2025-08-01,ST007,PR0008,25,5,7,23,0,12110.88
2025-08-01,ST007,PR0009,59,39,26,72,0,47723.76
2025-08-01,ST007,PR0010,19,43,44,18,0,10909.08
2025-08-01,ST007,PR0011,6,13,19,0,4,0.0
2025-08-01,ST007,PR0012,21,30,12,39,0,33391.8
2025-08-01,ST007,PR0013,39,43,12,70,0,52140.9
2025-08-01,ST007,PR0014,49,50,11,88,0,13254.56
2025-08-01,ST007,PR0015,30,33,13,50,0,12029.5
2025-08-01,ST007,PR0016,50,45,22,73,0,21123.28
2025-08-01,ST007,PR0017,37,43,7,73,0,22235.07
2025-08-01,ST007,PR0018,58,13,18,53,0,21844.48
2025-08-01,ST007,PR0019,13,25,20,18,0,9176.76
2025-08-01,ST007,PR0020,34,31,34,31,0,12859.73
2025-08-01,ST007,PR0021,31,32,29,34,0,21645.76
2025-08-01,ST007,PR0022,62,50,17,95,0,64062.3
2025-08-01,ST007,PR0023,37,2,29,10,0,6412.9
2025-08-01,ST007,PR0024,63,37,35,65,0,41728.05
2025-08-01,ST007,PR0025,13,32,29,16,0,15010.4
2025-08-01,ST007,PR0026,18,30,41,7,0,5603.78
2025-08-01,ST007,PR0027,23,40,11,52,0,39944.84
2025-08-01,ST007,PR0028,5,32,16,21,0,3021.9
2025-08-01,ST007,PR0029,26,52,5,73,0,18828.89
2025-08-01,ST007,PR0030,63,31,31,63,0,18636.66
2025-08-01,ST007,PR0031,7,1,8,0,11,0.0
2025-08-01,ST007,PR0032,17,1,17,1,4,433.76
2025-08-01,ST007,PR0033,10,2,11,1,10,461.8
2025-08-01,ST007,PR0034,25,50,22,53,0,32118.0
2025-08-01,ST007,PR0035,7,30,13,24,0,13025.52
2025-08-01,ST007,PR0036,42,25,19,48,0,30672.48
2025-08-01,ST007,PR0037,56,16,41,31,0,23879.92
2025-08-01,ST007,PR0038,17,34,12,39,0,30197.7
2025-08-01,ST007,PR0039,48,11,17,42,0,38167.92
2025-08-01,ST007,PR0040,46,25,15,56,0,49276.64
2025-08-01,ST007,PR0041,14,46,10,50,0,49169.5
2025-08-01,ST007,PR0042,23,49,0,72,0,10119.6
2025-08-01,ST007,PR0043,48,43,23,68,0,13840.72
2025-08-01,ST007,PR0044,18,23,32,9,0,2351.79
2025-08-01,ST007,PR0045,64,13,27,50,0,14302.5
2025-08-01,ST007,PR0046,62,4,0,66,0,23584.44
2025-08-01,ST007,PR0047,53,13,27,39,0,15026.31
2025-08-01,ST007,PR0048,17,15,21,11,0,5153.72
2025-08-01,ST007,PR0049,63,38,42,59,0,35355.75
2025-08-01,ST007,PR0050,17,9,26,0,6,0.0
2025-08-01,ST007,PR0051,6,22,20,8,0,5193.52
2025-08-01,ST007,PR0052,17,20,8,29,0,19064.89
2025-08-01,ST007,PR0053,62,47,14,95,0,68942.45
2025-08-01,ST007,PR0054,62,14,35,41,0,40935.63
2025-08-01,ST007,PR0055,43,31,37,37,0,35649.87
2025-08-01,ST007,PR0056,58,29,27,60,0,10656.6
2025-08-01,ST007,PR0057,58,4,43,19,0,3772.64
2025-08-01,ST007,PR0058,34,2,36,0,2,0.0
2025-08-01,ST007,PR0059,55,13,27,41,0,12179.87
2025-08-01,ST007,PR0060,57,10,18,49,0,18614.61
2025-08-01,ST008,PR0001,17,37,32,22,0,5272.74
2025-08-01,ST008,PR0002,58,49,16,91,0,21138.39
2025-08-01,ST008,PR0003,62,46,33,75,0,23383.5
2025-08-01,ST008,PR0004,60,32,19,73,0,25978.51
2025-08-01,ST008,PR0005,18,24,21,21,0,10437.0
2025-08-01,ST008,PR0006,48,14,34,28,0,15326.64
2025-08-01,ST008,PR0007,19,54,20,53,0,34747.86
2025-08-01,ST008,PR0008,8,55,25,38,0,20009.28
2025-08-01,ST008,PR0009,4,54,29,29,0,19222.07
2025-08-01,ST008,PR0010,37,42,25,54,0,32727.24
2025-08-01,ST008,PR0011,41,50,34,57,0,40517.31
2025-08-01,ST008,PR0012,23,16,25,14,0,11986.8
2025-08-01,ST008,PR0013,34,11,33,12,0,8938.44
2025-08-01,ST008,PR0014,7,13,11,9,0,1355.58
2025-08-01,ST008,PR0015,15,40,14,41,0,9864.19
2025-08-01,ST008,PR0016,23,0,21,2,7,578.72
2025-08-01,ST008,PR0017,53,7,25,35,0,10660.65
2025-08-01,ST008,PR0018,60,54,17,97,0,39979.52
2025-08-01,ST008,PR0019,9,10,15,4,0,2039.28
2025-08-01,ST008,PR0020,27,40,23,44,0,18252.52
2025-08-01,ST008,PR0021,39,38,7,70,0,44564.8
2025-08-01,ST008,PR0022,7,26,32,1,8,674.34
2025-08-01,ST008,PR0023,65,35,8,92,0,58998.68
2025-08-01,ST008,PR0024,26,31,24,33,0,21185.01
2025-08-01,ST008,PR0025,21,20,22,19,0,17824.85
2025-08-01,ST008,PR0026,8,49,43,14,0,11207.56
2025-08-01,ST008,PR0027,26,19,29,16,0,12290.72
2025-08-01,ST008,PR0028,61,38,31,68,0,9785.2
2025-08-01,ST008,PR0029,61,11,36,36,0,9285.48
2025-08-01,ST008,PR0030,31,4,11,24,0,7099.68
2025-08-01,ST008,PR0031,6,42,25,23,0,8783.7
2025-08-01,ST008,PR0032,50,55,9,96,0,41640.96
2025-08-01,ST008,PR0033,61,14,26,49,0,22628.2
2025-08-01,ST008,PR0034,10,19,29,0,12,0.0
2025-08-01,ST008,PR0035,5,33,23,15,0,8140.95
2025-08-01,ST008,PR0036,36,18,22,32,0,20448.32
2025-08-01,ST008,PR0037,21,23,16,28,0,21568.96
2025-08-01,ST008,PR0038,65,47,44,68,0,52652.4
2025-08-01,ST008,PR0039,55,11,41,25,0,22719.0
2025-08-01,ST008,PR0040,51,37,23,65,0,57196.1
2025-08-01,ST008,PR0041,10,51,20,41,0,40318.99
2025-08-01,ST008,PR0042,59,35,19,75,0,10541.25
2025-08-01,ST008,PR0043,40,30,16,54,0,10991.16
2025-08-01,ST008,PR0044,60,17,25,52,0,13588.12
2025-08-01,ST008,PR0045,62,10,1,71,0,20309.55
2025-08-01,ST008,PR0046,28,45,27,46,0,16437.64
2025-08-01,ST008,PR0047,17,53,21,49,0,18879.21
2025-08-01,ST008,PR0048,23,38,13,48,0,22488.96
2025-08-01,ST008,PR0049,19,46,21,44,0,26367.0
2025-08-01,ST008,PR0050,36,35,16,55,0,32656.25
2025-08-01,ST008,PR0051,29,41,35,35,0,22721.65
2025-08-01,ST008,PR0052,40,7,33,14,0,9203.74
2025-08-01,ST008,PR0053,50,15,17,48,0,34834.08
2025-08-01,ST008,PR0054,37,55,18,74,0,73883.82
2025-08-01,ST008,PR0055,47,19,11,55,0,52993.05
2025-08-01,ST008,PR0056,21,19,18,22,0,3907.42
2025-08-01,ST008,PR0057,23,40,34,29,0,5758.24
2025-08-01,ST008,PR0058,8,22,26,4,0,1238.32
2025-08-01,ST008,PR0059,52,45,19,78,0,23171.46
2025-08-01,ST008,PR0060,42,49,6,85,0,32290.65
2025-08-01,ST009,PR0001,56,43,29,70,0,16776.9
2025-08-01,ST009,PR0002,7,45,8,44,0,10220.76
2025-08-01,ST009,PR0003,27,41,19,49,0,15277.22
2025-08-01,ST009,PR0004,56,21,17,60,0,21352.2
2025-08-01,ST009,PR0005,65,51,26,90,0,44730.0
2025-08-01,ST009,PR0006,52,37,21,68,0,37221.84
2025-08-01,ST009,PR0007,14,13,27,0,12,0.0
2025-08-01,ST009,PR0008,18,42,17,43,0,22642.08
2025-08-01,ST009,PR0009,31,54,15,70,0,46398.1
2025-08-01,ST009,PR0010,31,14,22,23,0,13939.38
2025-08-01,ST009,PR0011,44,4,14,34,0,24168.22
2025-08-01,ST009,PR0012,52,18,24,46,0,39385.2
2025-08-01,ST009,PR0013,49,19,0,68,0,50651.16
2025-08-01,ST009,PR0014,9,37,0,46,0,6928.52
2025-08-01,ST009,PR0015,54,17,2,69,0,16600.71
2025-08-01,ST009,PR0016,14,51,47,18,0,5208.48
2025-08-01,ST009,PR0017,40,32,33,39,0,11879.01
2025-08-01,ST009,PR0018,18,27,17,28,0,11540.48
2025-08-01,ST009,PR0019,13,27,18,22,0,11216.04
2025-08-01,ST009,PR0020,36,25,24,37,0,15348.71
2025-08-01,ST009,PR0021,20,19,13,26,0,16552.64
2025-08-01,ST009,PR0022,54,22,40,36,0,24276.24
2025-08-01,ST009,PR0023,5,28,17,16,0,10260.64
2025-08-01,ST009,PR0024,55,5,4,56,0,35950.32
2025-08-01,ST009,PR0025,24,5,12,17,0,15948.55
2025-08-01,ST009,PR0026,30,1,31,0,3,0.0
2025-08-01,ST009,PR0027,5,19,24,0,2,0.0
2025-08-01,ST009,PR0028,29,25,10,44,0,6331.6
2025-08-01,ST009,PR0029,41,20,20,41,0,10575.13
2025-08-01,ST009,PR0030,55,1,32,24,0,7099.68
2025-08-01,ST009,PR0031,52,20,35,37,0,14130.3
2025-08-01,ST009,PR0032,61,25,30,56,0,24290.56
2025-08-01,ST009,PR0033,56,23,18,61,0,28169.8
2025-08-01,ST009,PR0034,12,31,18,25,0,15150.0
2025-08-01,ST009,PR0035,36,17,31,22,0,11940.06
2025-08-01,ST009,PR0036,58,45,0,103,0,65818.03
2025-08-01,ST009,PR0037,12,52,22,42,0,32353.44
2025-08-01,ST009,PR0038,63,51,19,95,0,73558.5
2025-08-01,ST009,PR0039,17,38,36,19,0,17266.44
2025-08-01,ST009,PR0040,14,27,22,19,0,16718.86
2025-08-01,ST009,PR0041,46,16,41,21,0,20651.19
2025-08-01,ST009,PR0042,55,1,15,41,0,5762.55
2025-08-01,ST009,PR0043,45,24,46,23,0,4681.42
2025-08-01,ST009,PR0044,54,36,28,62,0,16201.22
2025-08-01,ST009,PR0045,30,21,25,26,0,7437.3
2025-08-01,ST009,PR0046,31,52,20,63,0,22512.42
2025-08-01,ST009,PR0047,43,24,13,54,0,20805.66
2025-08-01,ST009,PR0048,11,1,9,3,0,1405.56
2025-08-01,ST009,PR0049,9,25,14,20,0,11985.0
2025-08-01,ST009,PR0050,20,48,18,50,0,29687.5
2025-08-01,ST009,PR0051,35,8,29,14,0,9088.66
2025-08-01,ST009,PR0052,28,43,23,48,0,31555.68
2025-08-01,ST009,PR0053,26,14,40,0,7,0.0
2025-08-01,ST009,PR0054,38,49,34,53,0,52916.79
2025-08-01,ST009,PR0055,11,23,4,30,0,28905.3
2025-08-01,ST009,PR0056,17,8,4,21,0,3729.81
2025-08-01,ST009,PR0057,62,8,37,33,0,6552.48
2025-08-01,ST009,PR0058,26,14,38,2,4,619.16
2025-08-01,ST009,PR0059,26,55,19,62,0,18418.34
2025-08-01,ST009,PR0060,40,20,13,47,0,17854.83
2025-08-01,ST010,PR0001,38,44,20,62,0,14859.54
2025-08-01,ST010,PR0002,27,9,6,30,0,6968.7
2025-08-01,ST010,PR0003,40,49,23,66,0,20577.48
2025-08-01,ST010,PR0004,8,17,25,0,12,0.0
2025-08-01,ST010,PR0005,36,10,22,24,0,11928.0
2025-08-01,ST010,PR0006,62,7,30,39,0,21347.82
2025-08-01,ST010,PR0007,57,1,20,38,0,24913.56
2025-08-01,ST010,PR0008,39,41,21,59,0,31067.04
2025-08-01,ST010,PR0009,64,36,0,100,0,66283.0
2025-08-01,ST010,PR0010,64,36,0,100,0,60606.0
2025-08-01,ST010,PR0011,32,6,19,19,0,13505.77
2025-08-01,ST010,PR0012,46,0,17,29,0,24829.8
2025-08-01,ST010,PR0013,54,48,20,82,0,61079.34
2025-08-01,ST010,PR0014,14,49,27,36,0,5422.32
2025-08-01,ST010,PR0015,25,5,20,10,0,2405.9
2025-08-01,ST010,PR0016,43,54,25,72,0,20833.92
2025-08-01,ST010,PR0017,56,47,24,79,0,24062.61
2025-08-01,ST010,PR0018,56,7,26,37,0,15249.92
2025-08-01,ST010,PR0019,57,34,21,70,0,35687.4
2025-08-01,ST010,PR0020,28,5,16,17,0,7052.11
2025-08-01,ST010,PR0021,30,38,55,13,0,8276.32
2025-08-01,ST010,PR0022,5,43,26,22,0,14835.48
2025-08-01,ST010,PR0023,16,36,7,45,0,28858.05
2025-08-01,ST010,PR0024,25,23,24,24,0,15407.28
2025-08-01,ST010,PR0025,62,54,32,84,0,78804.6
2025-08-01,ST010,PR0026,27,5,27,5,0,4002.7
2025-08-01,ST010,PR0027,13,48,28,33,0,25349.61
2025-08-01,ST010,PR0028,38,26,0,64,0,9209.6
2025-08-01,ST010,PR0029,58,4,25,37,0,9543.41
2025-08-01,ST010,PR0030,13,54,17,50,0,14791.0
2025-08-01,ST010,PR0031,21,21,8,34,0,12984.6
2025-08-01,ST010,PR0032,36,44,28,52,0,22555.52
2025-08-01,ST010,PR0033,63,34,26,71,0,32787.8
2025-08-01,ST010,PR0034,14,48,22,40,0,24240.0
2025-08-01,ST010,PR0035,12,47,26,33,0,17910.09
2025-08-01,ST010,PR0036,39,33,23,49,0,31311.49
2025-08-01,ST010,PR0037,34,18,18,34,0,26190.88
2025-08-01,ST010,PR0038,45,42,0,87,0,67364.1
2025-08-01,ST010,PR0039,9,37,26,20,0,18175.2
2025-08-01,ST010,PR0040,52,16,32,36,0,31677.84
2025-08-01,ST010,PR0041,46,15,9,52,0,51136.28
2025-08-01,ST010,PR0042,19,3,22,0,6,0.0
2025-08-01,ST010,PR0043,34,35,10,59,0,12008.86
2025-08-01,ST010,PR0044,52,3,33,22,0,5748.82
2025-08-01,ST010,PR0045,60,51,18,93,0,26602.65
2025-08-01,ST010,PR0046,55,18,38,35,0,12506.9
2025-08-01,ST010,PR0047,62,54,19,97,0,37373.13
2025-08-01,ST010,PR0048,22,4,2,24,0,11244.48
2025-08-01,ST010,PR0049,39,26,32,33,0,19775.25
2025-08-01,ST010,PR0050,41,6,32,15,0,8906.25
2025-08-01,ST010,PR0051,19,19,31,7,0,4544.33
2025-08-01,ST010,PR0052,8,40,20,28,0,18407.48
2025-08-01,ST010,PR0053,8,32,30,10,0,7257.1
2025-08-01,ST010,PR0054,28,22,16,34,0,33946.62
2025-08-01,ST010,PR0055,4,51,28,27,0,26014.77
2025-08-01,ST010,PR0056,37,40,39,38,0,6749.18
2025-08-01,ST010,PR0057,31,53,42,42,0,8339.52
2025-08-01,ST010,PR0058,12,14,26,0,8,0.0
2025-08-01,ST010,PR0059,63,25,7,81,0,24062.67
2025-08-01,ST010,PR0060,22,25,30,17,0,6458.13
2025-08-01,ST011,PR0001,15,10,0,25,0,5991.75
2025-08-01,ST011,PR0002,46,49,9,86,0,19976.94
2025-08-01,ST011,PR0003,31,21,10,42,0,13094.76
2025-08-01,ST011,PR0004,46,22,34,34,0,12099.58
2025-08-01,ST011,PR0005,34,29,47,16,0,7952.0
2025-08-01,ST011,PR0006,41,4,20,25,0,13684.5
2025-08-01,ST011,PR0007,61,36,54,43,0,28191.66
2025-08-01,ST011,PR0008,42,38,22,58,0,30540.48
2025-08-01,ST011,PR0009,6,51,21,36,0,23861.88
2025-08-01,ST011,PR0010,58,22,25,55,0,33333.3
2025-08-01,ST011,PR0011,32,3,23,12,0,8529.96
2025-08-01,ST011,PR0012,53,39,28,64,0,54796.8
2025-08-01,ST011,PR0013,55,41,19,77,0,57354.99
2025-08-01,ST011,PR0014,41,37,40,38,0,5723.56
2025-08-01,ST011,PR0015,7,34,19,22,0,5292.98
2025-08-01,ST011,PR0016,21,3,14,10,0,2893.6
2025-08-01,ST011,PR0017,50,1,33,18,0,5482.62
2025-08-01,ST011,PR0018,32,29,0,61,0,25141.76
2025-08-01,ST011,PR0019,48,25,28,45,0,22941.9
2025-08-01,ST011,PR0020,26,28,16,38,0,15763.54
2025-08-01,ST011,PR0021,19,44,40,23,0,14642.72
2025-08-01,ST011,PR0022,39,43,40,42,0,28322.28
2025-08-01,ST011,PR0023,64,14,12,66,0,42325.14
2025-08-01,ST011,PR0024,28,14,3,39,0,25036.83
2025-08-01,ST011,PR0025,8,22,30,0,7,0.0
2025-08-01,ST011,PR0026,27,16,21,22,0,17611.88
2025-08-01,ST011,PR0027,61,39,7,93,0,71439.81
2025-08-01,ST011,PR0028,38,30,10,58,0,8346.2
2025-08-01,ST011,PR0029,24,46,15,55,0,14186.15
2025-08-01,ST011,PR0030,18,30,16,32,0,9466.24
2025-08-01,ST011,PR0031,13,0,13,0,11,0.0
2025-08-01,ST011,PR0032,31,54,23,62,0,26893.12
2025-08-01,ST011,PR0033,65,12,7,70,0,32326.0
2025-08-01,ST011,PR0034,49,55,7,97,0,58782.0
2025-08-01,ST011,PR0035,64,32,10,86,0,46674.78
2025-08-01,ST011,PR0036,19,21,17,23,0,14697.23
2025-08-01,ST011,PR0037,46,55,28,73,0,56233.36
2025-08-01,ST011,PR0038,53,39,5,87,0,67364.1
2025-08-01,ST011,PR0039,27,32,37,22,0,19992.72
2025-08-01,ST011,PR0040,14,40,8,46,0,40477.24
2025-08-01,ST011,PR0041,25,2,27,0,8,0.0
2025-08-01,ST011,PR0042,12,37,25,24,0,3373.2
2025-08-01,ST011,PR0043,43,17,33,27,0,5495.58
2025-08-01,ST011,PR0044,60,9,19,50,0,13065.5
2025-08-01,ST011,PR0045,53,32,13,72,0,20595.6
2025-08-01,ST011,PR0046,25,37,26,36,0,12864.24
2025-08-01,ST011,PR0047,12,20,14,18,0,6935.22
2025-08-01,ST011,PR0048,17,31,21,27,0,12650.04
2025-08-01,ST011,PR0049,17,8,3,22,0,13183.5
2025-08-01,ST011,PR0050,54,16,0,70,0,41562.5
2025-08-01,ST011,PR0051,58,23,26,55,0,35705.45
2025-08-01,ST011,PR0052,9,14,23,0,7,0.0
2025-08-01,ST011,PR0053,21,4,25,0,12,0.0
2025-08-01,ST011,PR0054,51,37,37,51,0,50919.93
2025-08-01,ST011,PR0055,20,42,11,51,0,49139.01
2025-08-01,ST011,PR0056,42,30,8,64,0,11367.04
2025-08-01,ST011,PR0057,47,28,30,45,0,8935.2
2025-08-01,ST011,PR0058,5,29,34,0,5,0.0
2025-08-01,ST011,PR0059,32,44,23,53,0,15744.71
2025-08-01,ST011,PR0060,11,55,9,57,0,21653.73
2025-08-01,ST012,PR0001,59,23,12,70,0,16776.9
2025-08-01,ST012,PR0002,16,10,7,19,0,4413.51
2025-08-01,ST012,PR0003,25,9,34,0,9,0.0
2025-08-01,ST012,PR0004,42,19,9,52,0,18505.24
2025-08-01,ST012,PR0005,63,25,10,78,0,38766.0
2025-08-01,ST012,PR0006,44,46,18,72,0,39411.36
2025-08-01,ST012,PR0007,12,6,18,0,7,0.0
2025-08-01,ST012,PR0008,11,55,16,50,0,26328.0
2025-08-01,ST012,PR0009,11,19,1,29,0,19222.07
2025-08-01,ST012,PR0010,22,45,24,43,0,26060.58
2025-08-01,ST012,PR0011,53,32,39,46,0,32698.18
2025-08-01,ST012,PR0012,37,16,41,12,0,10274.4
2025-08-01,ST012,PR0013,35,27,4,58,0,43202.46
2025-08-01,ST012,PR0014,25,55,13,67,0,10091.54
2025-08-01,ST012,PR0015,25,9,18,16,0,3849.44
2025-08-01,ST012,PR0016,4,41,2,43,0,12442.48
2025-08-01,ST012,PR0017,43,25,4,64,0,19493.76
2025-08-01,ST012,PR0018,10,14,20,4,0,1648.64
2025-08-01,ST012,PR0019,45,1,28,18,0,9176.76
2025-08-01,ST012,PR0020,56,35,16,75,0,31112.25
2025-08-01,ST012,PR0021,41,15,31,25,0,15916.0
2025-08-01,ST012,PR0022,51,35,26,60,0,40460.4
2025-08-01,ST012,PR0023,61,14,38,37,0,23727.73
2025-08-01,ST012,PR0024,51,33,34,50,0,32098.5
2025-08-01,ST012,PR0025,15,3,18,0,2,0.0
2025-08-01,ST012,PR0026,46,36,17,65,0,52035.1
2025-08-01,ST012,PR0027,9,31,18,22,0,16899.74
2025-08-01,ST012,PR0028,15,18,25,8,0,1151.2
2025-08-01,ST012,PR0029,21,20,38,3,0,773.79
2025-08-01,ST012,PR0030,28,50,19,59,0,17453.38
2025-08-01,ST012,PR0031,27,34,43,18,0,6874.2
2025-08-01,ST012,PR0032,5,17,4,18,0,7807.68
2025-08-01,ST012,PR0033,54,20,23,51,0,23551.8
2025-08-01,ST012,PR0034,9,48,30,27,0,16362.0
2025-08-01,ST012,PR0035,50,9,26,33,0,17910.09
2025-08-01,ST012,PR0036,32,8,28,12,0,7668.12
2025-08-01,ST012,PR0037,18,21,23,16,0,12325.12
2025-08-01,ST012,PR0038,9,17,2,24,0,18583.2
2025-08-01,ST012,PR0039,56,49,25,80,0,72700.8
2025-08-01,ST012,PR0040,14,7,18,3,0,2639.82
2025-08-01,ST012,PR0041,60,12,30,42,0,41302.38
2025-08-01,ST012,PR0042,63,43,13,93,0,13071.15
2025-08-01,ST012,PR0043,42,28,16,54,0,10991.16
2025-08-01,ST012,PR0044,25,29,19,35,0,9145.85
2025-08-01,ST012,PR0045,50,35,7,78,0,22311.9
2025-08-01,ST012,PR0046,6,8,14,0,12,0.0
2025-08-01,ST012,PR0047,36,7,27,16,0,6164.64
2025-08-01,ST012,PR0048,30,13,30,13,0,6090.76
2025-08-01,ST012,PR0049,50,30,1,79,0,47340.75
2025-08-01,ST012,PR0050,63,7,10,60,0,35625.0
2025-08-01,ST012,PR0051,20,8,0,28,0,18177.32
2025-08-01,ST012,PR0052,49,27,22,54,0,35500.14
2025-08-01,ST012,PR0053,29,54,21,62,0,44994.02
2025-08-01,ST012,PR0054,24,17,18,23,0,22963.89
2025-08-01,ST012,PR0055,48,27,39,36,0,34686.36
2025-08-01,ST012,PR0056,44,43,35,52,0,9235.72
2025-08-01,ST012,PR0057,63,22,45,40,0,7942.4
2025-08-01,ST012,PR0058,56,31,22,65,0,20122.7
2025-08-01,ST012,PR0059,41,38,22,57,0,16932.99
2025-08-01,ST012,PR0060,65,26,21,70,0,26592.3
2025-08-01,ST013,PR0001,51,31,22,60,0,14380.2
2025-08-01,ST013,PR0002,57,8,27,38,0,8827.02
2025-08-01,ST013,PR0003,46,25,21,50,0,15589.0
2025-08-01,ST013,PR0004,18,24,20,22,0,7829.14
2025-08-01,ST013,PR0005,4,14,18,0,7,0.0
2025-08-01,ST013,PR0006,42,20,18,44,0,24084.72
2025-08-01,ST013,PR0007,56,36,16,76,0,49827.12
2025-08-01,ST013,PR0008,48,17,23,42,0,22115.52
2025-08-01,ST013,PR0009,32,17,2,47,0,31153.01
2025-08-01,ST013,PR0010,57,17,21,53,0,32121.18
2025-08-01,ST013,PR0011,65,43,20,88,0,62553.04
2025-08-01,ST013,PR0012,62,6,13,55,0,47091.0
2025-08-01,ST013,PR0013,40,24,28,36,0,26815.32
2025-08-01,ST013,PR0014,29,15,35,9,0,1355.58
2025-08-01,ST013,PR0015,51,38,48,41,0,9864.19
2025-08-01,ST013,PR0016,24,35,26,33,0,9548.88
2025-08-01,ST013,PR0017,7,24,31,0,8,0.0
2025-08-01,ST013,PR0018,41,30,29,42,0,17310.72
2025-08-01,ST013,PR0019,62,47,20,89,0,45373.98
2025-08-01,ST013,PR0020,49,36,28,57,0,23645.31
2025-08-01,ST013,PR0021,27,55,30,52,0,33105.28
2025-08-01,ST013,PR0022,54,50,32,72,0,48552.48
2025-08-01,ST013,PR0023,48,42,0,90,0,57716.1
2025-08-01,ST013,PR0024,29,53,22,60,0,38518.2
2025-08-01,ST013,PR0025,57,35,5,87,0,81619.05
2025-08-01,ST013,PR0026,48,17,18,47,0,37625.38
2025-08-01,ST013,PR0027,24,14,22,16,0,12290.72
2025-08-01,ST013,PR0028,18,15,12,21,0,3021.9
2025-08-01,ST013,PR0029,63,0,13,50,0,12896.5
2025-08-01,ST013,PR0030,14,27,17,24,0,7099.68
2025-08-01,ST013,PR0031,39,30,26,43,0,16421.7
2025-08-01,ST013,PR0032,59,22,6,75,0,32532.0
2025-08-01,ST013,PR0033,35,8,36,7,0,3232.6
2025-08-01,ST013,PR0034,63,47,13,97,0,58782.0
2025-08-01,ST013,PR0035,45,1,13,33,0,17910.09
2025-08-01,ST013,PR0036,61,31,26,66,0,42174.66
2025-08-01,ST013,PR0037,43,6,30,19,0,14636.08
2025-08-01,ST013,PR0038,27,18,16,29,0,22454.7
2025-08-01,ST013,PR0039,10,12,12,10,0,9087.6
2025-08-01,ST013,PR0040,36,35,24,47,0,41357.18
2025-08-01,ST013,PR0041,15,48,13,50,0,49169.5
2025-08-01,ST013,PR0042,51,22,2,71,0,9979.05
2025-08-01,ST013,PR0043,64,53,17,100,0,20354.0
2025-08-01,ST013,PR0044,13,8,19,2,8,522.62
2025-08-01,ST013,PR0045,45,19,19,45,0,12872.25
2025-08-01,ST013,PR0046,51,33,21,63,0,22512.42
2025-08-01,ST013,PR0047,62,54,25,91,0,35061.39
2025-08-01,ST013,PR0048,15,18,27,6,0,2811.12
2025-08-01,ST013,PR0049,63,43,23,83,0,49737.75
2025-08-01,ST013,PR0050,58,13,38,33,0,19593.75
2025-08-01,ST013,PR0051,48,55,16,87,0,56479.53
2025-08-01,ST013,PR0052,45,11,35,21,0,13805.61
2025-08-01,ST013,PR0053,56,53,32,77,0,55879.67
2025-08-01,ST013,PR0054,64,24,2,86,0,85864.98
2025-08-01,ST013,PR0055,20,33,29,24,0,23124.24
2025-08-01,ST013,PR0056,14,16,27,3,0,532.83
2025-08-01,ST013,PR0057,59,14,10,63,0,12509.28
2025-08-01,ST013,PR0058,53,38,29,62,0,19193.96
2025-08-01,ST013,PR0059,57,16,15,58,0,17230.06
2025-08-01,ST013,PR0060,41,17,17,41,0,15575.49
2025-08-01,ST014,PR0001,36,40,22,54,0,12942.18
2025-08-01,ST014,PR0002,48,42,23,67,0,15563.43
2025-08-01,ST014,PR0003,41,39,29,51,0,15900.78
2025-08-01,ST014,PR0004,11,17,0,28,0,9964.36
2025-08-01,ST014,PR0005,12,23,12,23,0,11431.0
2025-08-01,ST014,PR0006,57,19,27,49,0,26821.62
2025-08-01,ST014,PR0007,41,7,0,48,0,31469.76
2025-08-01,ST014,PR0008,26,1,23,4,0,2106.24
2025-08-01,ST014,PR0009,42,9,25,26,0,17233.58
2025-08-01,ST014,PR0010,58,43,30,71,0,43030.26
2025-08-01,ST014,PR0011,48,45,22,71,0,50468.93
2025-08-01,ST014,PR0012,15,24,25,14,0,11986.8
2025-08-01,ST014,PR0013,18,32,12,38,0,28305.06
2025-08-01,ST014,PR0014,44,38,0,82,0,12350.84
2025-08-01,ST014,PR0015,25,46,16,55,0,13232.45
2025-08-01,ST014,PR0016,33,31,24,40,0,11574.4
2025-08-01,ST014,PR0017,38,46,19,65,0,19798.35
2025-08-01,ST014,PR0018,25,51,24,52,0,21432.32
2025-08-01,ST014,PR0019,11,7,18,0,7,0.0
2025-08-01,ST014,PR0020,57,25,24,58,0,24060.14
2025-08-01,ST014,PR0021,62,8,40,30,0,19099.2
2025-08-01,ST014,PR0022,40,49,32,57,0,38437.38
2025-08-01,ST014,PR0023,49,16,26,39,0,25010.31
2025-08-01,ST014,PR0024,62,23,34,51,0,32740.47
2025-08-01,ST014,PR0025,4,38,21,21,0,19701.15
2025-08-01,ST014,PR0026,41,17,28,30,0,24016.2
2025-08-01,ST014,PR0027,14,36,20,30,0,23045.1
2025-08-01,ST014,PR0028,59,54,43,70,0,10073.0
2025-08-01,ST014,PR0029,26,10,32,4,0,1031.72
2025-08-01,ST014,PR0030,24,14,29,9,0,2662.38
2025-08-01,ST014,PR0031,48,3,21,30,0,11457.0
2025-08-01,ST014,PR0032,50,5,26,29,0,12579.04
2025-08-01,ST014,PR0033,57,22,40,39,0,18010.2
2025-08-01,ST014,PR0034,18,20,18,20,0,12120.0
2025-08-01,ST014,PR0035,44,40,21,63,0,34191.99
2025-08-01,ST014,PR0036,47,16,5,58,0,37062.58
2025-08-01,ST014,PR0037,62,31,28,65,0,50070.8
2025-08-01,ST014,PR0038,27,4,20,11,0,8517.3
2025-08-01,ST014,PR0039,52,46,14,84,0,76335.84
2025-08-01,ST014,PR0040,16,49,9,56,0,49276.64
2025-08-01,ST014,PR0041,65,34,5,94,0,92438.66
2025-08-01,ST014,PR0042,12,31,30,13,0,1827.15
2025-08-01,ST014,PR0043,21,51,1,71,0,14451.34
2025-08-01,ST014,PR0044,30,30,13,47,0,12281.57
2025-08-01,ST014,PR0045,26,18,22,22,0,6293.1
2025-08-01,ST014,PR0046,64,34,7,91,0,32517.94
2025-08-01,ST014,PR0047,24,45,18,51,0,19649.79
2025-08-01,ST014,PR0048,63,26,23,66,0,30922.32
2025-08-01,ST014,PR0049,58,43,28,73,0,43745.25
2025-08-01,ST014,PR0050,30,52,32,50,0,29687.5
2025-08-01,ST014,PR0051,5,4,9,0,11,0.0
2025-08-01,ST014,PR0052,28,34,33,29,0,19064.89
2025-08-01,ST014,PR0053,29,8,6,31,0,22497.01
2025-08-01,ST014,PR0054,5,26,0,31,0,30951.33
2025-08-01,ST014,PR0055,14,4,18,0,4,0.0
2025-08-01,ST014,PR0056,6,23,19,10,0,1776.1
2025-08-01,ST014,PR0057,27,50,37,40,0,7942.4
2025-08-01,ST014,PR0058,16,28,34,10,0,3095.8
2025-08-01,ST014,PR0059,9,38,17,30,0,8912.1
2025-08-01,ST014,PR0060,21,51,17,55,0,20893.95
2025-08-01,ST015,PR0001,37,10,31,16,0,3834.72
2025-08-01,ST015,PR0002,27,16,18,25,0,5807.25
2025-08-01,ST015,PR0003,48,18,11,55,0,17147.9
2025-08-01,ST015,PR0004,62,20,14,68,0,24199.16
2025-08-01,ST015,PR0005,7,35,31,11,0,5467.0
2025-08-01,ST015,PR0006,62,22,34,50,0,27369.0
2025-08-01,ST015,PR0007,48,27,48,27,0,17701.74
2025-08-01,ST015,PR0008,35,10,24,21,0,11057.76
2025-08-01,ST015,PR0009,16,4,20,0,9,0.0
2025-08-01,ST015,PR0010,38,31,12,57,0,34545.42
2025-08-01,ST015,PR0011,44,37,36,45,0,31987.35
2025-08-01,ST015,PR0012,54,31,8,77,0,65927.4
2025-08-01,ST015,PR0013,44,27,7,64,0,47671.68
2025-08-01,ST015,PR0014,13,25,32,6,0,903.72
2025-08-01,ST015,PR0015,49,3,29,23,0,5533.57
2025-08-01,ST015,PR0016,45,38,39,44,0,12731.84
2025-08-01,ST015,PR0017,23,32,25,30,0,9137.7
2025-08-01,ST015,PR0018,58,22,15,65,0,26790.4
2025-08-01,ST015,PR0019,59,3,34,28,0,14274.96
2025-08-01,ST015,PR0020,52,41,27,66,0,27378.78
2025-08-01,ST015,PR0021,10,13,23,0,5,0.0
2025-08-01,ST015,PR0022,15,45,17,43,0,28996.62
2025-08-01,ST015,PR0023,61,2,42,21,0,13467.09
2025-08-01,ST015,PR0024,34,44,20,58,0,37234.26
2025-08-01,ST015,PR0025,4,50,4,50,0,46907.5
2025-08-01,ST015,PR0026,31,12,43,0,7,0.0
2025-08-01,ST015,PR0027,28,38,0,66,0,50699.22
2025-08-01,ST015,PR0028,29,38,32,35,0,5036.5
2025-08-01,ST015,PR0029,64,42,12,94,0,24245.42
2025-08-01,ST015,PR0030,20,1,21,0,7,0.0
2025-08-01,ST015,PR0031,63,8,18,53,0,20240.7
2025-08-01,ST015,PR0032,14,43,6,51,0,22121.76
2025-08-01,ST015,PR0033,31,20,29,22,0,10159.6
2025-08-01,ST015,PR0034,63,21,20,64,0,38784.0
2025-08-01,ST015,PR0035,23,30,19,34,0,18452.82
2025-08-01,ST015,PR0036,31,46,39,38,0,24282.38
2025-08-01,ST015,PR0037,19,17,26,10,0,7703.2
2025-08-01,ST015,PR0038,58,44,21,81,0,62718.3
2025-08-01,ST015,PR0039,30,16,39,7,0,6361.32
2025-08-01,ST015,PR0040,58,43,39,62,0,54556.28
2025-08-01,ST015,PR0041,5,15,20,0,2,0.0
2025-08-01,ST015,PR0042,7,33,31,9,0,1264.95
2025-08-01,ST015,PR0043,26,15,38,3,0,610.62
2025-08-01,ST015,PR0044,5,17,22,0,8,0.0
2025-08-01,ST015,PR0045,48,35,28,55,0,15732.75
2025-08-01,ST015,PR0046,52,48,33,67,0,23941.78
2025-08-01,ST015,PR0047,35,24,35,24,0,9246.96
2025-08-01,ST015,PR0048,40,51,45,46,0,21551.92
2025-08-01,ST015,PR0049,62,4,9,57,0,34157.25
2025-08-01,ST015,PR0050,16,33,27,22,0,13062.5
2025-08-01,ST015,PR0051,30,55,12,73,0,47390.87
2025-08-01,ST015,PR0052,14,18,14,18,0,11833.38
2025-08-01,ST015,PR0053,13,18,22,9,0,6531.39
2025-08-01,ST015,PR0054,13,0,13,0,3,0.0
2025-08-01,ST015,PR0055,34,20,5,49,0,47211.99
2025-08-01,ST015,PR0056,23,48,14,57,0,10123.77
2025-08-01,ST015,PR0057,57,30,19,68,0,13502.08
2025-08-01,ST015,PR0058,65,41,24,82,0,25385.56
2025-08-01,ST015,PR0059,36,48,34,50,0,14853.5
2025-08-01,ST015,PR0060,25,35,20,40,0,15195.6
2025-08-01,ST016,PR0001,18,6,24,0,3,0.0
2025-08-01,ST016,PR0002,23,46,26,43,0,9988.47
2025-08-01,ST016,PR0003,63,49,31,81,0,25254.18
2025-08-01,ST016,PR0004,19,4,23,0,10,0.0
2025-08-01,ST016,PR0005,17,29,41,5,0,2485.0
2025-08-01,ST016,PR0006,20,17,29,8,0,4379.04
2025-08-01,ST016,PR0007,50,55,13,92,0,60317.04
2025-08-01,ST016,PR0008,34,43,23,54,0,28434.24
2025-08-01,ST016,PR0009,57,30,34,53,0,35129.99
2025-08-01,ST016,PR0010,50,10,18,42,0,25454.52
2025-08-01,ST016,PR0011,25,52,31,46,0,32698.18
2025-08-01,ST016,PR0012,46,51,33,64,0,54796.8
2025-08-01,ST016,PR0013,59,55,17,97,0,72252.39
2025-08-01,ST016,PR0014,19,54,25,48,0,7229.76
2025-08-01,ST016,PR0015,52,51,34,69,0,16600.71
2025-08-01,ST016,PR0016,32,19,17,34,0,9838.24
2025-08-01,ST016,PR0017,13,19,12,20,0,6091.8
2025-08-01,ST016,PR0018,43,41,11,73,0,30087.68
2025-08-01,ST016,PR0019,56,38,12,82,0,41805.24
2025-08-01,ST016,PR0020,36,40,25,51,0,21156.33
2025-08-01,ST016,PR0021,50,51,6,95,0,60480.8
2025-08-01,ST016,PR0022,23,0,23,0,8,0.0
2025-08-01,ST016,PR0023,54,47,23,78,0,50020.62
2025-08-01,ST016,PR0024,36,48,40,44,0,28246.68
2025-08-01,ST016,PR0025,21,39,47,13,0,12195.95
2025-08-01,ST016,PR0026,13,49,24,38,0,30420.52
2025-08-01,ST016,PR0027,24,43,35,32,0,24581.44
2025-08-01,ST016,PR0028,26,52,33,45,0,6475.5
2025-08-01,ST016,PR0029,38,18,0,56,0,14444.08
2025-08-01,ST016,PR0030,30,27,22,35,0,10353.7
2025-08-01,ST016,PR0031,29,20,12,37,0,14130.3
2025-08-01,ST016,PR0032,49,6,42,13,0,5638.88
2025-08-01,ST016,PR0033,46,52,25,73,0,33711.4
2025-08-01,ST016,PR0034,59,2,20,41,0,24846.0
2025-08-01,ST016,PR0035,38,21,33,26,0,14110.98
2025-08-01,ST016,PR0036,23,41,0,64,0,40896.64
2025-08-01,ST016,PR0037,48,43,22,69,0,53152.08
2025-08-01,ST016,PR0038,22,31,11,42,0,32520.6
2025-08-01,ST016,PR0039,65,52,35,82,0,74518.32
2025-08-01,ST016,PR0040,18,31,15,34,0,29917.96
2025-08-01,ST016,PR0041,52,45,21,76,0,74737.64
2025-08-01,ST016,PR0042,56,21,26,51,0,7168.05
2025-08-01,ST016,PR0043,35,38,9,64,0,13026.56
2025-08-01,ST016,PR0044,16,26,27,15,0,3919.65
2025-08-01,ST016,PR0045,53,15,6,62,0,17735.1
2025-08-01,ST016,PR0046,43,51,24,70,0,25013.8
2025-08-01,ST016,PR0047,40,44,26,58,0,22346.82
2025-08-01,ST016,PR0048,26,43,12,57,0,26705.64
2025-08-01,ST016,PR0049,48,39,15,72,0,43146.0
2025-08-01,ST016,PR0050,57,43,38,62,0,36812.5
2025-08-01,ST016,PR0051,29,3,24,8,0,5193.52
2025-08-01,ST016,PR0052,60,19,27,52,0,34185.32
2025-08-01,ST016,PR0053,23,15,30,8,0,5805.68
2025-08-01,ST016,PR0054,7,20,24,3,0,2995.29
2025-08-01,ST016,PR0055,16,46,48,14,0,13489.14
2025-08-01,ST016,PR0056,30,37,0,67,0,11899.87
2025-08-01,ST016,PR0057,13,11,24,0,2,0.0
2025-08-01,ST016,PR0058,58,11,0,69,0,21361.02
2025-08-01,ST016,PR0059,25,35,25,35,0,10397.45
2025-08-01,ST016,PR0060,53,20,16,57,0,21653.73
2025-08-01,ST017,PR0001,64,10,17,57,0,13661.19
2025-08-01,ST017,PR0002,37,5,23,19,0,4413.51
2025-08-01,ST017,PR0003,57,23,23,57,0,17771.46
2025-08-01,ST017,PR0004,31,26,6,51,0,18149.37
2025-08-01,ST017,PR0005,8,19,26,1,9,497.0
2025-08-01,ST017,PR0006,22,2,23,1,6,547.38
2025-08-01,ST017,PR0007,51,10,19,42,0,27536.04
2025-08-01,ST017,PR0008,6,13,9,10,0,5265.6
2025-08-01,ST017,PR0009,21,7,28,0,7,0.0
2025-08-01,ST017,PR0010,4,43,20,27,0,16363.62
2025-08-01,ST017,PR0011,24,6,26,4,0,2843.32
2025-08-01,ST017,PR0012,8,14,14,8,0,6849.6
2025-08-01,ST017,PR0013,55,43,27,71,0,52885.77
2025-08-01,ST017,PR0014,50,35,15,70,0,10543.4
2025-08-01,ST017,PR0015,56,20,26,50,0,12029.5
2025-08-01,ST017,PR0016,20,11,25,6,0,1736.16
2025-08-01,ST017,PR0017,41,20,13,48,0,14620.32
2025-08-01,ST017,PR0018,14,35,5,44,0,18135.04
2025-08-01,ST017,PR0019,43,37,26,54,0,27530.28
2025-08-01,ST017,PR0020,61,42,25,78,0,32356.74
2025-08-01,ST017,PR0021,50,47,21,76,0,48384.64
2025-08-01,ST017,PR0022,54,27,33,48,0,32368.32
2025-08-01,ST017,PR0023,12,22,34,0,12,0.0
2025-08-01,ST017,PR0024,35,26,27,34,0,21826.98
2025-08-01,ST017,PR0025,64,39,27,76,0,71299.4
2025-08-01,ST017,PR0026,41,30,6,65,0,52035.1
2025-08-01,ST017,PR0027,7,35,23,19,0,14595.23
2025-08-01,ST017,PR0028,40,24,41,23,0,3309.7
2025-08-01,ST017,PR0029,6,18,24,0,6,0.0
2025-08-01,ST017,PR0030,29,41,41,29,0,8578.78
2025-08-01,ST017,PR0031,7,40,35,12,0,4582.8
2025-08-01,ST017,PR0032,37,53,11,79,0,34267.04
2025-08-01,ST017,PR0033,36,30,17,49,0,22628.2
2025-08-01,ST017,PR0034,15,28,33,10,0,6060.0
2025-08-01,ST017,PR0035,54,30,16,68,0,36905.64
2025-08-01,ST017,PR0036,47,53,45,55,0,35145.55
2025-08-01,ST017,PR0037,13,22,21,14,0,10784.48
2025-08-01,ST017,PR0038,9,14,23,0,10,0.0
2025-08-01,ST017,PR0039,23,12,35,0,4,0.0
2025-08-01,ST017,PR0040,56,30,24,62,0,54556.28
2025-08-01,ST017,PR0041,19,7,26,0,10,0.0
2025-08-01,ST017,PR0042,32,39,35,36,0,5059.8
2025-08-01,ST017,PR0043,49,0,43,6,0,1221.24
2025-08-01,ST017,PR0044,5,25,30,0,2,0.0
2025-08-01,ST017,PR0045,15,32,31,16,0,4576.8
2025-08-01,ST017,PR0046,53,41,17,77,0,27515.18
2025-08-01,ST017,PR0047,11,48,20,39,0,15026.31
2025-08-01,ST017,PR0048,50,24,30,44,0,20614.88
2025-08-01,ST017,PR0049,51,19,36,34,0,20374.5
2025-08-01,ST017,PR0050,43,4,19,28,0,16625.0
2025-08-01,ST017,PR0051,35,51,3,83,0,53882.77
2025-08-01,ST017,PR0052,26,39,20,45,0,29583.45
2025-08-01,ST017,PR0053,51,21,29,43,0,31205.53
2025-08-01,ST017,PR0054,35,1,36,0,6,0.0
2025-08-01,ST017,PR0055,18,46,41,23,0,22160.73
2025-08-01,ST017,PR0056,9,45,33,21,0,3729.81
2025-08-01,ST017,PR0057,4,0,4,0,9,0.0
2025-08-01,ST017,PR0058,62,37,30,69,0,21361.02
2025-08-01,ST017,PR0059,8,15,0,23,0,6832.61
2025-08-01,ST017,PR0060,6,45,11,40,0,15195.6
2025-08-01,ST018,PR0001,6,31,18,19,0,4553.73
2025-08-01,ST018,PR0002,8,48,0,56,0,13008.24
2025-08-01,ST018,PR0003,52,32,27,57,0,17771.46
2025-08-01,ST018,PR0004,37,53,18,72,0,25622.64
2025-08-01,ST018,PR0005,51,47,27,71,0,35287.0
2025-08-01,ST018,PR0006,11,49,33,27,0,14779.26
2025-08-01,ST018,PR0007,33,15,21,27,0,17701.74
2025-08-01,ST018,PR0008,41,16,23,34,0,17903.04
2025-08-01,ST018,PR0009,45,41,23,63,0,41758.29
2025-08-01,ST018,PR0010,22,6,6,22,0,13333.32
2025-08-01,ST018,PR0011,32,54,28,58,0,41228.14
2025-08-01,ST018,PR0012,41,29,23,47,0,40241.4
2025-08-01,ST018,PR0013,56,13,23,46,0,34264.02
2025-08-01,ST018,PR0014,50,24,6,68,0,10242.16
2025-08-01,ST018,PR0015,34,42,23,53,0,12751.27
2025-08-01,ST018,PR0016,42,13,7,48,0,13889.28
2025-08-01,ST018,PR0017,53,52,36,69,0,21016.71
2025-08-01,ST018,PR0018,11,8,19,0,12,0.0
2025-08-01,ST018,PR0019,14,4,2,16,0,8157.12
2025-08-01,ST018,PR0020,51,45,14,82,0,34016.06
2025-08-01,ST018,PR0021,17,54,7,64,0,40744.96
2025-08-01,ST018,PR0022,4,18,22,0,7,0.0
2025-08-01,ST018,PR0023,15,33,16,32,0,20521.28
2025-08-01,ST018,PR0024,60,35,15,80,0,51357.6
2025-08-01,ST018,PR0025,13,3,11,5,0,4690.75
2025-08-01,ST018,PR0026,8,33,14,27,0,21614.58
2025-08-01,ST018,PR0027,28,17,34,11,0,8449.87
2025-08-01,ST018,PR0028,13,5,11,7,0,1007.3
2025-08-01,ST018,PR0029,5,13,18,0,5,0.0
2025-08-01,ST018,PR0030,31,19,10,40,0,11832.8
2025-08-01,ST018,PR0031,62,24,28,58,0,22150.2
2025-08-01,ST018,PR0032,10,10,5,15,0,6506.4
2025-08-01,ST018,PR0033,9,10,19,0,10,0.0
2025-08-01,ST018,PR0034,34,26,9,51,0,30906.0
2025-08-01,ST018,PR0035,26,49,17,58,0,31478.34
2025-08-01,ST018,PR0036,9,46,9,46,0,29394.46
2025-08-01,ST018,PR0037,34,52,0,86,0,66247.52
2025-08-01,ST018,PR0038,46,6,20,32,0,24777.6
2025-08-01,ST018,PR0039,38,32,35,35,0,31806.6
2025-08-01,ST018,PR0040,60,28,19,69,0,60715.86
2025-08-01,ST018,PR0041,31,26,31,26,0,25568.14
2025-08-01,ST018,PR0042,7,34,41,0,11,0.0
2025-08-01,ST018,PR0043,63,30,15,78,0,15876.12
2025-08-01,ST018,PR0044,23,31,34,20,0,5226.2
2025-08-01,ST018,PR0045,31,4,23,12,0,3432.6
2025-08-01,ST018,PR0046,65,35,15,85,0,30373.9
2025-08-01,ST018,PR0047,35,51,0,86,0,33134.94
2025-08-01,ST018,PR0048,51,15,24,42,0,19677.84
2025-08-01,ST018,PR0049,13,46,33,26,0,15580.5
2025-08-01,ST018,PR0050,28,50,23,55,0,32656.25
2025-08-01,ST018,PR0051,58,54,39,73,0,47390.87
2025-08-01,ST018,PR0052,60,19,23,56,0,36814.96
2025-08-01,ST018,PR0053,18,33,7,44,0,31931.24
2025-08-01,ST018,PR0054,4,34,26,12,0,11981.16
2025-08-01,ST018,PR0055,15,23,4,34,0,32759.34
2025-08-01,ST018,PR0056,59,28,20,67,0,11899.87
2025-08-01,ST018,PR0057,62,19,13,68,0,13502.08
2025-08-01,ST018,PR0058,53,37,34,56,0,17336.48
2025-08-01,ST018,PR0059,46,42,30,58,0,17230.06
2025-08-01,ST018,PR0060,62,10,23,49,0,18614.61
2025-08-01,ST019,PR0001,56,39,19,76,0,18214.92
2025-08-01,ST019,PR0002,49,40,22,67,0,15563.43
2025-08-01,ST019,PR0003,39,21,28,32,0,9976.96
2025-08-01,ST019,PR0004,33,11,0,44,0,15658.28
2025-08-01,ST019,PR0005,58,25,26,57,0,28329.0
2025-08-01,ST019,PR0006,38,49,27,60,0,32842.8
2025-08-01,ST019,PR0007,65,6,3,68,0,44582.16
2025-08-01,ST019,PR0008,56,41,50,47,0,24748.32
2025-08-01,ST019,PR0009,39,4,42,1,11,662.83
2025-08-01,ST019,PR0010,44,24,9,59,0,35757.54
2025-08-01,ST019,PR0011,25,34,29,30,0,21324.9
2025-08-01,ST019,PR0012,28,42,16,54,0,46234.8
2025-08-01,ST019,PR0013,65,45,34,76,0,56610.12
2025-08-01,ST019,PR0014,58,53,39,72,0,10844.64
2025-08-01,ST019,PR0015,64,12,28,48,0,11548.32
2025-08-01,ST019,PR0016,11,34,19,26,0,7523.36
2025-08-01,ST019,PR0017,61,37,21,77,0,23453.43
2025-08-01,ST019,PR0018,60,21,12,69,0,28439.04
2025-08-01,ST019,PR0019,63,33,10,86,0,43844.52
2025-08-01,ST019,PR0020,47,19,18,48,0,19911.84
2025-08-01,ST019,PR0021,13,15,4,24,0,15279.36
2025-08-01,ST019,PR0022,14,9,11,12,0,8092.08
2025-08-01,ST019,PR0023,4,29,20,13,0,8336.77
2025-08-01,ST019,PR0024,55,15,39,31,0,19901.07
2025-08-01,ST019,PR0025,4,26,17,13,0,12195.95
2025-08-01,ST019,PR0026,18,11,22,7,0,5603.78
2025-08-01,ST019,PR0027,47,5,13,39,0,29958.63
2025-08-01,ST019,PR0028,10,55,9,56,0,8058.4
2025-08-01,ST019,PR0029,65,48,17,96,0,24761.28
2025-08-01,ST019,PR0030,21,26,32,15,0,4437.3
2025-08-01,ST019,PR0031,62,49,22,89,0,33989.1
2025-08-01,ST019,PR0032,19,0,13,6,0,2602.56
2025-08-01,ST019,PR0033,65,11,33,43,0,19857.4
2025-08-01,ST019,PR0034,19,9,18,10,0,6060.0
2025-08-01,ST019,PR0035,63,4,12,55,0,29850.15
2025-08-01,ST019,PR0036,9,52,5,56,0,35784.56
2025-08-01,ST019,PR0037,54,33,14,73,0,56233.36
2025-08-01,ST019,PR0038,40,51,27,64,0,49555.2
2025-08-01,ST019,PR0039,22,43,22,43,0,39076.68
2025-08-01,ST019,PR0040,38,45,9,74,0,65115.56
2025-08-01,ST019,PR0041,52,29,3,78,0,76704.42
2025-08-01,ST019,PR0042,17,41,19,39,0,5481.45
2025-08-01,ST019,PR0043,54,44,38,60,0,12212.4
2025-08-01,ST019,PR0044,47,39,39,47,0,12281.57
2025-08-01,ST019,PR0045,23,33,25,31,0,8867.55
2025-08-01,ST019,PR0046,13,23,23,13,0,4645.42
2025-08-01,ST019,PR0047,41,5,34,12,0,4623.48
2025-08-01,ST019,PR0048,42,54,9,87,0,40761.24
2025-08-01,ST019,PR0049,9,43,15,37,0,22172.25
2025-08-01,ST019,PR0050,39,48,32,55,0,32656.25
2025-08-01,ST019,PR0051,59,53,3,109,0,70761.71
2025-08-01,ST019,PR0052,33,34,15,52,0,34185.32
2025-08-01,ST019,PR0053,45,8,15,38,0,27576.98
2025-08-01,ST019,PR0054,58,10,4,64,0,63899.52
2025-08-01,ST019,PR0055,31,39,13,57,0,54920.07
2025-08-01,ST019,PR0056,21,24,11,34,0,6038.74
2025-08-01,ST019,PR0057,18,31,15,34,0,6751.04
2025-08-01,ST019,PR0058,55,47,12,90,0,27862.2
2025-08-01,ST019,PR0059,56,41,35,62,0,18418.34
2025-08-01,ST019,PR0060,54,35,17,72,0,27352.08
2025-08-01,ST020,PR0001,12,46,38,20,0,4793.4
2025-08-01,ST020,PR0002,28,42,24,46,0,10685.34
2025-08-01,ST020,PR0003,23,0,23,0,8,0.0
2025-08-01,ST020,PR0004,19,48,36,31,0,11031.97
2025-08-01,ST020,PR0005,54,28,24,58,0,28826.0
2025-08-01,ST020,PR0006,8,47,4,51,0,27916.38
2025-08-01,ST020,PR0007,6,29,35,0,2,0.0
2025-08-01,ST020,PR0008,44,27,27,44,0,23168.64
2025-08-01,ST020,PR0009,48,29,9,68,0,45072.44
2025-08-01,ST020,PR0010,57,5,28,34,0,20606.04
2025-08-01,ST020,PR0011,50,18,18,50,0,35541.5
2025-08-01,ST020,PR0012,18,38,23,33,0,28254.6
2025-08-01,ST020,PR0013,35,2,33,4,0,2979.48
2025-08-01,ST020,PR0014,19,1,15,5,0,753.1
2025-08-01,ST020,PR0015,48,52,19,81,0,19487.79
2025-08-01,ST020,PR0016,53,15,27,41,0,11863.76
2025-08-01,ST020,PR0017,23,13,36,0,10,0.0
2025-08-01,ST020,PR0018,57,9,25,41,0,16898.56
2025-08-01,ST020,PR0019,63,52,38,77,0,39256.14
2025-08-01,ST020,PR0020,62,7,20,49,0,20326.67
2025-08-01,ST020,PR0021,51,14,22,43,0,27375.52
2025-08-01,ST020,PR0022,20,25,30,15,0,10115.1
2025-08-01,ST020,PR0023,63,12,23,52,0,33347.08
2025-08-01,ST020,PR0024,45,4,34,15,0,9629.55
2025-08-01,ST020,PR0025,19,32,17,34,0,31897.1
2025-08-01,ST020,PR0026,65,18,14,69,0,55237.26
2025-08-01,ST020,PR0027,14,30,35,9,0,6913.53
2025-08-01,ST020,PR0028,57,1,27,31,0,4460.9
2025-08-01,ST020,PR0029,51,31,12,70,0,18055.1
2025-08-01,ST020,PR0030,27,17,23,21,0,6212.22
2025-08-01,ST020,PR0031,9,39,26,22,0,8401.8
2025-08-01,ST020,PR0032,9,32,27,14,0,6072.64
2025-08-01,ST020,PR0033,59,7,19,47,0,21704.6
2025-08-01,ST020,PR0034,38,31,24,45,0,27270.0
2025-08-01,ST020,PR0035,60,35,16,79,0,42875.67
2025-08-01,ST020,PR0036,39,47,10,76,0,48564.76
2025-08-01,ST020,PR0037,49,33,26,56,0,43137.92
2025-08-01,ST020,PR0038,63,0,24,39,0,30197.7
2025-08-01,ST020,PR0039,10,20,23,7,0,6361.32
2025-08-01,ST020,PR0040,29,13,20,22,0,19358.68
2025-08-01,ST020,PR0041,55,6,14,47,0,46219.33
2025-08-01,ST020,PR0042,50,24,16,58,0,8151.9
2025-08-01,ST020,PR0043,28,52,1,79,0,16079.66
2025-08-01,ST020,PR0044,65,54,19,100,0,26131.0
2025-08-01,ST020,PR0045,27,22,0,49,0,14016.45
2025-08-01,ST020,PR0046,36,41,27,50,0,17867.0
2025-08-01,ST020,PR0047,48,50,13,85,0,32749.65
2025-08-01,ST020,PR0048,43,19,26,36,0,16866.72
2025-08-01,ST020,PR0049,47,43,18,72,0,43146.0
2025-08-01,ST020,PR0050,33,36,25,44,0,26125.0
2025-08-01,ST020,PR0051,42,30,27,45,0,29213.55
2025-08-01,ST020,PR0052,4,39,34,9,0,5916.69
2025-08-01,ST020,PR0053,45,38,12,71,0,51525.41
2025-08-01,ST020,PR0054,33,33,24,42,0,41934.06
2025-08-01,ST020,PR0055,43,54,14,83,0,79971.33
2025-08-01,ST020,PR0056,30,15,33,12,0,2131.32
2025-08-01,ST020,PR0057,32,0,22,10,0,1985.6
2025-08-01,ST020,PR0058,58,29,29,58,0,17955.64
2025-08-01,ST020,PR0059,28,25,17,36,0,10694.52
2025-08-01,ST020,PR0060,12,46,10,48,0,18234.72
2025-08-01,ST021,PR0001,19,50,11,58,0,13900.86
2025-08-01,ST021,PR0002,30,17,13,34,0,7897.86
2025-08-01,ST021,PR0003,20,48,36,32,0,9976.96
2025-08-01,ST021,PR0004,15,9,21,3,0,1067.61
2025-08-01,ST021,PR0005,59,16,25,50,0,24850.0
2025-08-01,ST021,PR0006,5,31,10,26,0,14231.88
2025-08-01,ST021,PR0007,61,35,19,77,0,50482.74
2025-08-01,ST021,PR0008,45,2,32,15,0,7898.4
2025-08-01,ST021,PR0009,43,13,28,28,0,18559.24
2025-08-01,ST021,PR0010,36,29,33,32,0,19393.92
2025-08-01,ST021,PR0011,63,39,20,82,0,58288.06
2025-08-01,ST021,PR0012,47,30,2,75,0,64215.0
2025-08-01,ST021,PR0013,39,9,17,31,0,23090.97
2025-08-01,ST021,PR0014,23,48,2,69,0,10392.78
2025-08-01,ST021,PR0015,45,37,16,66,0,15878.94
2025-08-01,ST021,PR0016,58,9,30,37,0,10706.32
2025-08-01,ST021,PR0017,26,12,37,1,4,304.59
2025-08-01,ST021,PR0018,27,46,11,62,0,25553.92
2025-08-01,ST021,PR0019,54,3,23,34,0,17333.88
2025-08-01,ST021,PR0020,63,33,36,60,0,24889.8
2025-08-01,ST021,PR0021,30,3,23,10,0,6366.4
2025-08-01,ST021,PR0022,42,36,17,61,0,41134.74
2025-08-01,ST021,PR0023,31,15,11,35,0,22445.15
2025-08-01,ST021,PR0024,49,3,24,28,0,17975.16
2025-08-01,ST021,PR0025,39,30,33,36,0,33773.4
2025-08-01,ST021,PR0026,57,4,28,33,0,26417.82
2025-08-01,ST021,PR0027,18,43,8,53,0,40713.01
2025-08-01,ST021,PR0028,9,37,33,13,0,1870.7
2025-08-01,ST021,PR0029,21,9,22,8,0,2063.44
2025-08-01,ST021,PR0030,42,33,18,57,0,16861.74
2025-08-01,ST021,PR0031,8,41,19,30,0,11457.0
2025-08-01,ST021,PR0032,7,23,16,14,0,6072.64
2025-08-01,ST021,PR0033,13,18,6,25,0,11545.0
2025-08-01,ST021,PR0034,23,53,27,49,0,29694.0
2025-08-01,ST021,PR0035,57,45,26,76,0,41247.48
2025-08-01,ST021,PR0036,29,20,34,15,0,9585.15
2025-08-01,ST021,PR0037,26,8,17,17,0,13095.44
2025-08-01,ST021,PR0038,14,46,42,18,0,13937.4
2025-08-01,ST021,PR0039,27,0,19,8,0,7270.08
2025-08-01,ST021,PR0040,41,22,19,44,0,38717.36
2025-08-01,ST021,PR0041,62,40,11,91,0,89488.49
2025-08-01,ST021,PR0042,55,12,15,52,0,7308.6
2025-08-01,ST021,PR0043,9,46,35,20,0,4070.8
2025-08-01,ST021,PR0044,28,48,34,42,0,10975.02
2025-08-01,ST021,PR0045,22,48,38,32,0,9153.6
2025-08-01,ST021,PR0046,58,41,20,79,0,28229.86
2025-08-01,ST021,PR0047,16,25,8,33,0,12714.57
2025-08-01,ST021,PR0048,7,2,9,0,3,0.0
2025-08-01,ST021,PR0049,20,32,27,25,0,14981.25
2025-08-01,ST021,PR0050,53,42,33,62,0,36812.5
2025-08-01,ST021,PR0051,46,35,23,58,0,37653.02
2025-08-01,ST021,PR0052,21,20,9,32,0,21037.12
2025-08-01,ST021,PR0053,23,0,10,13,0,9434.23
2025-08-01,ST021,PR0054,65,50,28,87,0,86863.41
2025-08-01,ST021,PR0055,16,26,32,10,0,9635.1
2025-08-01,ST021,PR0056,32,32,22,42,0,7459.62
2025-08-01,ST021,PR0057,10,15,14,11,0,2184.16
2025-08-01,ST021,PR0058,41,7,25,23,0,7120.34
2025-08-01,ST021,PR0059,56,17,6,67,0,19903.69
2025-08-01,ST021,PR0060,18,54,24,48,0,18234.72
2025-08-01,ST022,PR0001,36,3,25,14,0,3355.38
2025-08-01,ST022,PR0002,24,23,17,30,0,6968.7
2025-08-01,ST022,PR0003,53,54,19,88,0,27436.64
2025-08-01,ST022,PR0004,61,9,13,57,0,20284.59
2025-08-01,ST022,PR0005,37,50,40,47,0,23359.0
2025-08-01,ST022,PR0006,62,5,39,28,0,15326.64
2025-08-01,ST022,PR0007,38,3,8,33,0,21635.46
2025-08-01,ST022,PR0008,50,21,13,58,0,30540.48
2025-08-01,ST022,PR0009,17,43,6,54,0,35792.82
2025-08-01,ST022,PR0010,10,35,18,27,0,16363.62
2025-08-01,ST022,PR0011,4,10,14,0,3,0.0
2025-08-01,ST022,PR0012,46,27,7,66,0,56509.2
2025-08-01,ST022,PR0013,12,8,1,19,0,14152.53
2025-08-01,ST022,PR0014,10,33,1,42,0,6326.04
2025-08-01,ST022,PR0015,43,14,6,51,0,12270.09
2025-08-01,ST022,PR0016,15,52,18,49,0,14178.64
2025-08-01,ST022,PR0017,7,0,7,0,11,0.0
2025-08-01,ST022,PR0018,38,39,29,48,0,19783.68
2025-08-01,ST022,PR0019,31,20,30,21,0,10706.22
2025-08-01,ST022,PR0020,61,10,43,28,0,11615.24
2025-08-01,ST022,PR0021,50,35,17,68,0,43291.52
2025-08-01,ST022,PR0022,18,45,12,51,0,34391.34
2025-08-01,ST022,PR0023,56,38,23,71,0,45531.59
2025-08-01,ST022,PR0024,13,19,1,31,0,19901.07
2025-08-01,ST022,PR0025,9,6,5,10,0,9381.5
2025-08-01,ST022,PR0026,39,32,5,66,0,52835.64
2025-08-01,ST022,PR0027,58,48,6,100,0,76817.0
2025-08-01,ST022,PR0028,37,37,19,55,0,7914.5
2025-08-01,ST022,PR0029,63,37,28,72,0,18570.96
2025-08-01,ST022,PR0030,11,15,26,0,10,0.0
2025-08-01,ST022,PR0031,31,18,24,25,0,9547.5
2025-08-01,ST022,PR0032,58,1,30,29,0,12579.04
2025-08-01,ST022,PR0033,37,14,1,50,0,23090.0
2025-08-01,ST022,PR0034,46,17,0,63,0,38178.0
2025-08-01,ST022,PR0035,42,47,24,65,0,35277.45
2025-08-01,ST022,PR0036,55,22,4,73,0,46647.73
2025-08-01,ST022,PR0037,25,28,24,29,0,22339.28
2025-08-01,ST022,PR0038,9,35,11,33,0,25551.9
2025-08-01,ST022,PR0039,51,42,13,80,0,72700.8
2025-08-01,ST022,PR0040,6,51,25,32,0,28158.08
2025-08-01,ST022,PR0041,39,51,7,83,0,81621.37
2025-08-01,ST022,PR0042,30,38,20,48,0,6746.4
2025-08-01,ST022,PR0043,42,10,40,12,0,2442.48
2025-08-01,ST022,PR0044,26,0,26,0,12,0.0
2025-08-01,ST022,PR0045,24,13,25,12,0,3432.6
2025-08-01,ST022,PR0046,63,28,33,58,0,20725.72
2025-08-01,ST022,PR0047,17,8,17,8,0,3082.32
2025-08-01,ST022,PR0048,12,38,10,40,0,18740.8
2025-08-01,ST022,PR0049,38,27,27,38,0,22771.5
2025-08-01,ST022,PR0050,48,38,10,76,0,45125.0
2025-08-01,ST022,PR0051,42,26,14,54,0,35056.26
2025-08-01,ST022,PR0052,38,47,36,49,0,32213.09
2025-08-01,ST022,PR0053,65,1,18,48,0,34834.08
2025-08-01,ST022,PR0054,46,29,12,63,0,62901.09
2025-08-01,ST022,PR0055,12,50,0,62,0,59737.62
2025-08-01,ST022,PR0056,50,45,34,61,0,10834.21
2025-08-01,ST022,PR0057,48,49,22,75,0,14892.0
2025-08-01,ST022,PR0058,45,25,0,70,0,21670.6
2025-08-01,ST022,PR0059,34,32,28,38,0,11288.66
2025-08-01,ST022,PR0060,44,4,22,26,0,9877.14
2025-08-01,ST023,PR0001,10,25,23,12,0,2876.04
2025-08-01,ST023,PR0002,47,7,1,53,0,12311.37
2025-08-01,ST023,PR0003,28,26,22,32,0,9976.96
2025-08-01,ST023,PR0004,9,1,6,4,0,1423.48
2025-08-01,ST023,PR0005,35,43,2,76,0,37772.0
2025-08-01,ST023,PR0006,53,16,59,10,0,5473.8
2025-08-01,ST023,PR0007,60,13,29,44,0,28847.28
2025-08-01,ST023,PR0008,17,52,4,65,0,34226.4
2025-08-01,ST023,PR0009,55,29,23,61,0,40432.63
2025-08-01,ST023,PR0010,15,44,47,12,0,7272.72
2025-08-01,ST023,PR0011,44,9,22,31,0,22035.73
2025-08-01,ST023,PR0012,63,0,18,45,0,38529.0
2025-08-01,ST023,PR0013,4,15,2,17,0,12662.79
2025-08-01,ST023,PR0014,20,41,28,33,0,4970.46
2025-08-01,ST023,PR0015,63,44,27,80,0,19247.2
2025-08-01,ST023,PR0016,38,51,6,83,0,24016.88
2025-08-01,ST023,PR0017,49,19,29,39,0,11879.01
2025-08-01,ST023,PR0018,56,32,20,68,0,28026.88
2025-08-01,ST023,PR0019,7,30,37,0,12,0.0
2025-08-01,ST023,PR0020,46,53,3,96,0,39823.68
2025-08-01,ST023,PR0021,30,16,20,26,0,16552.64
2025-08-01,ST023,PR0022,11,18,0,29,0,19555.86
2025-08-01,ST023,PR0023,16,37,8,45,0,28858.05
2025-08-01,ST023,PR0024,28,22,20,30,0,19259.1
2025-08-01,ST023,PR0025,10,35,21,24,0,22515.6
2025-08-01,ST023,PR0026,56,43,37,62,0,49633.48
2025-08-01,ST023,PR0027,26,53,26,53,0,40713.01
2025-08-01,ST023,PR0028,31,9,17,23,0,3309.7
2025-08-01,ST023,PR0029,52,1,18,35,0,9027.55
2025-08-01,ST023,PR0030,48,8,34,22,0,6508.04
2025-08-01,ST023,PR0031,28,27,34,21,0,8019.9
2025-08-01,ST023,PR0032,22,0,22,0,10,0.0
2025-08-01,ST023,PR0033,45,20,11,54,0,24937.2
2025-08-01,ST023,PR0034,32,51,19,64,0,38784.0
2025-08-01,ST023,PR0035,9,22,2,29,0,15739.17
2025-08-01,ST023,PR0036,34,35,24,45,0,28755.45
2025-08-01,ST023,PR0037,45,40,13,72,0,55463.04
2025-08-01,ST023,PR0038,10,40,18,32,0,24777.6
2025-08-01,ST023,PR0039,38,29,28,39,0,35441.64
2025-08-01,ST023,PR0040,7,45,14,38,0,33437.72
2025-08-01,ST023,PR0041,56,25,50,31,0,30485.09
2025-08-01,ST023,PR0042,42,41,25,58,0,8151.9
2025-08-01,ST023,PR0043,18,26,22,22,0,4477.88
2025-08-01,ST023,PR0044,12,41,11,42,0,10975.02
2025-08-01,ST023,PR0045,15,15,17,13,0,3718.65
2025-08-01,ST023,PR0046,52,20,27,45,0,16080.3
2025-08-01,ST023,PR0047,51,40,40,51,0,19649.79
2025-08-01,ST023,PR0048,65,35,8,92,0,43103.84
2025-08-01,ST023,PR0049,33,8,32,9,0,5393.25
2025-08-01,ST023,PR0050,22,23,16,29,0,17218.75
2025-08-01,ST023,PR0051,65,30,22,73,0,47390.87
2025-08-01,ST023,PR0052,21,48,36,33,0,21694.53
2025-08-01,ST023,PR0053,52,48,16,84,0,60959.64
2025-08-01,ST023,PR0054,57,0,28,29,0,28954.47
2025-08-01,ST023,PR0055,52,5,14,43,0,41430.93
2025-08-01,ST023,PR0056,17,14,18,13,0,2308.93
2025-08-01,ST023,PR0057,59,6,8,57,0,11317.92
2025-08-01,ST023,PR0058,59,29,30,58,0,17955.64
2025-08-01,ST023,PR0059,35,40,19,56,0,16635.92
2025-08-01,ST023,PR0060,39,12,9,42,0,15955.38
2025-08-01,ST024,PR0001,28,46,23,51,0,12223.17
2025-08-01,ST024,PR0002,22,25,10,37,0,8594.73
2025-08-01,ST024,PR0003,26,7,33,0,4,0.0
2025-08-01,ST024,PR0004,15,4,17,2,7,711.74
2025-08-01,ST024,PR0005,33,19,7,45,0,22365.0
2025-08-01,ST024,PR0006,13,33,18,28,0,15326.64
2025-08-01,ST024,PR0007,62,40,14,88,0,57694.56
2025-08-01,ST024,PR0008,38,8,17,29,0,15270.24
2025-08-01,ST024,PR0009,39,40,46,33,0,21873.39
2025-08-01,ST024,PR0010,33,9,39,3,0,1818.18
2025-08-01,ST024,PR0011,40,10,27,23,0,16349.09
2025-08-01,ST024,PR0012,58,21,36,43,0,36816.6
2025-08-01,ST024,PR0013,9,47,31,25,0,18621.75
2025-08-01,ST024,PR0014,8,5,6,7,0,1054.34
2025-08-01,ST024,PR0015,36,29,18,47,0,11307.73
2025-08-01,ST024,PR0016,30,47,13,64,0,18519.04
2025-08-01,ST024,PR0017,48,46,21,73,0,22235.07
2025-08-01,ST024,PR0018,7,35,31,11,0,4533.76
2025-08-01,ST024,PR0019,29,44,26,47,0,23961.54
2025-08-01,ST024,PR0020,9,51,11,49,0,20326.67
2025-08-01,ST024,PR0021,61,48,17,92,0,58570.88
2025-08-01,ST024,PR0022,60,21,9,72,0,48552.48
2025-08-01,ST024,PR0023,58,28,19,67,0,42966.43
2025-08-01,ST024,PR0024,38,3,19,22,0,14123.34
2025-08-01,ST024,PR0025,65,5,45,25,0,23453.75
2025-08-01,ST024,PR0026,50,38,27,61,0,48832.94
2025-08-01,ST024,PR0027,29,10,10,29,0,22276.93
2025-08-01,ST024,PR0028,6,54,33,27,0,3885.3
2025-08-01,ST024,PR0029,47,47,6,88,0,22697.84
2025-08-01,ST024,PR0030,32,6,29,9,0,2662.38
2025-08-01,ST024,PR0031,49,21,32,38,0,14512.2
2025-08-01,ST024,PR0032,65,17,22,60,0,26025.6
2025-08-01,ST024,PR0033,9,3,12,0,2,0.0
2025-08-01,ST024,PR0034,16,22,16,22,0,13332.0
2025-08-01,ST024,PR0035,44,18,19,43,0,23337.39
2025-08-01,ST024,PR0036,35,7,17,25,0,15975.25
2025-08-01,ST024,PR0037,53,24,8,69,0,53152.08
2025-08-01,ST024,PR0038,39,55,41,53,0,41037.9
2025-08-01,ST024,PR0039,33,55,21,67,0,60886.92
2025-08-01,ST024,PR0040,37,45,21,61,0,53676.34
2025-08-01,ST024,PR0041,59,26,27,58,0,57036.62
2025-08-01,ST024,PR0042,8,6,14,0,6,0.0
2025-08-01,ST024,PR0043,13,10,14,9,0,1831.86
2025-08-01,ST024,PR0044,64,19,36,47,0,12281.57
2025-08-01,ST024,PR0045,8,41,34,15,0,4290.75
2025-08-01,ST024,PR0046,5,17,22,0,9,0.0
2025-08-01,ST024,PR0047,19,16,15,20,0,7705.8
2025-08-01,ST024,PR0048,32,26,27,31,0,14524.12
2025-08-01,ST024,PR0049,24,54,22,56,0,33558.0
2025-08-01,ST024,PR0050,26,55,4,77,0,45718.75
2025-08-01,ST024,PR0051,57,47,20,84,0,54531.96
2025-08-01,ST024,PR0052,54,9,13,50,0,32870.5
2025-08-01,ST024,PR0053,63,32,20,75,0,54428.25
2025-08-01,ST024,PR0054,53,44,19,78,0,77877.54
2025-08-01,ST024,PR0055,5,54,24,35,0,33722.85
2025-08-01,ST024,PR0056,29,27,27,29,0,5150.69
2025-08-01,ST024,PR0057,46,21,54,13,0,2581.28
2025-08-01,ST024,PR0058,38,52,16,74,0,22908.92
2025-08-01,ST024,PR0059,54,32,26,60,0,17824.2
2025-08-01,ST024,PR0060,59,14,26,47,0,17854.83
2025-09-01,ST001,PR0001,35,4,20,19,0,4553.73
2025-09-01,ST001,PR0002,62,19,15,66,0,15331.14
2025-09-01,ST001,PR0003,21,54,27,48,0,14965.44
2025-09-01,ST001,PR0004,19,44,32,31,0,11031.97
2025-09-01,ST001,PR0005,37,0,25,12,0,5964.0
2025-09-01,ST001,PR0006,46,42,24,64,0,35032.32
2025-09-01,ST001,PR0007,58,20,31,47,0,30814.14
2025-09-01,ST001,PR0008,10,5,12,3,0,1579.68
2025-09-01,ST001,PR0009,28,51,0,79,0,52363.57
2025-09-01,ST001,PR0010,54,49,18,85,0,51515.1
2025-09-01,ST001,PR0011,18,48,23,43,0,30565.69
2025-09-01,ST001,PR0012,31,8,10,29,0,24829.8
2025-09-01,ST001,PR0013,44,7,11,40,0,29794.8
2025-09-01,ST001,PR0014,33,53,12,74,0,11145.88
2025-09-01,ST001,PR0015,35,32,41,26,0,6255.34
2025-09-01,ST001,PR0016,5,21,13,13,0,3761.68
2025-09-01,ST001,PR0017,58,14,28,44,0,13401.96
2025-09-01,ST001,PR0018,61,12,20,53,0,21844.48
2025-09-01,ST001,PR0019,21,19,0,40,0,20392.8
2025-09-01,ST001,PR0020,11,48,2,57,0,23645.31
2025-09-01,ST001,PR0021,29,44,27,46,0,29285.44
2025-09-01,ST001,PR0022,59,34,18,75,0,50575.5
2025-09-01,ST001,PR0023,49,5,8,46,0,29499.34
2025-09-01,ST001,PR0024,7,55,30,32,0,20543.04
2025-09-01,ST001,PR0025,25,18,29,14,0,13134.1
2025-09-01,ST001,PR0026,59,30,17,72,0,57638.88
2025-09-01,ST001,PR0027,35,3,16,22,0,16899.74
2025-09-01,ST001,PR0028,4,38,12,30,0,4317.0
2025-09-01,ST001,PR0029,28,53,16,65,0,16765.45
2025-09-01,ST001,PR0030,12,12,24,0,4,0.0
2025-09-01,ST001,PR0031,28,35,16,47,0,17949.3
2025-09-01,ST001,PR0032,36,47,14,69,0,29929.44
2025-09-01,ST001,PR0033,37,31,32,36,0,16624.8
2025-09-01,ST001,PR0034,48,12,12,48,0,29088.0
2025-09-01,ST001,PR0035,20,5,15,10,0,5427.3
2025-09-01,ST001,PR0036,39,4,29,14,0,8946.14
2025-09-01,ST001,PR0037,31,54,27,58,0,44678.56
2025-09-01,ST001,PR0038,37,17,23,31,0,24003.3
2025-09-01,ST001,PR0039,38,15,15,38,0,34532.88
2025-09-01,ST001,PR0040,51,25,21,55,0,48396.7
2025-09-01,ST001,PR0041,10,28,22,16,0,15734.24
2025-09-01,ST001,PR0042,24,44,18,50,0,7027.5
2025-09-01,ST001,PR0043,55,12,25,42,0,8548.68
2025-09-01,ST001,PR0044,4,32,14,22,0,5748.82
2025-09-01,ST001,PR0045,45,52,31,66,0,18879.3
2025-09-01,ST001,PR0046,58,6,38,26,0,9290.84
2025-09-01,ST001,PR0047,12,18,9,21,0,8091.09
2025-09-01,ST001,PR0048,43,25,35,33,0,15461.16
2025-09-01,ST001,PR0049,25,17,21,21,0,12584.25
2025-09-01,ST001,PR0050,13,1,14,0,7,0.0
2025-09-01,ST001,PR0051,29,31,51,9,0,5842.71
2025-09-01,ST001,PR0052,30,44,17,57,0,37472.37
2025-09-01,ST001,PR0053,13,19,13,19,0,13788.49
2025-09-01,ST001,PR0054,10,17,3,24,0,23962.32
2025-09-01,ST001,PR0055,31,31,21,41,0,39503.91
2025-09-01,ST001,PR0056,56,43,0,99,0,17583.39
2025-09-01,ST001,PR0057,38,21,18,41,0,8140.96
2025-09-01,ST001,PR0058,59,25,10,74,0,22908.92
2025-09-01,ST001,PR0059,32,38,18,52,0,15447.64
2025-09-01,ST001,PR0060,20,35,3,52,0,19754.28
2025-09-01,ST002,PR0001,28,14,32,10,0,2396.7
2025-09-01,ST002,PR0002,14,14,16,12,0,2787.48
2025-09-01,ST002,PR0003,61,50,23,88,0,27436.64
2025-09-01,ST002,PR0004,58,11,22,47,0,16725.89
2025-09-01,ST002,PR0005,61,14,13,62,0,30814.0
2025-09-01,ST002,PR0006,53,2,37,18,0,9852.84
2025-09-01,ST002,PR0007,29,41,26,44,0,28847.28
2025-09-01,ST002,PR0008,27,28,31,24,0,12637.44
2025-09-01,ST002,PR0009,37,10,35,12,0,7953.96
2025-09-01,ST002,PR0010,43,51,22,72,0,43636.32
2025-09-01,ST002,PR0011,9,5,14,0,5,0.0
2025-09-01,ST002,PR0012,8,13,21,0,8,0.0
2025-09-01,ST002,PR0013,13,3,7,9,0,6703.83
2025-09-01,ST002,PR0014,30,0,21,9,0,1355.58
2025-09-01,ST002,PR0015,25,16,10,31,0,7458.29
2025-09-01,ST002,PR0016,51,8,10,49,0,14178.64
2025-09-01,ST002,PR0017,14,9,23,0,9,0.0
2025-09-01,ST002,PR0018,14,47,0,61,0,25141.76
2025-09-01,ST002,PR0019,28,13,20,21,0,10706.22
2025-09-01,ST002,PR0020,57,30,29,58,0,24060.14
2025-09-01,ST002,PR0021,35,51,58,28,0,17825.92
2025-09-01,ST002,PR0022,60,19,4,75,0,50575.5
2025-09-01,ST002,PR0023,50,51,31,70,0,44890.3
2025-09-01,ST002,PR0024,43,27,20,50,0,32098.5
2025-09-01,ST002,PR0025,44,36,34,46,0,43154.9
2025-09-01,ST002,PR0026,49,39,0,88,0,70447.52
2025-09-01,ST002,PR0027,27,29,31,25,0,19204.25
2025-09-01,ST002,PR0028,17,32,29,20,0,2878.0
2025-09-01,ST002,PR0029,20,43,14,49,0,12638.57
2025-09-01,ST002,PR0030,58,0,8,50,0,14791.0
2025-09-01,ST002,PR0031,43,28,14,57,0,21768.3
2025-09-01,ST002,PR0032,49,33,32,50,0,21688.0
2025-09-01,ST002,PR0033,4,26,23,7,0,3232.6
2025-09-01,ST002,PR0034,39,38,26,51,0,30906.0
2025-09-01,ST002,PR0035,34,33,27,40,0,21709.2
2025-09-01,ST002,PR0036,31,12,43,0,11,0.0
2025-09-01,ST002,PR0037,14,18,32,0,12,0.0
2025-09-01,ST002,PR0038,8,45,41,12,0,9291.6
2025-09-01,ST002,PR0039,18,33,0,51,0,46346.76
2025-09-01,ST002,PR0040,10,6,16,0,8,0.0
2025-09-01,ST002,PR0041,27,25,38,14,0,13767.46
2025-09-01,ST002,PR0042,54,50,24,80,0,11244.0
2025-09-01,ST002,PR0043,25,49,21,53,0,10787.62
2025-09-01,ST002,PR0044,41,53,20,74,0,19336.94
2025-09-01,ST002,PR0045,8,54,27,35,0,10011.75
2025-09-01,ST002,PR0046,56,24,52,28,0,10005.52
2025-09-01,ST002,PR0047,33,27,25,35,0,13485.15
2025-09-01,ST002,PR0048,14,37,2,49,0,22957.48
2025-09-01,ST002,PR0049,35,22,19,38,0,22771.5
2025-09-01,ST002,PR0050,12,0,12,0,5,0.0
2025-09-01,ST002,PR0051,61,25,20,66,0,42846.54
2025-09-01,ST002,PR0052,54,27,13,68,0,44703.88
2025-09-01,ST002,PR0053,25,48,19,54,0,39188.34
2025-09-01,ST002,PR0054,12,46,47,11,0,10982.73
2025-09-01,ST002,PR0055,21,36,29,28,0,26978.28
2025-09-01,ST002,PR0056,65,37,14,88,0,15629.68
2025-09-01,ST002,PR0057,30,42,17,55,0,10920.8
2025-09-01,ST002,PR0058,57,3,0,60,0,18574.8
2025-09-01,ST002,PR0059,58,9,13,54,0,16041.78
2025-09-01,ST002,PR0060,13,6,19,0,4,0.0
2025-09-01,ST003,PR0001,54,13,43,24,0,5752.08
2025-09-01,ST003,PR0002,50,49,27,72,0,16724.88
2025-09-01,ST003,PR0003,46,42,32,56,0,17459.68
2025-09-01,ST003,PR0004,63,44,28,79,0,28113.73
2025-09-01,ST003,PR0005,63,32,20,75,0,37275.0
2025-09-01,ST003,PR0006,59,45,17,87,0,47622.06
2025-09-01,ST003,PR0007,64,40,11,93,0,60972.66
2025-09-01,ST003,PR0008,24,40,26,38,0,20009.28
2025-09-01,ST003,PR0009,13,48,36,25,0,16570.75
2025-09-01,ST003,PR0010,52,46,17,81,0,49090.86
2025-09-01,ST003,PR0011,45,46,0,91,0,64685.53
2025-09-01,ST003,PR0012,29,36,28,37,0,31679.4
2025-09-01,ST003,PR0013,45,10,12,43,0,32029.41
2025-09-01,ST003,PR0014,57,30,7,80,0,12049.6
2025-09-01,ST003,PR0015,5,8,13,0,3,0.0
2025-09-01,ST003,PR0016,30,34,9,55,0,15914.8
2025-09-01,ST003,PR0017,57,45,19,83,0,25280.97
2025-09-01,ST003,PR0018,60,42,16,86,0,35445.76
2025-09-01,ST003,PR0019,29,51,40,40,0,20392.8
2025-09-01,ST003,PR0020,59,14,28,45,0,18667.35
2025-09-01,ST003,PR0021,13,35,29,19,0,12096.16
2025-09-01,ST003,PR0022,12,54,16,50,0,33717.0
2025-09-01,ST003,PR0023,11,45,0,56,0,35912.24
2025-09-01,ST003,PR0024,14,28,26,16,0,10271.52
2025-09-01,ST003,PR0025,56,4,5,55,0,51598.25
2025-09-01,ST003,PR0026,61,5,0,66,0,52835.64
2025-09-01,ST003,PR0027,28,33,38,23,0,17667.91
2025-09-01,ST003,PR0028,16,35,27,24,0,3453.6
2025-09-01,ST003,PR0029,5,51,39,17,0,4384.81
2025-09-01,ST003,PR0030,29,30,16,43,0,12720.26
2025-09-01,ST003,PR0031,49,55,26,78,0,29788.2
2025-09-01,ST003,PR0032,35,7,17,25,0,10844.0
2025-09-01,ST003,PR0033,5,3,8,0,12,0.0
2025-09-01,ST003,PR0034,54,54,8,100,0,60600.0
2025-09-01,ST003,PR0035,42,23,16,49,0,26593.77
2025-09-01,ST003,PR0036,49,10,35,24,0,15336.24
2025-09-01,ST003,PR0037,38,23,13,48,0,36975.36
2025-09-01,ST003,PR0038,58,54,16,96,0,74332.8
2025-09-01,ST003,PR0039,10,11,17,4,0,3635.04
2025-09-01,ST003,PR0040,6,52,2,56,0,49276.64
2025-09-01,ST003,PR0041,40,22,34,28,0,27534.92
2025-09-01,ST003,PR0042,50,29,8,71,0,9979.05
2025-09-01,ST003,PR0043,56,34,0,90,0,18318.6
2025-09-01,ST003,PR0044,20,25,32,13,0,3397.03
2025-09-01,ST003,PR0045,44,23,16,51,0,14588.55
2025-09-01,ST003,PR0046,18,44,29,33,0,11792.22
2025-09-01,ST003,PR0047,21,52,31,42,0,16182.18
2025-09-01,ST003,PR0048,27,46,28,45,0,21083.4
2025-09-01,ST003,PR0049,35,54,14,75,0,44943.75
2025-09-01,ST003,PR0050,41,15,18,38,0,22562.5
2025-09-01,ST003,PR0051,38,44,11,71,0,46092.49
2025-09-01,ST003,PR0052,51,8,28,31,0,20379.71
2025-09-01,ST003,PR0053,59,18,18,59,0,42816.89
2025-09-01,ST003,PR0054,53,39,21,71,0,70888.53
2025-09-01,ST003,PR0055,24,49,20,53,0,51066.03
2025-09-01,ST003,PR0056,56,14,39,31,0,5505.91
2025-09-01,ST003,PR0057,39,53,25,67,0,13303.52
2025-09-01,ST003,PR0058,12,4,16,0,10,0.0
2025-09-01,ST003,PR0059,16,48,6,58,0,17230.06
2025-09-01,ST003,PR0060,42,34,10,66,0,25072.74
2025-09-01,ST004,PR0001,33,46,9,70,0,16776.9
2025-09-01,ST004,PR0002,16,13,21,8,0,1858.32
2025-09-01,ST004,PR0003,23,33,20,36,0,11224.08
2025-09-01,ST004,PR0004,7,17,18,6,0,2135.22
2025-09-01,ST004,PR0005,36,13,20,29,0,14413.0
2025-09-01,ST004,PR0006,27,46,19,54,0,29558.52
2025-09-01,ST004,PR0007,62,36,22,76,0,49827.12
2025-09-01,ST004,PR0008,49,48,34,63,0,33173.28
2025-09-01,ST004,PR0009,52,20,0,72,0,47723.76
2025-09-01,ST004,PR0010,64,8,27,45,0,27272.7
2025-09-01,ST004,PR0011,43,55,24,74,0,52601.42
2025-09-01,ST004,PR0012,24,34,24,34,0,29110.8
2025-09-01,ST004,PR0013,56,10,46,20,0,14897.4
2025-09-01,ST004,PR0014,62,15,27,50,0,7531.0
2025-09-01,ST004,PR0015,59,2,16,45,0,10826.55
2025-09-01,ST004,PR0016,4,2,6,0,12,0.0
2025-09-01,ST004,PR0017,13,21,22,12,0,3655.08
2025-09-01,ST004,PR0018,40,7,13,34,0,14013.44
2025-09-01,ST004,PR0019,14,20,26,8,0,4078.56
2025-09-01,ST004,PR0020,60,36,10,86,0,35675.38
2025-09-01,ST004,PR0021,37,42,13,66,0,42018.24
2025-09-01,ST004,PR0022,30,3,28,5,0,3371.7
2025-09-01,ST004,PR0023,19,10,17,12,0,7695.48
2025-09-01,ST004,PR0024,4,38,20,22,0,14123.34
2025-09-01,ST004,PR0025,55,17,32,40,0,37526.0
2025-09-01,ST004,PR0026,41,6,37,10,0,8005.4
2025-09-01,ST004,PR0027,29,45,1,73,0,56076.41
2025-09-01,ST004,PR0028,40,48,7,81,0,11655.9
2025-09-01,ST004,PR0029,40,47,14,73,0,18828.89
2025-09-01,ST004,PR0030,41,37,31,47,0,13903.54
2025-09-01,ST004,PR0031,6,55,26,35,0,13366.5
2025-09-01,ST004,PR0032,15,35,35,15,0,6506.4
2025-09-01,ST004,PR0033,38,17,14,41,0,18933.8
2025-09-01,ST004,PR0034,65,26,41,50,0,30300.0
2025-09-01,ST004,PR0035,59,4,26,37,0,20081.01
2025-09-01,ST004,PR0036,56,34,21,69,0,44091.69
2025-09-01,ST004,PR0037,36,54,26,64,0,49300.48
2025-09-01,ST004,PR0038,41,42,35,48,0,37166.4
2025-09-01,ST004,PR0039,34,42,25,51,0,46346.76
2025-09-01,ST004,PR0040,4,24,11,17,0,14958.98
2025-09-01,ST004,PR0041,21,41,4,58,0,57036.62
2025-09-01,ST004,PR0042,60,34,38,56,0,7870.8
2025-09-01,ST004,PR0043,29,50,14,65,0,13230.1
2025-09-01,ST004,PR0044,20,25,34,11,0,2874.41
2025-09-01,ST004,PR0045,61,22,21,62,0,17735.1
2025-09-01,ST004,PR0046,34,5,15,24,0,8576.16
2025-09-01,ST004,PR0047,55,3,19,39,0,15026.31
2025-09-01,ST004,PR0048,48,23,31,40,0,18740.8
2025-09-01,ST004,PR0049,51,54,12,93,0,55730.25
2025-09-01,ST004,PR0050,5,9,0,14,0,8312.5
2025-09-01,ST004,PR0051,6,19,16,9,0,5842.71
2025-09-01,ST004,PR0052,24,4,28,0,9,0.0
2025-09-01,ST004,PR0053,44,27,45,26,0,18868.46
2025-09-01,ST004,PR0054,40,27,28,39,0,38938.77
2025-09-01,ST004,PR0055,13,17,23,7,0,6744.57
2025-09-01,ST004,PR0056,10,31,13,28,0,4973.08
2025-09-01,ST004,PR0057,13,39,18,34,0,6751.04
2025-09-01,ST004,PR0058,13,54,34,33,0,10216.14
2025-09-01,ST004,PR0059,8,23,31,0,2,0.0
2025-09-01,ST004,PR0060,57,26,5,78,0,29631.42
2025-09-01,ST005,PR0001,63,54,31,86,0,20611.62
2025-09-01,ST005,PR0002,24,21,0,45,0,10453.05
2025-09-01,ST005,PR0003,59,45,17,87,0,27124.86
2025-09-01,ST005,PR0004,6,26,28,4,0,1423.48
2025-09-01,ST005,PR0005,50,17,10,57,0,28329.0
2025-09-01,ST005,PR0006,44,47,20,71,0,38863.98
2025-09-01,ST005,PR0007,30,27,16,41,0,26880.42
2025-09-01,ST005,PR0008,36,42,33,45,0,23695.2
2025-09-01,ST005,PR0009,43,27,5,65,0,43083.95
2025-09-01,ST005,PR0010,18,10,28,0,5,0.0
2025-09-01,ST005,PR0011,37,16,23,30,0,21324.9
2025-09-01,ST005,PR0012,60,38,19,79,0,67639.8
2025-09-01,ST005,PR0013,19,20,26,13,0,9683.31
2025-09-01,ST005,PR0014,64,20,33,51,0,7681.62
2025-09-01,ST005,PR0015,60,8,15,53,0,12751.27
2025-09-01,ST005,PR0016,41,24,25,40,0,11574.4
2025-09-01,ST005,PR0017,24,48,1,71,0,21625.89
2025-09-01,ST005,PR0018,23,27,15,35,0,14425.6
2025-09-01,ST005,PR0019,25,35,0,60,0,30589.2
2025-09-01,ST005,PR0020,17,52,25,44,0,18252.52
2025-09-01,ST005,PR0021,52,2,54,0,10,0.0
2025-09-01,ST005,PR0022,49,37,14,72,0,48552.48
2025-09-01,ST005,PR0023,25,6,23,8,0,5130.32
2025-09-01,ST005,PR0024,60,8,35,33,0,21185.01
2025-09-01,ST005,PR0025,32,48,29,51,0,47845.65
2025-09-01,ST005,PR0026,44,53,17,80,0,64043.2
2025-09-01,ST005,PR0027,51,32,32,51,0,39176.67
2025-09-01,ST005,PR0028,11,21,14,18,0,2590.2
2025-09-01,ST005,PR0029,30,8,21,17,0,4384.81
2025-09-01,ST005,PR0030,17,42,3,56,0,16565.92
2025-09-01,ST005,PR0031,17,46,26,37,0,14130.3
2025-09-01,ST005,PR0032,20,1,13,8,0,3470.08
2025-09-01,ST005,PR0033,42,24,28,38,0,17548.4
2025-09-01,ST005,PR0034,15,17,25,7,0,4242.0
2025-09-01,ST005,PR0035,58,24,16,66,0,35820.18
2025-09-01,ST005,PR0036,49,26,27,48,0,30672.48
2025-09-01,ST005,PR0037,33,4,27,10,0,7703.2
2025-09-01,ST005,PR0038,26,17,32,11,0,8517.3
2025-09-01,ST005,PR0039,4,3,7,0,7,0.0
2025-09-01,ST005,PR0040,14,32,0,46,0,40477.24
2025-09-01,ST005,PR0041,17,5,18,4,0,3933.56
2025-09-01,ST005,PR0042,38,29,3,64,0,8995.2
2025-09-01,ST005,PR0043,37,17,21,33,0,6716.82
2025-09-01,ST005,PR0044,60,9,13,56,0,14633.36
2025-09-01,ST005,PR0045,17,50,22,45,0,12872.25
2025-09-01,ST005,PR0046,11,15,23,3,0,1072.02
2025-09-01,ST005,PR0047,55,41,32,64,0,24658.56
2025-09-01,ST005,PR0048,25,37,3,59,0,27642.68
2025-09-01,ST005,PR0049,48,29,26,51,0,30561.75
2025-09-01,ST005,PR0050,19,30,13,36,0,21375.0
2025-09-01,ST005,PR0051,57,7,22,42,0,27265.98
2025-09-01,ST005,PR0052,63,28,26,65,0,42731.65
2025-09-01,ST005,PR0053,62,55,22,95,0,68942.45
2025-09-01,ST005,PR0054,51,54,0,105,0,104835.15
2025-09-01,ST005,PR0055,59,10,7,62,0,59737.62
2025-09-01,ST005,PR0056,23,22,23,22,0,3907.42
2025-09-01,ST005,PR0057,13,13,26,0,4,0.0
2025-09-01,ST005,PR0058,17,46,32,31,0,9596.98
2025-09-01,ST005,PR0059,30,29,5,54,0,16041.78
2025-09-01,ST005,PR0060,64,39,18,85,0,32290.65
2025-09-01,ST006,PR0001,17,29,46,0,2,0.0
2025-09-01,ST006,PR0002,64,39,40,63,0,14634.27
2025-09-01,ST006,PR0003,52,55,17,90,0,28060.2
2025-09-01,ST006,PR0004,6,21,0,27,0,9608.49
2025-09-01,ST006,PR0005,50,52,2,100,0,49700.0
2025-09-01,ST006,PR0006,38,34,24,48,0,26274.24
2025-09-01,ST006,PR0007,15,27,28,14,0,9178.68
2025-09-01,ST006,PR0008,61,31,22,70,0,36859.2
2025-09-01,ST006,PR0009,12,55,20,47,0,31153.01
2025-09-01,ST006,PR0010,32,41,43,30,0,18181.8
2025-09-01,ST006,PR0011,25,20,23,22,0,15638.26
2025-09-01,ST006,PR0012,41,21,42,20,0,17124.0
2025-09-01,ST006,PR0013,43,6,23,26,0,19366.62
2025-09-01,ST006,PR0014,42,20,34,28,0,4217.36
2025-09-01,ST006,PR0015,18,6,7,17,0,4090.03
2025-09-01,ST006,PR0016,5,43,2,46,0,13310.56
2025-09-01,ST006,PR0017,6,20,3,23,0,7005.57
2025-09-01,ST006,PR0018,37,10,31,16,0,6594.56
2025-09-01,ST006,PR0019,32,13,27,18,0,9176.76
2025-09-01,ST006,PR0020,12,0,12,0,3,0.0
2025-09-01,ST006,PR0021,27,3,15,15,0,9549.6
2025-09-01,ST006,PR0022,34,16,35,15,0,10115.1
2025-09-01,ST006,PR0023,44,27,42,29,0,18597.41
2025-09-01,ST006,PR0024,10,39,25,24,0,15407.28
2025-09-01,ST006,PR0025,36,2,12,26,0,24391.9
2025-09-01,ST006,PR0026,10,26,2,34,0,27218.36
2025-09-01,ST006,PR0027,24,0,0,24,0,18436.08
2025-09-01,ST006,PR0028,23,25,27,21,0,3021.9
2025-09-01,ST006,PR0029,45,32,24,53,0,13670.29
2025-09-01,ST006,PR0030,62,30,20,72,0,21299.04
2025-09-01,ST006,PR0031,53,43,20,76,0,29024.4
2025-09-01,ST006,PR0032,36,50,45,41,0,17784.16
2025-09-01,ST006,PR0033,60,32,28,64,0,29555.2
2025-09-01,ST006,PR0034,33,47,32,48,0,29088.0
2025-09-01,ST006,PR0035,37,52,23,66,0,35820.18
2025-09-01,ST006,PR0036,43,38,25,56,0,35784.56
2025-09-01,ST006,PR0037,17,33,28,22,0,16947.04
2025-09-01,ST006,PR0038,34,24,32,26,0,20131.8
2025-09-01,ST006,PR0039,42,48,10,80,0,72700.8
2025-09-01,ST006,PR0040,51,33,33,51,0,44876.94
2025-09-01,ST006,PR0041,45,0,21,24,0,23601.36
2025-09-01,ST006,PR0042,25,16,7,34,0,4778.7
2025-09-01,ST006,PR0043,61,41,28,74,0,15061.96
2025-09-01,ST006,PR0044,23,36,12,47,0,12281.57
2025-09-01,ST006,PR0045,12,37,23,26,0,7437.3
2025-09-01,ST006,PR0046,63,49,20,92,0,32875.28
2025-09-01,ST006,PR0047,56,39,24,71,0,27355.59
2025-09-01,ST006,PR0048,54,30,0,84,0,39355.68
2025-09-01,ST006,PR0049,24,15,14,25,0,14981.25
2025-09-01,ST006,PR0050,57,14,15,56,0,33250.0
2025-09-01,ST006,PR0051,34,40,9,65,0,42197.35
2025-09-01,ST006,PR0052,61,33,1,93,0,61139.13
2025-09-01,ST006,PR0053,24,47,33,38,0,27576.98
2025-09-01,ST006,PR0054,52,44,1,95,0,94850.85
2025-09-01,ST006,PR0055,58,21,13,66,0,63591.66
2025-09-01,ST006,PR0056,43,15,12,46,0,8170.06
2025-09-01,ST006,PR0057,41,55,13,83,0,16480.48
2025-09-01,ST006,PR0058,25,8,18,15,0,4643.7
2025-09-01,ST006,PR0059,9,32,5,36,0,10694.52
2025-09-01,ST006,PR0060,6,11,17,0,6,0.0
2025-09-01,ST007,PR0001,12,42,9,45,0,10785.15
2025-09-01,ST007,PR0002,10,12,17,5,0,1161.45
2025-09-01,ST007,PR0003,4,38,21,21,0,6547.38
2025-09-01,ST007,PR0004,31,5,25,11,0,3914.57
2025-09-01,ST007,PR0005,33,13,16,30,0,14910.0
2025-09-01,ST007,PR0006,33,44,27,50,0,27369.0
2025-09-01,ST007,PR0007,17,40,13,44,0,28847.28
2025-09-01,ST007,PR0008,7,18,15,10,0,5265.6
2025-09-01,ST007,PR0009,5,13,18,0,8,0.0
2025-09-01,ST007,PR0010,62,10,22,50,0,30303.0
2025-09-01,ST007,PR0011,34,41,11,64,0,45493.12
2025-09-01,ST007,PR0012,59,50,26,83,0,71064.6
2025-09-01,ST007,PR0013,4,4,7,1,11,744.87
2025-09-01,ST007,PR0014,33,53,27,59,0,8886.58
2025-09-01,ST007,PR0015,50,24,18,56,0,13473.04
2025-09-01,ST007,PR0016,21,43,25,39,0,11285.04
2025-09-01,ST007,PR0017,5,55,37,23,0,7005.57
2025-09-01,ST007,PR0018,53,19,10,62,0,25553.92
2025-09-01,ST007,PR0019,53,40,28,65,0,33138.3
2025-09-01,ST007,PR0020,8,51,21,38,0,15763.54
2025-09-01,ST007,PR0021,19,30,34,15,0,9549.6
2025-09-01,ST007,PR0022,13,32,29,16,0,10789.44
2025-09-01,ST007,PR0023,55,5,2,58,0,37194.82
2025-09-01,ST007,PR0024,15,1,16,0,7,0.0
2025-09-01,ST007,PR0025,64,52,21,95,0,89124.25
2025-09-01,ST007,PR0026,18,15,19,14,0,11207.56
2025-09-01,ST007,PR0027,5,11,16,0,8,0.0
2025-09-01,ST007,PR0028,16,54,30,40,0,5756.0
2025-09-01,ST007,PR0029,25,21,0,46,0,11864.78
2025-09-01,ST007,PR0030,56,13,29,40,0,11832.8
2025-09-01,ST007,PR0031,62,41,17,86,0,32843.4
2025-09-01,ST007,PR0032,55,47,9,93,0,40339.68
2025-09-01,ST007,PR0033,20,7,27,0,8,0.0
2025-09-01,ST007,PR0034,20,41,19,42,0,25452.0
2025-09-01,ST007,PR0035,54,42,11,85,0,46132.05
2025-09-01,ST007,PR0036,62,33,20,75,0,47925.75
2025-09-01,ST007,PR0037,41,28,9,60,0,46219.2
2025-09-01,ST007,PR0038,65,54,41,78,0,60395.4
2025-09-01,ST007,PR0039,37,4,22,19,0,17266.44
2025-09-01,ST007,PR0040,31,46,22,55,0,48396.7
2025-09-01,ST007,PR0041,15,9,13,11,0,10817.29
2025-09-01,ST007,PR0042,31,14,22,23,0,3232.65
2025-09-01,ST007,PR0043,20,28,22,26,0,5292.04
2025-09-01,ST007,PR0044,22,20,27,15,0,3919.65
2025-09-01,ST007,PR0045,9,42,18,33,0,9439.65
2025-09-01,ST007,PR0046,20,42,15,47,0,16794.98
2025-09-01,ST007,PR0047,43,50,17,76,0,29282.04
2025-09-01,ST007,PR0048,34,51,24,61,0,28579.72
2025-09-01,ST007,PR0049,37,13,19,31,0,18576.75
2025-09-01,ST007,PR0050,21,20,24,17,0,10093.75
2025-09-01,ST007,PR0051,49,28,28,49,0,31810.31
2025-09-01,ST007,PR0052,52,24,24,52,0,34185.32
2025-09-01,ST007,PR0053,28,10,33,5,0,3628.55
2025-09-01,ST007,PR0054,58,10,16,52,0,51918.36
2025-09-01,ST007,PR0055,48,19,33,34,0,32759.34
2025-09-01,ST007,PR0056,65,16,18,63,0,11189.43
2025-09-01,ST007,PR0057,10,43,7,46,0,9133.76
2025-09-01,ST007,PR0058,27,6,33,0,9,0.0
2025-09-01,ST007,PR0059,49,28,15,62,0,18418.34
2025-09-01,ST007,PR0060,18,12,24,6,0,2279.34
2025-09-01,ST008,PR0001,7,27,8,26,0,6231.42
2025-09-01,ST008,PR0002,63,16,22,57,0,13240.53
2025-09-01,ST008,PR0003,4,30,12,22,0,6859.16
2025-09-01,ST008,PR0004,52,34,24,62,0,22063.94
2025-09-01,ST008,PR0005,20,0,0,20,0,9940.0
2025-09-01,ST008,PR0006,21,36,9,48,0,26274.24
2025-09-01,ST008,PR0007,23,21,24,20,0,13112.4
2025-09-01,ST008,PR0008,47,29,17,59,0,31067.04
2025-09-01,ST008,PR0009,25,13,13,25,0,16570.75
2025-09-01,ST008,PR0010,55,53,5,103,0,62424.18
2025-09-01,ST008,PR0011,22,19,23,18,0,12794.94
2025-09-01,ST008,PR0012,39,40,38,41,0,35104.2
2025-09-01,ST008,PR0013,27,18,33,12,0,8938.44
2025-09-01,ST008,PR0014,56,45,44,57,0,8585.34
2025-09-01,ST008,PR0015,30,22,45,7,0,1684.13
2025-09-01,ST008,PR0016,17,52,11,58,0,16782.88
2025-09-01,ST008,PR0017,39,4,21,22,0,6700.98
2025-09-01,ST008,PR0018,41,22,15,48,0,19783.68
2025-09-01,ST008,PR0019,20,41,32,29,0,14784.78
2025-09-01,ST008,PR0020,8,30,20,18,0,7466.94
2025-09-01,ST008,PR0021,28,37,27,38,0,24192.32
2025-09-01,ST008,PR0022,4,43,36,11,0,7417.74
2025-09-01,ST008,PR0023,25,32,34,23,0,14749.67
2025-09-01,ST008,PR0024,7,42,13,36,0,23110.92
2025-09-01,ST008,PR0025,17,6,5,18,0,16886.7
2025-09-01,ST008,PR0026,38,43,14,67,0,53636.18
2025-09-01,ST008,PR0027,16,26,27,15,0,11522.55
2025-09-01,ST008,PR0028,48,9,37,20,0,2878.0
2025-09-01,ST008,PR0029,45,32,36,41,0,10575.13
2025-09-01,ST008,PR0030,26,34,25,35,0,10353.7
2025-09-01,ST008,PR0031,18,13,28,3,0,1145.7
2025-09-01,ST008,PR0032,35,25,7,53,0,22989.28
2025-09-01,ST008,PR0033,40,53,19,74,0,34173.2
2025-09-01,ST008,PR0034,41,42,8,75,0,45450.0
2025-09-01,ST008,PR0035,24,38,23,39,0,21166.47
2025-09-01,ST008,PR0036,18,48,18,48,0,30672.48
2025-09-01,ST008,PR0037,55,36,10,81,0,62395.92
2025-09-01,ST008,PR0038,45,46,15,76,0,58846.8
2025-09-01,ST008,PR0039,34,26,15,45,0,40894.2
2025-09-01,ST008,PR0040,6,36,18,24,0,21118.56
2025-09-01,ST008,PR0041,60,25,23,62,0,60970.18
2025-09-01,ST008,PR0042,20,10,30,0,12,0.0
2025-09-01,ST008,PR0043,59,31,23,67,0,13637.18
2025-09-01,ST008,PR0044,10,7,17,0,7,0.0
2025-09-01,ST008,PR0045,18,25,40,3,0,858.15
2025-09-01,ST008,PR0046,8,52,32,28,0,10005.52
2025-09-01,ST008,PR0047,64,1,24,41,0,15796.89
2025-09-01,ST008,PR0048,48,27,32,43,0,20146.36
2025-09-01,ST008,PR0049,53,10,4,59,0,35355.75
2025-09-01,ST008,PR0050,32,53,18,67,0,39781.25
2025-09-01,ST008,PR0051,9,22,31,0,4,0.0
2025-09-01,ST008,PR0052,36,25,8,53,0,34842.73
2025-09-01,ST008,PR0053,24,27,16,35,0,25399.85
2025-09-01,ST008,PR0054,17,53,9,61,0,60904.23
2025-09-01,ST008,PR0055,65,33,16,82,0,79007.82
2025-09-01,ST008,PR0056,18,28,28,18,0,3196.98
2025-09-01,ST008,PR0057,35,11,26,20,0,3971.2
2025-09-01,ST008,PR0058,16,38,29,25,0,7739.5
2025-09-01,ST008,PR0059,58,15,21,52,0,15447.64
2025-09-01,ST008,PR0060,33,13,46,0,9,0.0
2025-09-01,ST009,PR0001,17,43,6,54,0,12942.18
2025-09-01,ST009,PR0002,18,35,45,8,0,1858.32
2025-09-01,ST009,PR0003,58,52,0,110,0,34295.8
2025-09-01,ST009,PR0004,15,45,0,60,0,21352.2
2025-09-01,ST009,PR0005,57,17,48,26,0,12922.0
2025-09-01,ST009,PR0006,20,20,24,16,0,8758.08
2025-09-01,ST009,PR0007,62,7,13,56,0,36714.72
2025-09-01,ST009,PR0008,6,27,33,0,10,0.0
2025-09-01,ST009,PR0009,13,42,15,40,0,26513.2
2025-09-01,ST009,PR0010,12,18,30,0,10,0.0
2025-09-01,ST009,PR0011,30,8,34,4,0,2843.32
2025-09-01,ST009,PR0012,61,23,0,84,0,71920.8
2025-09-01,ST009,PR0013,43,14,25,32,0,23835.84
2025-09-01,ST009,PR0014,56,22,21,57,0,8585.34
2025-09-01,ST009,PR0015,47,12,35,24,0,5774.16
2025-09-01,ST009,PR0016,62,18,20,60,0,17361.6
2025-09-01,ST009,PR0017,5,2,7,0,9,0.0
2025-09-01,ST009,PR0018,65,18,17,66,0,27202.56
2025-09-01,ST009,PR0019,18,44,20,42,0,21412.44
2025-09-01,ST009,PR0020,17,29,35,11,0,4563.13
2025-09-01,ST009,PR0021,33,55,28,60,0,38198.4
2025-09-01,ST009,PR0022,10,55,41,24,0,16184.16
2025-09-01,ST009,PR0023,18,54,16,56,0,35912.24
2025-09-01,ST009,PR0024,31,51,35,47,0,30172.59
2025-09-01,ST009,PR0025,20,51,25,46,0,43154.9
2025-09-01,ST009,PR0026,49,23,0,72,0,57638.88
2025-09-01,ST009,PR0027,31,30,34,27,0,20740.59
2025-09-01,ST009,PR0028,17,41,16,42,0,6043.8
2025-09-01,ST009,PR0029,37,28,14,51,0,13154.43
2025-09-01,ST009,PR0030,56,2,29,29,0,8578.78
2025-09-01,ST009,PR0031,34,2,2,34,0,12984.6
2025-09-01,ST009,PR0032,57,42,30,69,0,29929.44
2025-09-01,ST009,PR0033,32,35,45,22,0,10159.6
2025-09-01,ST009,PR0034,14,29,19,24,0,14544.0
2025-09-01,ST009,PR0035,29,11,0,40,0,21709.2
2025-09-01,ST009,PR0036,45,32,2,75,0,47925.75
2025-09-01,ST009,PR0037,14,13,13,14,0,10784.48
2025-09-01,ST009,PR0038,42,37,23,56,0,43360.8
2025-09-01,ST009,PR0039,31,50,9,72,0,65430.72
2025-09-01,ST009,PR0040,17,18,26,9,0,7919.46
2025-09-01,ST009,PR0041,17,25,25,17,0,16717.63
2025-09-01,ST009,PR0042,15,36,31,20,0,2811.0
2025-09-01,ST009,PR0043,11,2,12,1,11,203.54
2025-09-01,ST009,PR0044,41,41,30,52,0,13588.12
2025-09-01,ST009,PR0045,45,0,13,32,0,9153.6
2025-09-01,ST009,PR0046,29,0,8,21,0,7504.14
2025-09-01,ST009,PR0047,6,52,10,48,0,18493.92
2025-09-01,ST009,PR0048,55,19,4,70,0,32796.4
2025-09-01,ST009,PR0049,65,39,49,55,0,32958.75
2025-09-01,ST009,PR0050,64,2,6,60,0,35625.0
2025-09-01,ST009,PR0051,12,45,31,26,0,16878.94
2025-09-01,ST009,PR0052,32,11,22,21,0,13805.61
2025-09-01,ST009,PR0053,63,14,25,52,0,37736.92
2025-09-01,ST009,PR0054,44,27,24,47,0,46926.21
2025-09-01,ST009,PR0055,13,31,25,19,0,18306.69
2025-09-01,ST009,PR0056,5,44,17,32,0,5683.52
2025-09-01,ST009,PR0057,40,37,28,49,0,9729.44
2025-09-01,ST009,PR0058,64,8,24,48,0,14859.84
2025-09-01,ST009,PR0059,43,18,36,25,0,7426.75
2025-09-01,ST009,PR0060,47,41,0,88,0,33430.32
2025-09-01,ST010,PR0001,60,52,5,107,0,25644.69
2025-09-01,ST010,PR0002,13,7,20,0,9,0.0
2025-09-01,ST010,PR0003,57,48,25,80,0,24942.4
2025-09-01,ST010,PR0004,57,44,19,82,0,29181.34
2025-09-01,ST010,PR0005,6,23,29,0,10,0.0
2025-09-01,ST010,PR0006,33,31,22,42,0,22989.96
2025-09-01,ST010,PR0007,20,33,23,30,0,19668.6
2025-09-01,ST010,PR0008,9,20,12,17,0,8951.52
2025-09-01,ST010,PR0009,61,36,8,89,0,58991.87
2025-09-01,ST010,PR0010,16,19,9,26,0,15757.56
2025-09-01,ST010,PR0011,5,10,15,0,4,0.0
2025-09-01,ST010,PR0012,52,12,21,43,0,36816.6
2025-09-01,ST010,PR0013,6,51,18,39,0,29049.93
2025-09-01,ST010,PR0014,37,38,3,72,0,10844.64
2025-09-01,ST010,PR0015,14,45,22,37,0,8901.83
2025-09-01,ST010,PR0016,56,31,15,72,0,20833.92
2025-09-01,ST010,PR0017,16,48,25,39,0,11879.01
2025-09-01,ST010,PR0018,45,44,28,61,0,25141.76
2025-09-01,ST010,PR0019,50,33,6,77,0,39256.14
2025-09-01,ST010,PR0020,18,1,19,0,8,0.0
2025-09-01,ST010,PR0021,54,20,10,64,0,40744.96
2025-09-01,ST010,PR0022,58,6,44,20,0,13486.8
2025-09-01,ST010,PR0023,13,49,18,44,0,28216.76
2025-09-01,ST010,PR0024,34,52,27,59,0,37876.23
2025-09-01,ST010,PR0025,56,47,17,86,0,80680.9
2025-09-01,ST010,PR0026,65,11,58,18,0,14409.72
2025-09-01,ST010,PR0027,55,5,19,41,0,31494.97
2025-09-01,ST010,PR0028,35,32,0,67,0,9641.3
2025-09-01,ST010,PR0029,20,13,33,0,9,0.0
2025-09-01,ST010,PR0030,52,5,15,42,0,12424.44
2025-09-01,ST010,PR0031,33,26,21,38,0,14512.2
2025-09-01,ST010,PR0032,9,17,26,0,2,0.0
2025-09-01,ST010,PR0033,24,24,19,29,0,13392.2
2025-09-01,ST010,PR0034,42,28,9,61,0,36966.0
2025-09-01,ST010,PR0035,60,13,15,58,0,31478.34
2025-09-01,ST010,PR0036,9,5,14,0,2,0.0
2025-09-01,ST010,PR0037,4,46,14,36,0,27731.52
2025-09-01,ST010,PR0038,61,13,39,35,0,27100.5
2025-09-01,ST010,PR0039,64,47,21,90,0,81788.4
2025-09-01,ST010,PR0040,48,16,8,56,0,49276.64
2025-09-01,ST010,PR0041,33,38,3,68,0,66870.52
2025-09-01,ST010,PR0042,57,42,15,84,0,11806.2
2025-09-01,ST010,PR0043,58,25,29,54,0,10991.16
2025-09-01,ST010,PR0044,18,4,22,0,3,0.0
2025-09-01,ST010,PR0045,49,28,49,28,0,8009.4
2025-09-01,ST010,PR0046,35,41,18,58,0,20725.72
2025-09-01,ST010,PR0047,5,3,8,0,7,0.0
2025-09-01,ST010,PR0048,13,13,26,0,2,0.0
2025-09-01,ST010,PR0049,61,36,22,75,0,44943.75
2025-09-01,ST010,PR0050,20,28,19,29,0,17218.75
2025-09-01,ST010,PR0051,33,12,0,45,0,29213.55
2025-09-01,ST010,PR0052,58,36,24,70,0,46018.7
2025-09-01,ST010,PR0053,61,33,17,77,0,55879.67
2025-09-01,ST010,PR0054,24,43,20,47,0,46926.21
2025-09-01,ST010,PR0055,26,30,23,33,0,31795.83
2025-09-01,ST010,PR0056,62,0,0,62,0,11011.82
2025-09-01,ST010,PR0057,7,53,12,48,0,9530.88
2025-09-01,ST010,PR0058,42,21,24,39,0,12073.62
2025-09-01,ST010,PR0059,28,19,9,38,0,11288.66
2025-09-01,ST010,PR0060,8,4,12,0,9,0.0
2025-09-01,ST011,PR0001,62,0,12,50,0,11983.5
2025-09-01,ST011,PR0002,42,38,31,49,0,11382.21
2025-09-01,ST011,PR0003,9,34,21,22,0,6859.16
2025-09-01,ST011,PR0004,31,25,20,36,0,12811.32
2025-09-01,ST011,PR0005,57,52,28,81,0,40257.0
2025-09-01,ST011,PR0006,47,36,18,65,0,35579.7
2025-09-01,ST011,PR0007,7,10,14,3,0,1966.86
2025-09-01,ST011,PR0008,47,27,36,38,0,20009.28
2025-09-01,ST011,PR0009,49,12,6,55,0,36455.65
2025-09-01,ST011,PR0010,59,51,13,97,0,58787.82
2025-09-01,ST011,PR0011,27,44,2,69,0,49047.27
2025-09-01,ST011,PR0012,37,11,48,0,9,0.0
2025-09-01,ST011,PR0013,63,8,14,57,0,42457.59
2025-09-01,ST011,PR0014,31,11,14,28,0,4217.36
2025-09-01,ST011,PR0015,18,37,32,23,0,5533.57
2025-09-01,ST011,PR0016,18,54,22,50,0,14468.0
2025-09-01,ST011,PR0017,63,8,13,58,0,17666.22
2025-09-01,ST011,PR0018,56,44,19,81,0,33384.96
2025-09-01,ST011,PR0019,7,9,16,0,8,0.0
2025-09-01,ST011,PR0020,11,46,8,49,0,20326.67
2025-09-01,ST011,PR0021,25,7,28,4,0,2546.56
2025-09-01,ST011,PR0022,7,30,24,13,0,8766.42
2025-09-01,ST011,PR0023,27,34,57,4,0,2565.16
2025-09-01,ST011,PR0024,61,26,23,64,0,41086.08
2025-09-01,ST011,PR0025,27,17,27,17,0,15948.55
2025-09-01,ST011,PR0026,43,54,28,69,0,55237.26
2025-09-01,ST011,PR0027,17,2,19,0,12,0.0
2025-09-01,ST011,PR0028,5,41,20,26,0,3741.4
2025-09-01,ST011,PR0029,36,21,17,40,0,10317.2
2025-09-01,ST011,PR0030,20,5,0,25,0,7395.5
2025-09-01,ST011,PR0031,33,12,16,29,0,11075.1
2025-09-01,ST011,PR0032,50,17,34,33,0,14314.08
2025-09-01,ST011,PR0033,54,22,2,74,0,34173.2
2025-09-01,ST011,PR0034,48,33,8,73,0,44238.0
2025-09-01,ST011,PR0035,61,20,36,45,0,24422.85
2025-09-01,ST011,PR0036,11,17,28,0,6,0.0
2025-09-01,ST011,PR0037,48,21,0,69,0,53152.08
2025-09-01,ST011,PR0038,19,40,15,44,0,34069.2
2025-09-01,ST011,PR0039,40,31,22,49,0,44529.24
2025-09-01,ST011,PR0040,26,53,7,72,0,63355.68
2025-09-01,ST011,PR0041,17,40,32,25,0,24584.75
2025-09-01,ST011,PR0042,16,20,22,14,0,1967.7
2025-09-01,ST011,PR0043,58,32,11,79,0,16079.66
2025-09-01,ST011,PR0044,53,0,43,10,0,2613.1
2025-09-01,ST011,PR0045,51,41,36,56,0,16018.8
2025-09-01,ST011,PR0046,39,37,42,34,0,12149.56
2025-09-01,ST011,PR0047,37,43,27,53,0,20420.37
2025-09-01,ST011,PR0048,33,54,56,31,0,14524.12
2025-09-01,ST011,PR0049,25,30,25,30,0,17977.5
2025-09-01,ST011,PR0050,19,52,32,39,0,23156.25
2025-09-01,ST011,PR0051,20,11,4,27,0,17528.13
2025-09-01,ST011,PR0052,59,35,12,82,0,53907.62
2025-09-01,ST011,PR0053,45,48,32,61,0,44268.31
2025-09-01,ST011,PR0054,24,22,31,15,0,14976.45
2025-09-01,ST011,PR0055,57,1,21,37,0,35649.87
2025-09-01,ST011,PR0056,48,6,34,20,0,3552.2
2025-09-01,ST011,PR0057,14,13,27,0,3,0.0
2025-09-01,ST011,PR0058,40,0,27,13,0,4024.54
2025-09-01,ST011,PR0059,47,3,33,17,0,5050.19
2025-09-01,ST011,PR0060,39,13,25,27,0,10257.03
2025-09-01,ST012,PR0001,48,40,25,63,0,15099.21
2025-09-01,ST012,PR0002,37,21,35,23,0,5342.67
2025-09-01,ST012,PR0003,26,41,24,43,0,13406.54
2025-09-01,ST012,PR0004,58,1,21,38,0,13523.06
2025-09-01,ST012,PR0005,48,19,25,42,0,20874.0
2025-09-01,ST012,PR0006,47,34,56,25,0,13684.5
2025-09-01,ST012,PR0007,38,51,29,60,0,39337.2
2025-09-01,ST012,PR0008,20,39,10,49,0,25801.44
2025-09-01,ST012,PR0009,16,15,22,9,0,5965.47
2025-09-01,ST012,PR0010,41,45,22,64,0,38787.84
2025-09-01,ST012,PR0011,56,53,19,90,0,63974.7
2025-09-01,ST012,PR0012,53,2,27,28,0,23973.6
2025-09-01,ST012,PR0013,36,13,32,17,0,12662.79
2025-09-01,ST012,PR0014,44,8,14,38,0,5723.56
2025-09-01,ST012,PR0015,25,45,13,57,0,13713.63
2025-09-01,ST012,PR0016,28,17,24,21,0,6076.56
2025-09-01,ST012,PR0017,24,44,0,68,0,20712.12
2025-09-01,ST012,PR0018,56,54,16,94,0,38743.04
2025-09-01,ST012,PR0019,11,33,10,34,0,17333.88
2025-09-01,ST012,PR0020,48,29,23,54,0,22400.82
2025-09-01,ST012,PR0021,37,12,19,30,0,19099.2
2025-09-01,ST012,PR0022,64,0,47,17,0,11463.78
2025-09-01,ST012,PR0023,58,37,17,78,0,50020.62
2025-09-01,ST012,PR0024,24,8,7,25,0,16049.25
2025-09-01,ST012,PR0025,13,13,26,0,3,0.0
2025-09-01,ST012,PR0026,55,9,23,41,0,32822.14
2025-09-01,ST012,PR0027,60,14,36,38,0,29190.46
2025-09-01,ST012,PR0028,46,38,8,76,0,10936.4
2025-09-01,ST012,PR0029,63,34,5,92,0,23729.56
2025-09-01,ST012,PR0030,56,47,16,87,0,25736.34
2025-09-01,ST012,PR0031,40,19,25,34,0,12984.6
2025-09-01,ST012,PR0032,64,34,0,98,0,42508.48
2025-09-01,ST012,PR0033,38,21,15,44,0,20319.2
2025-09-01,ST012,PR0034,31,38,7,62,0,37572.0
2025-09-01,ST012,PR0035,47,45,32,60,0,32563.8
2025-09-01,ST012,PR0036,33,36,19,50,0,31950.5
2025-09-01,ST012,PR0037,60,50,28,82,0,63166.24
2025-09-01,ST012,PR0038,10,42,20,32,0,24777.6
2025-09-01,ST012,PR0039,14,20,30,4,0,3635.04
2025-09-01,ST012,PR0040,50,48,40,58,0,51036.52
2025-09-01,ST012,PR0041,43,6,30,19,0,18684.41
2025-09-01,ST012,PR0042,37,16,0,53,0,7449.15
2025-09-01,ST012,PR0043,26,52,18,60,0,12212.4
2025-09-01,ST012,PR0044,61,6,31,36,0,9407.16
2025-09-01,ST012,PR0045,53,11,4,60,0,17163.0
2025-09-01,ST012,PR0046,53,46,16,83,0,29659.22
2025-09-01,ST012,PR0047,5,46,37,14,0,5394.06
2025-09-01,ST012,PR0048,31,36,1,66,0,30922.32
2025-09-01,ST012,PR0049,21,7,28,0,8,0.0
2025-09-01,ST012,PR0050,4,21,6,19,0,11281.25
2025-09-01,ST012,PR0051,5,45,17,33,0,21423.27
2025-09-01,ST012,PR0052,53,36,24,65,0,42731.65
2025-09-01,ST012,PR0053,42,4,17,29,0,21045.59
2025-09-01,ST012,PR0054,20,47,48,19,0,18970.17
2025-09-01,ST012,PR0055,53,29,0,82,0,79007.82
2025-09-01,ST012,PR0056,42,35,12,65,0,11544.65
2025-09-01,ST012,PR0057,29,41,30,40,0,7942.4
2025-09-01,ST012,PR0058,16,51,26,41,0,12692.78
2025-09-01,ST012,PR0059,5,5,8,2,4,594.14
2025-09-01,ST012,PR0060,51,47,22,76,0,28871.64
2025-09-01,ST013,PR0001,28,36,0,64,0,15338.88
2025-09-01,ST013,PR0002,13,36,27,22,0,5110.38
2025-09-01,ST013,PR0003,49,8,8,49,0,15277.22
2025-09-01,ST013,PR0004,59,3,11,51,0,18149.37
2025-09-01,ST013,PR0005,8,11,19,0,11,0.0
2025-09-01,ST013,PR0006,45,53,6,92,0,50358.96
2025-09-01,ST013,PR0007,33,3,19,17,0,11145.54
2025-09-01,ST013,PR0008,43,28,43,28,0,14743.68
2025-09-01,ST013,PR0009,60,41,21,80,0,53026.4
2025-09-01,ST013,PR0010,63,49,53,59,0,35757.54
2025-09-01,ST013,PR0011,52,15,15,52,0,36963.16
2025-09-01,ST013,PR0012,28,49,6,71,0,60790.2
2025-09-01,ST013,PR0013,47,52,26,73,0,54375.51
2025-09-01,ST013,PR0014,10,6,16,0,5,0.0
2025-09-01,ST013,PR0015,31,17,35,13,0,3127.67
2025-09-01,ST013,PR0016,6,2,8,0,10,0.0
2025-09-01,ST013,PR0017,52,0,32,20,0,6091.8
2025-09-01,ST013,PR0018,46,40,34,52,0,21432.32
2025-09-01,ST013,PR0019,40,43,15,68,0,34667.76
2025-09-01,ST013,PR0020,34,47,19,62,0,25719.46
2025-09-01,ST013,PR0021,43,44,42,45,0,28648.8
2025-09-01,ST013,PR0022,51,54,24,81,0,54621.54
2025-09-01,ST013,PR0023,51,33,27,57,0,36553.53
2025-09-01,ST013,PR0024,56,5,19,42,0,26962.74
2025-09-01,ST013,PR0025,60,26,24,62,0,58165.3
2025-09-01,ST013,PR0026,54,32,27,59,0,47231.86
2025-09-01,ST013,PR0027,54,6,19,41,0,31494.97
2025-09-01,ST013,PR0028,11,15,26,0,12,0.0
2025-09-01,ST013,PR0029,46,2,28,20,0,5158.6
2025-09-01,ST013,PR0030,7,15,8,14,0,4141.48
2025-09-01,ST013,PR0031,53,53,6,100,0,38190.0
2025-09-01,ST013,PR0032,54,34,0,88,0,38170.88
2025-09-01,ST013,PR0033,21,31,23,29,0,13392.2
2025-09-01,ST013,PR0034,28,18,27,19,0,11514.0
2025-09-01,ST013,PR0035,63,51,16,98,0,53187.54
2025-09-01,ST013,PR0036,30,46,15,61,0,38979.61
2025-09-01,ST013,PR0037,57,18,19,56,0,43137.92
2025-09-01,ST013,PR0038,15,7,12,10,0,7743.0
2025-09-01,ST013,PR0039,14,28,34,8,0,7270.08
2025-09-01,ST013,PR0040,26,50,13,63,0,55436.22
2025-09-01,ST013,PR0041,23,6,20,9,0,8850.51
2025-09-01,ST013,PR0042,19,48,27,40,0,5622.0
2025-09-01,ST013,PR0043,34,42,16,60,0,12212.4
2025-09-01,ST013,PR0044,47,13,31,29,0,7577.99
2025-09-01,ST013,PR0045,46,29,38,37,0,10583.85
2025-09-01,ST013,PR0046,58,13,25,46,0,16437.64
2025-09-01,ST013,PR0047,61,55,45,71,0,27355.59
2025-09-01,ST013,PR0048,14,43,21,36,0,16866.72
2025-09-01,ST013,PR0049,57,11,21,47,0,28164.75
2025-09-01,ST013,PR0050,18,29,11,36,0,21375.0
2025-09-01,ST013,PR0051,65,12,21,56,0,36354.64
2025-09-01,ST013,PR0052,44,17,24,37,0,24324.17
2025-09-01,ST013,PR0053,40,48,53,35,0,25399.85
2025-09-01,ST013,PR0054,60,16,23,53,0,52916.79
2025-09-01,ST013,PR0055,11,40,14,37,0,35649.87
2025-09-01,ST013,PR0056,12,44,19,37,0,6571.57
2025-09-01,ST013,PR0057,15,6,21,0,2,0.0
2025-09-01,ST013,PR0058,19,45,24,40,0,12383.2
2025-09-01,ST013,PR0059,56,37,0,93,0,27627.51
2025-09-01,ST013,PR0060,5,53,31,27,0,10257.03
2025-09-01,ST014,PR0001,15,6,21,0,2,0.0
2025-09-01,ST014,PR0002,6,1,7,0,3,0.0
2025-09-01,ST014,PR0003,55,18,35,38,0,11847.64
2025-09-01,ST014,PR0004,26,44,27,43,0,15302.41
2025-09-01,ST014,PR0005,18,29,24,23,0,11431.0
2025-09-01,ST014,PR0006,41,24,24,41,0,22442.58
2025-09-01,ST014,PR0007,32,7,16,23,0,15079.26
2025-09-01,ST014,PR0008,5,41,18,28,0,14743.68
2025-09-01,ST014,PR0009,26,47,22,51,0,33804.33
2025-09-01,ST014,PR0010,8,22,30,0,4,0.0
2025-09-01,ST014,PR0011,38,36,35,39,0,27722.37
2025-09-01,ST014,PR0012,4,33,13,24,0,20548.8
2025-09-01,ST014,PR0013,28,30,24,34,0,25325.58
2025-09-01,ST014,PR0014,35,14,12,37,0,5572.94
2025-09-01,ST014,PR0015,27,18,19,26,0,6255.34
2025-09-01,ST014,PR0016,17,12,24,5,0,1446.8
2025-09-01,ST014,PR0017,24,12,23,13,0,3959.67
2025-09-01,ST014,PR0018,33,18,30,21,0,8655.36
2025-09-01,ST014,PR0019,13,4,17,0,12,0.0
2025-09-01,ST014,PR0020,61,29,33,57,0,23645.31
2025-09-01,ST014,PR0021,56,53,19,90,0,57297.6
2025-09-01,ST014,PR0022,46,26,50,22,0,14835.48
2025-09-01,ST014,PR0023,26,34,6,54,0,34629.66
2025-09-01,ST014,PR0024,62,29,22,69,0,44295.93
2025-09-01,ST014,PR0025,21,26,27,20,0,18763.0
2025-09-01,ST014,PR0026,58,28,32,54,0,43229.16
2025-09-01,ST014,PR0027,48,36,4,80,0,61453.6
2025-09-01,ST014,PR0028,30,52,13,69,0,9929.1
2025-09-01,ST014,PR0029,54,7,24,37,0,9543.41
2025-09-01,ST014,PR0030,43,3,18,28,0,8282.96
2025-09-01,ST014,PR0031,22,43,9,56,0,21386.4
2025-09-01,ST014,PR0032,37,51,17,71,0,30796.96
2025-09-01,ST014,PR0033,17,43,32,28,0,12930.4
2025-09-01,ST014,PR0034,33,34,22,45,0,27270.0
2025-09-01,ST014,PR0035,19,2,18,3,0,1628.19
2025-09-01,ST014,PR0036,15,6,19,2,10,1278.02
2025-09-01,ST014,PR0037,52,7,18,41,0,31583.12
2025-09-01,ST014,PR0038,32,41,47,26,0,20131.8
2025-09-01,ST014,PR0039,62,31,24,69,0,62704.44
2025-09-01,ST014,PR0040,30,14,26,18,0,15838.92
2025-09-01,ST014,PR0041,49,42,36,55,0,54086.45
2025-09-01,ST014,PR0042,61,44,46,59,0,8292.45
2025-09-01,ST014,PR0043,18,1,19,0,3,0.0
2025-09-01,ST014,PR0044,59,35,22,72,0,18814.32
2025-09-01,ST014,PR0045,39,38,53,24,0,6865.2
2025-09-01,ST014,PR0046,38,7,25,20,0,7146.8
2025-09-01,ST014,PR0047,46,8,11,43,0,16567.47
2025-09-01,ST014,PR0048,36,29,46,19,0,8901.88
2025-09-01,ST014,PR0049,28,0,28,0,9,0.0
2025-09-01,ST014,PR0050,12,40,18,34,0,20187.5
2025-09-01,ST014,PR0051,15,14,26,3,0,1947.57
2025-09-01,ST014,PR0052,19,15,28,6,0,3944.46
2025-09-01,ST014,PR0053,37,43,36,44,0,31931.24
2025-09-01,ST014,PR0054,19,27,46,0,5,0.0
2025-09-01,ST014,PR0055,48,10,26,32,0,30832.32
2025-09-01,ST014,PR0056,50,12,15,47,0,8347.67
2025-09-01,ST014,PR0057,38,28,50,16,0,3176.96
2025-09-01,ST014,PR0058,17,31,21,27,0,8358.66
2025-09-01,ST014,PR0059,30,55,12,73,0,21686.11
2025-09-01,ST014,PR0060,8,52,28,32,0,12156.48
2025-09-01,ST015,PR0001,22,12,23,11,0,2636.37
2025-09-01,ST015,PR0002,30,53,21,62,0,14401.98
2025-09-01,ST015,PR0003,34,2,4,32,0,9976.96
2025-09-01,ST015,PR0004,52,16,16,52,0,18505.24
2025-09-01,ST015,PR0005,5,25,30,0,3,0.0
2025-09-01,ST015,PR0006,58,9,14,53,0,29011.14
2025-09-01,ST015,PR0007,51,5,43,13,0,8523.06
2025-09-01,ST015,PR0008,25,9,3,31,0,16323.36
2025-09-01,ST015,PR0009,27,42,8,61,0,40432.63
2025-09-01,ST015,PR0010,47,18,24,41,0,24848.46
2025-09-01,ST015,PR0011,44,3,44,3,0,2132.49
2025-09-01,ST015,PR0012,11,1,12,0,9,0.0
2025-09-01,ST015,PR0013,53,9,11,51,0,37988.37
2025-09-01,ST015,PR0014,56,38,0,94,0,14158.28
2025-09-01,ST015,PR0015,51,24,34,41,0,9864.19
2025-09-01,ST015,PR0016,30,33,24,39,0,11285.04
2025-09-01,ST015,PR0017,38,29,13,54,0,16447.86
2025-09-01,ST015,PR0018,13,49,10,52,0,21432.32
2025-09-01,ST015,PR0019,49,22,31,40,0,20392.8
2025-09-01,ST015,PR0020,37,23,21,39,0,16178.37
2025-09-01,ST015,PR0021,54,9,15,48,0,30558.72
2025-09-01,ST015,PR0022,19,24,5,38,0,25624.92
2025-09-01,ST015,PR0023,41,38,37,42,0,26934.18
2025-09-01,ST015,PR0024,19,34,21,32,0,20543.04
2025-09-01,ST015,PR0025,49,15,1,63,0,59103.45
2025-09-01,ST015,PR0026,6,14,16,4,0,3202.16
2025-09-01,ST015,PR0027,29,32,27,34,0,26117.78
2025-09-01,ST015,PR0028,34,39,16,57,0,8202.3
2025-09-01,ST015,PR0029,8,38,32,14,0,3611.02
2025-09-01,ST015,PR0030,24,32,23,33,0,9762.06
2025-09-01,ST015,PR0031,20,13,18,15,0,5728.5
2025-09-01,ST015,PR0032,39,32,39,32,0,13880.32
2025-09-01,ST015,PR0033,18,53,32,39,0,18010.2
2025-09-01,ST015,PR0034,4,38,24,18,0,10908.0
2025-09-01,ST015,PR0035,53,41,17,77,0,41790.21
2025-09-01,ST015,PR0036,44,33,31,46,0,29394.46
2025-09-01,ST015,PR0037,24,48,19,53,0,40826.96
2025-09-01,ST015,PR0038,60,36,11,85,0,65815.5
2025-09-01,ST015,PR0039,19,52,23,48,0,43620.48
2025-09-01,ST015,PR0040,8,44,14,38,0,33437.72
2025-09-01,ST015,PR0041,61,3,22,42,0,41302.38
2025-09-01,ST015,PR0042,21,54,26,49,0,6886.95
2025-09-01,ST015,PR0043,23,9,7,25,0,5088.5
2025-09-01,ST015,PR0044,11,2,13,0,6,0.0
2025-09-01,ST015,PR0045,32,53,33,52,0,14874.6
2025-09-01,ST015,PR0046,40,51,16,75,0,26800.5
2025-09-01,ST015,PR0047,46,14,0,60,0,23117.4
2025-09-01,ST015,PR0048,48,38,31,55,0,25768.6
2025-09-01,ST015,PR0049,19,45,26,38,0,22771.5
2025-09-01,ST015,PR0050,39,19,7,51,0,30281.25
2025-09-01,ST015,PR0051,61,43,41,63,0,40898.97
2025-09-01,ST015,PR0052,57,45,17,85,0,55879.85
2025-09-01,ST015,PR0053,31,23,12,42,0,30479.82
2025-09-01,ST015,PR0054,53,39,28,64,0,63899.52
2025-09-01,ST015,PR0055,37,35,5,67,0,64555.17
2025-09-01,ST015,PR0056,24,17,19,22,0,3907.42
2025-09-01,ST015,PR0057,5,38,27,16,0,3176.96
2025-09-01,ST015,PR0058,10,12,3,19,0,5882.02
2025-09-01,ST015,PR0059,39,12,28,23,0,6832.61
2025-09-01,ST015,PR0060,10,25,24,11,0,4178.79
2025-09-01,ST016,PR0001,6,53,12,47,0,11264.49
2025-09-01,ST016,PR0002,40,50,38,52,0,12079.08
2025-09-01,ST016,PR0003,38,45,33,50,0,15589.0
2025-09-01,ST016,PR0004,8,12,20,0,7,0.0
2025-09-01,ST016,PR0005,30,53,18,65,0,32305.0
2025-09-01,ST016,PR0006,47,4,26,25,0,13684.5
2025-09-01,ST016,PR0007,22,55,18,59,0,38681.58
2025-09-01,ST016,PR0008,4,33,34,3,0,1579.68
2025-09-01,ST016,PR0009,5,12,17,0,7,0.0
2025-09-01,ST016,PR0010,61,39,41,59,0,35757.54
2025-09-01,ST016,PR0011,20,49,34,35,0,24879.05
2025-09-01,ST016,PR0012,9,14,11,12,0,10274.4
2025-09-01,ST016,PR0013,23,27,34,16,0,11917.92
2025-09-01,ST016,PR0014,59,13,3,69,0,10392.78
2025-09-01,ST016,PR0015,15,9,16,8,0,1924.72
2025-09-01,ST016,PR0016,28,35,27,36,0,10416.96
2025-09-01,ST016,PR0017,50,23,32,41,0,12488.19
2025-09-01,ST016,PR0018,25,31,24,32,0,13189.12
2025-09-01,ST016,PR0019,46,5,21,30,0,15294.6
2025-09-01,ST016,PR0020,62,14,27,49,0,20326.67
2025-09-01,ST016,PR0021,53,1,7,47,0,29922.08
2025-09-01,ST016,PR0022,17,22,20,19,0,12812.46
2025-09-01,ST016,PR0023,62,46,25,83,0,53227.07
2025-09-01,ST016,PR0024,4,45,21,28,0,17975.16
2025-09-01,ST016,PR0025,28,22,12,38,0,35649.7
2025-09-01,ST016,PR0026,51,22,21,52,0,41628.08
2025-09-01,ST016,PR0027,61,25,6,80,0,61453.6
2025-09-01,ST016,PR0028,7,32,28,11,0,1582.9
2025-09-01,ST016,PR0029,23,31,33,21,0,5416.53
2025-09-01,ST016,PR0030,8,29,28,9,0,2662.38
2025-09-01,ST016,PR0031,55,55,29,81,0,30933.9
2025-09-01,ST016,PR0032,6,45,51,0,4,0.0
2025-09-01,ST016,PR0033,41,37,27,51,0,23551.8
2025-09-01,ST016,PR0034,51,16,12,55,0,33330.0
2025-09-01,ST016,PR0035,61,47,19,89,0,48302.97
2025-09-01,ST016,PR0036,62,3,12,53,0,33867.53
2025-09-01,ST016,PR0037,45,11,45,11,0,8473.52
2025-09-01,ST016,PR0038,23,6,25,4,0,3097.2
2025-09-01,ST016,PR0039,55,37,50,42,0,38167.92
2025-09-01,ST016,PR0040,7,17,13,11,0,9679.34
2025-09-01,ST016,PR0041,22,32,28,26,0,25568.14
2025-09-01,ST016,PR0042,45,2,44,3,0,421.65
2025-09-01,ST016,PR0043,51,4,17,38,0,7734.52
2025-09-01,ST016,PR0044,54,11,17,48,0,12542.88
2025-09-01,ST016,PR0045,62,29,31,60,0,17163.0
2025-09-01,ST016,PR0046,47,12,7,52,0,18581.68
2025-09-01,ST016,PR0047,18,44,16,46,0,17723.34
2025-09-01,ST016,PR0048,4,55,43,16,0,7496.32
2025-09-01,ST016,PR0049,31,1,28,4,0,2397.0
2025-09-01,ST016,PR0050,5,54,26,33,0,19593.75
2025-09-01,ST016,PR0051,41,1,29,13,0,8439.47
2025-09-01,ST016,PR0052,62,43,29,76,0,49963.16
2025-09-01,ST016,PR0053,45,34,38,41,0,29754.11
2025-09-01,ST016,PR0054,17,40,0,57,0,56910.51
2025-09-01,ST016,PR0055,22,9,17,14,0,13489.14
2025-09-01,ST016,PR0056,20,25,3,42,0,7459.62
2025-09-01,ST016,PR0057,56,18,37,37,0,7346.72
2025-09-01,ST016,PR0058,60,5,29,36,0,11144.88
2025-09-01,ST016,PR0059,7,25,23,9,0,2673.63
2025-09-01,ST016,PR0060,47,48,34,61,0,23173.29
2025-09-01,ST017,PR0001,59,15,27,47,0,11264.49
2025-09-01,ST017,PR0002,13,21,12,22,0,5110.38
2025-09-01,ST017,PR0003,43,37,22,58,0,18083.24
2025-09-01,ST017,PR0004,7,33,27,13,0,4626.31
2025-09-01,ST017,PR0005,22,23,30,15,0,7455.0
2025-09-01,ST017,PR0006,41,53,27,67,0,36674.46
2025-09-01,ST017,PR0007,40,45,21,64,0,41959.68
2025-09-01,ST017,PR0008,20,19,17,22,0,11584.32
2025-09-01,ST017,PR0009,45,26,11,60,0,39769.8
2025-09-01,ST017,PR0010,62,13,12,63,0,38181.78
2025-09-01,ST017,PR0011,62,24,42,44,0,31276.52
2025-09-01,ST017,PR0012,57,47,23,81,0,69352.2
2025-09-01,ST017,PR0013,58,41,29,70,0,52140.9
2025-09-01,ST017,PR0014,49,52,31,70,0,10543.4
2025-09-01,ST017,PR0015,14,10,12,12,0,2887.08
2025-09-01,ST017,PR0016,4,1,5,0,3,0.0
2025-09-01,ST017,PR0017,24,8,26,6,0,1827.54
2025-09-01,ST017,PR0018,15,21,25,11,0,4533.76
2025-09-01,ST017,PR0019,22,47,23,46,0,23451.72
2025-09-01,ST017,PR0020,40,45,12,73,0,30282.59
2025-09-01,ST017,PR0021,62,36,9,89,0,56660.96
2025-09-01,ST017,PR0022,11,17,28,0,2,0.0
2025-09-01,ST017,PR0023,61,17,16,62,0,39759.98
2025-09-01,ST017,PR0024,49,40,21,68,0,43653.96
2025-09-01,ST017,PR0025,61,12,21,52,0,48783.8
2025-09-01,ST017,PR0026,19,31,19,31,0,24816.74
2025-09-01,ST017,PR0027,30,38,26,42,0,32263.14
2025-09-01,ST017,PR0028,21,41,1,61,0,8777.9
2025-09-01,ST017,PR0029,52,18,2,68,0,17539.24
2025-09-01,ST017,PR0030,29,50,10,69,0,20411.58
2025-09-01,ST017,PR0031,40,20,36,24,0,9165.6
2025-09-01,ST017,PR0032,56,33,19,70,0,30363.2
2025-09-01,ST017,PR0033,35,37,9,63,0,29093.4
2025-09-01,ST017,PR0034,15,18,16,17,0,10302.0
2025-09-01,ST017,PR0035,13,14,7,20,0,10854.6
2025-09-01,ST017,PR0036,48,55,13,90,0,57510.9
2025-09-01,ST017,PR0037,33,42,14,61,0,46989.52
2025-09-01,ST017,PR0038,6,2,8,0,5,0.0
2025-09-01,ST017,PR0039,53,49,30,72,0,65430.72
2025-09-01,ST017,PR0040,26,6,9,23,0,20238.62
2025-09-01,ST017,PR0041,20,1,7,14,0,13767.46
2025-09-01,ST017,PR0042,65,35,22,78,0,10962.9
2025-09-01,ST017,PR0043,29,46,16,59,0,12008.86
2025-09-01,ST017,PR0044,20,6,20,6,0,1567.86
2025-09-01,ST017,PR0045,64,1,7,58,0,16590.9
2025-09-01,ST017,PR0046,30,33,20,43,0,15365.62
2025-09-01,ST017,PR0047,44,53,26,71,0,27355.59
2025-09-01,ST017,PR0048,41,44,17,68,0,31859.36
2025-09-01,ST017,PR0049,5,19,21,3,0,1797.75
2025-09-01,ST017,PR0050,47,38,29,56,0,33250.0
2025-09-01,ST017,PR0051,34,8,25,17,0,11036.23
2025-09-01,ST017,PR0052,17,47,18,46,0,30240.86
2025-09-01,ST017,PR0053,29,29,17,41,0,29754.11
2025-09-01,ST017,PR0054,33,7,3,37,0,36941.91
2025-09-01,ST017,PR0055,18,32,29,21,0,20233.71
2025-09-01,ST017,PR0056,55,52,9,98,0,17405.78
2025-09-01,ST017,PR0057,25,30,18,37,0,7346.72
2025-09-01,ST017,PR0058,56,21,23,54,0,16717.32
2025-09-01,ST017,PR0059,50,34,0,84,0,24953.88
2025-09-01,ST017,PR0060,16,26,18,24,0,9117.36
2025-09-01,ST018,PR0001,21,51,20,52,0,12462.84
2025-09-01,ST018,PR0002,58,36,17,77,0,17886.33
2025-09-01,ST018,PR0003,49,16,17,48,0,14965.44
2025-09-01,ST018,PR0004,47,28,35,40,0,14234.8
2025-09-01,ST018,PR0005,15,34,12,37,0,18389.0
2025-09-01,ST018,PR0006,41,27,3,65,0,35579.7
2025-09-01,ST018,PR0007,56,7,37,26,0,17046.12
2025-09-01,ST018,PR0008,11,47,36,22,0,11584.32
2025-09-01,ST018,PR0009,53,22,26,49,0,32478.67
2025-09-01,ST018,PR0010,35,6,17,24,0,14545.44
2025-09-01,ST018,PR0011,10,17,10,17,0,12084.11
2025-09-01,ST018,PR0012,31,43,21,53,0,45378.6
2025-09-01,ST018,PR0013,9,18,25,2,2,1489.74
2025-09-01,ST018,PR0014,8,48,12,44,0,6627.28
2025-09-01,ST018,PR0015,25,13,17,21,0,5052.39
2025-09-01,ST018,PR0016,9,12,19,2,5,578.72
2025-09-01,ST018,PR0017,5,0,5,0,12,0.0
2025-09-01,ST018,PR0018,43,9,32,20,0,8243.2
2025-09-01,ST018,PR0019,41,11,8,44,0,22432.08
2025-09-01,ST018,PR0020,65,34,3,96,0,39823.68
2025-09-01,ST018,PR0021,36,2,37,1,5,636.64
2025-09-01,ST018,PR0022,22,36,28,30,0,20230.2
2025-09-01,ST018,PR0023,19,32,38,13,0,8336.77
2025-09-01,ST018,PR0024,65,13,38,40,0,25678.8
2025-09-01,ST018,PR0025,37,53,22,68,0,63794.2
2025-09-01,ST018,PR0026,25,20,43,2,4,1601.08
2025-09-01,ST018,PR0027,62,55,26,91,0,69903.47
2025-09-01,ST018,PR0028,24,10,27,7,0,1007.3
2025-09-01,ST018,PR0029,50,49,10,89,0,22955.77
2025-09-01,ST018,PR0030,28,37,35,30,0,8874.6
2025-09-01,ST018,PR0031,18,52,15,55,0,21004.5
2025-09-01,ST018,PR0032,34,28,25,37,0,16049.12
2025-09-01,ST018,PR0033,34,21,23,32,0,14777.6
2025-09-01,ST018,PR0034,49,37,28,58,0,35148.0
2025-09-01,ST018,PR0035,13,10,10,13,0,7055.49
2025-09-01,ST018,PR0036,11,17,28,0,3,0.0
2025-09-01,ST018,PR0037,42,39,20,61,0,46989.52
2025-09-01,ST018,PR0038,11,34,1,44,0,34069.2
2025-09-01,ST018,PR0039,7,20,2,25,0,22719.0
2025-09-01,ST018,PR0040,49,10,21,38,0,33437.72
2025-09-01,ST018,PR0041,32,24,40,16,0,15734.24
2025-09-01,ST018,PR0042,17,16,0,33,0,4638.15
2025-09-01,ST018,PR0043,38,32,18,52,0,10584.08
2025-09-01,ST018,PR0044,63,40,38,65,0,16985.15
2025-09-01,ST018,PR0045,39,55,20,74,0,21167.7
2025-09-01,ST018,PR0046,12,53,39,26,0,9290.84
2025-09-01,ST018,PR0047,20,10,30,0,8,0.0
2025-09-01,ST018,PR0048,47,37,28,56,0,26237.12
2025-09-01,ST018,PR0049,23,43,11,55,0,32958.75
2025-09-01,ST018,PR0050,15,3,18,0,12,0.0
2025-09-01,ST018,PR0051,29,50,10,69,0,44794.11
2025-09-01,ST018,PR0052,37,21,32,26,0,17092.66
2025-09-01,ST018,PR0053,24,33,50,7,0,5079.97
2025-09-01,ST018,PR0054,47,9,32,24,0,23962.32
2025-09-01,ST018,PR0055,38,36,22,52,0,50102.52
2025-09-01,ST018,PR0056,56,45,15,86,0,15274.46
2025-09-01,ST018,PR0057,18,37,16,39,0,7743.84
2025-09-01,ST018,PR0058,13,19,12,20,0,6191.6
2025-09-01,ST018,PR0059,55,34,18,71,0,21091.97
2025-09-01,ST018,PR0060,14,20,34,0,6,0.0
2025-09-01,ST019,PR0001,29,35,20,44,0,10545.48
2025-09-01,ST019,PR0002,52,10,9,53,0,12311.37
2025-09-01,ST019,PR0003,30,35,12,53,0,16524.34
2025-09-01,ST019,PR0004,8,34,28,14,0,4982.18
2025-09-01,ST019,PR0005,31,26,19,38,0,18886.0
2025-09-01,ST019,PR0006,16,0,16,0,7,0.0
2025-09-01,ST019,PR0007,22,50,27,45,0,29502.9
2025-09-01,ST019,PR0008,55,29,21,63,0,33173.28
2025-09-01,ST019,PR0009,20,1,21,0,9,0.0
2025-09-01,ST019,PR0010,16,11,25,2,11,1212.12
2025-09-01,ST019,PR0011,27,4,22,9,0,6397.47
2025-09-01,ST019,PR0012,37,29,36,30,0,25686.0
2025-09-01,ST019,PR0013,26,26,25,27,0,20111.49
2025-09-01,ST019,PR0014,11,7,14,4,0,602.48
2025-09-01,ST019,PR0015,36,9,15,30,0,7217.7
2025-09-01,ST019,PR0016,33,13,15,31,0,8970.16
2025-09-01,ST019,PR0017,17,34,35,16,0,4873.44
2025-09-01,ST019,PR0018,17,2,19,0,3,0.0
2025-09-01,ST019,PR0019,49,34,33,50,0,25491.0
2025-09-01,ST019,PR0020,53,41,30,64,0,26549.12
2025-09-01,ST019,PR0021,13,17,15,15,0,9549.6
2025-09-01,ST019,PR0022,41,46,34,53,0,35740.02
2025-09-01,ST019,PR0023,51,44,26,69,0,44249.01
2025-09-01,ST019,PR0024,51,55,29,77,0,49431.69
2025-09-01,ST019,PR0025,22,1,23,0,4,0.0
2025-09-01,ST019,PR0026,38,13,21,30,0,24016.2
2025-09-01,ST019,PR0027,44,32,16,60,0,46090.2
2025-09-01,ST019,PR0028,5,1,5,1,10,143.9
2025-09-01,ST019,PR0029,29,47,30,46,0,11864.78
2025-09-01,ST019,PR0030,25,36,31,30,0,8874.6
2025-09-01,ST019,PR0031,28,28,40,16,0,6110.4
2025-09-01,ST019,PR0032,56,47,29,74,0,32098.24
2025-09-01,ST019,PR0033,56,25,27,54,0,24937.2
2025-09-01,ST019,PR0034,20,42,8,54,0,32724.0
2025-09-01,ST019,PR0035,40,47,20,67,0,36362.91
2025-09-01,ST019,PR0036,22,2,12,12,0,7668.12
2025-09-01,ST019,PR0037,30,34,18,46,0,35434.72
2025-09-01,ST019,PR0038,15,34,42,7,0,5420.1
2025-09-01,ST019,PR0039,43,1,20,24,0,21810.24
2025-09-01,ST019,PR0040,54,33,10,77,0,67755.38
2025-09-01,ST019,PR0041,57,31,8,80,0,78671.2
2025-09-01,ST019,PR0042,14,50,20,44,0,6184.2
2025-09-01,ST019,PR0043,11,13,24,0,5,0.0
2025-09-01,ST019,PR0044,9,16,25,0,11,0.0
2025-09-01,ST019,PR0045,7,48,33,22,0,6293.1
2025-09-01,ST019,PR0046,38,8,44,2,12,714.68
2025-09-01,ST019,PR0047,33,23,28,28,0,10788.12
2025-09-01,ST019,PR0048,50,24,11,63,0,29516.76
2025-09-01,ST019,PR0049,61,31,13,79,0,47340.75
2025-09-01,ST019,PR0050,27,34,15,46,0,27312.5
2025-09-01,ST019,PR0051,37,48,15,70,0,45443.3
2025-09-01,ST019,PR0052,59,3,32,30,0,19722.3
2025-09-01,ST019,PR0053,7,7,14,0,7,0.0
2025-09-01,ST019,PR0054,34,55,13,76,0,75880.68
2025-09-01,ST019,PR0055,48,35,24,59,0,56847.09
2025-09-01,ST019,PR0056,27,47,53,21,0,3729.81
2025-09-01,ST019,PR0057,18,7,25,0,9,0.0
2025-09-01,ST019,PR0058,63,6,10,59,0,18265.22
2025-09-01,ST019,PR0059,64,44,9,99,0,29409.93
2025-09-01,ST019,PR0060,63,42,43,62,0,23553.18
2025-09-01,ST020,PR0001,63,11,19,55,0,13181.85
2025-09-01,ST020,PR0002,36,28,24,40,0,9291.6
2025-09-01,ST020,PR0003,26,41,34,33,0,10288.74
2025-09-01,ST020,PR0004,34,8,33,9,0,3202.83
2025-09-01,ST020,PR0005,31,55,5,81,0,40257.0
2025-09-01,ST020,PR0006,64,11,34,41,0,22442.58
2025-09-01,ST020,PR0007,13,11,24,0,5,0.0
2025-09-01,ST020,PR0008,10,3,13,0,10,0.0
2025-09-01,ST020,PR0009,32,9,26,15,0,9942.45
2025-09-01,ST020,PR0010,63,54,22,95,0,57575.7
2025-09-01,ST020,PR0011,65,33,23,75,0,53312.25
2025-09-01,ST020,PR0012,22,6,26,2,4,1712.4
2025-09-01,ST020,PR0013,6,26,32,0,5,0.0
2025-09-01,ST020,PR0014,14,34,0,48,0,7229.76
2025-09-01,ST020,PR0015,37,51,27,61,0,14675.99
2025-09-01,ST020,PR0016,43,32,11,64,0,18519.04
2025-09-01,ST020,PR0017,43,36,23,56,0,17057.04
2025-09-01,ST020,PR0018,4,43,28,19,0,7831.04
2025-09-01,ST020,PR0019,39,32,42,29,0,14784.78
2025-09-01,ST020,PR0020,23,8,5,26,0,10785.58
2025-09-01,ST020,PR0021,4,20,23,1,11,636.64
2025-09-01,ST020,PR0022,24,13,2,35,0,23601.9
2025-09-01,ST020,PR0023,46,31,22,55,0,35270.95
2025-09-01,ST020,PR0024,16,39,9,46,0,29530.62
2025-09-01,ST020,PR0025,8,50,26,32,0,30020.8
2025-09-01,ST020,PR0026,53,39,12,80,0,64043.2
2025-09-01,ST020,PR0027,24,51,42,33,0,25349.61
2025-09-01,ST020,PR0028,32,52,34,50,0,7195.0
2025-09-01,ST020,PR0029,54,18,36,36,0,9285.48
2025-09-01,ST020,PR0030,33,5,38,0,7,0.0
2025-09-01,ST020,PR0031,35,51,33,53,0,20240.7
2025-09-01,ST020,PR0032,10,45,7,48,0,20820.48
2025-09-01,ST020,PR0033,55,36,42,49,0,22628.2
2025-09-01,ST020,PR0034,26,44,40,30,0,18180.0
2025-09-01,ST020,PR0035,65,40,37,68,0,36905.64
2025-09-01,ST020,PR0036,19,32,33,18,0,11502.18
2025-09-01,ST020,PR0037,34,42,29,47,0,36205.04
2025-09-01,ST020,PR0038,13,34,30,17,0,13163.1
2025-09-01,ST020,PR0039,29,21,30,20,0,18175.2
2025-09-01,ST020,PR0040,48,19,53,14,0,12319.16
2025-09-01,ST020,PR0041,65,4,0,69,0,67853.91
2025-09-01,ST020,PR0042,11,46,21,36,0,5059.8
2025-09-01,ST020,PR0043,45,49,19,75,0,15265.5
2025-09-01,ST020,PR0044,44,27,17,54,0,14110.74
2025-09-01,ST020,PR0045,54,9,15,48,0,13730.4
2025-09-01,ST020,PR0046,26,8,21,13,0,4645.42
2025-09-01,ST020,PR0047,6,54,17,43,0,16567.47
2025-09-01,ST020,PR0048,55,39,23,71,0,33264.92
2025-09-01,ST020,PR0049,30,23,28,25,0,14981.25
2025-09-01,ST020,PR0050,38,28,15,51,0,30281.25
2025-09-01,ST020,PR0051,23,18,0,41,0,26616.79
2025-09-01,ST020,PR0052,27,17,19,25,0,16435.25
2025-09-01,ST020,PR0053,16,8,13,11,0,7982.81
2025-09-01,ST020,PR0054,51,40,10,81,0,80872.83
2025-09-01,ST020,PR0055,62,46,0,108,0,104059.08
2025-09-01,ST020,PR0056,21,55,3,73,0,12965.53
2025-09-01,ST020,PR0057,7,52,46,13,0,2581.28
2025-09-01,ST020,PR0058,32,15,8,39,0,12073.62
2025-09-01,ST020,PR0059,47,34,4,77,0,22874.39
2025-09-01,ST020,PR0060,8,44,31,21,0,7977.69
2025-09-01,ST021,PR0001,20,36,26,30,0,7190.1
2025-09-01,ST021,PR0002,63,21,26,58,0,13472.82
2025-09-01,ST021,PR0003,9,47,5,51,0,15900.78
2025-09-01,ST021,PR0004,43,36,27,52,0,18505.24
2025-09-01,ST021,PR0005,22,34,34,22,0,10934.0
2025-09-01,ST021,PR0006,42,14,10,46,0,25179.48
2025-09-01,ST021,PR0007,24,30,22,32,0,20979.84
2025-09-01,ST021,PR0008,7,22,11,18,0,9478.08
2025-09-01,ST021,PR0009,38,10,41,7,0,4639.81
2025-09-01,ST021,PR0010,52,49,13,88,0,53333.28
2025-09-01,ST021,PR0011,8,36,18,26,0,18481.58
2025-09-01,ST021,PR0012,12,28,19,21,0,17980.2
2025-09-01,ST021,PR0013,65,46,14,97,0,72252.39
2025-09-01,ST021,PR0014,26,3,18,11,0,1656.82
2025-09-01,ST021,PR0015,60,23,11,72,0,17322.48
2025-09-01,ST021,PR0016,9,17,21,5,0,1446.8
2025-09-01,ST021,PR0017,19,7,25,1,9,304.59
2025-09-01,ST021,PR0018,31,17,31,17,0,7006.72
2025-09-01,ST021,PR0019,24,1,0,25,0,12745.5
2025-09-01,ST021,PR0020,22,5,27,0,12,0.0
2025-09-01,ST021,PR0021,21,39,22,38,0,24192.32
2025-09-01,ST021,PR0022,52,21,28,45,0,30345.3
2025-09-01,ST021,PR0023,50,32,10,72,0,46172.88
2025-09-01,ST021,PR0024,62,47,25,84,0,53925.48
2025-09-01,ST021,PR0025,27,22,14,35,0,32835.25
2025-09-01,ST021,PR0026,4,51,26,29,0,23215.66
2025-09-01,ST021,PR0027,44,45,21,68,0,52235.56
2025-09-01,ST021,PR0028,13,37,31,19,0,2734.1
2025-09-01,ST021,PR0029,41,23,24,40,0,10317.2
2025-09-01,ST021,PR0030,19,32,24,27,0,7987.14
2025-09-01,ST021,PR0031,8,30,33,5,0,1909.5
2025-09-01,ST021,PR0032,61,1,12,50,0,21688.0
2025-09-01,ST021,PR0033,46,22,0,68,0,31402.4
2025-09-01,ST021,PR0034,44,0,6,38,0,23028.0
2025-09-01,ST021,PR0035,61,53,34,80,0,43418.4
2025-09-01,ST021,PR0036,33,32,30,35,0,22365.35
2025-09-01,ST021,PR0037,51,21,18,54,0,41597.28
2025-09-01,ST021,PR0038,44,26,38,32,0,24777.6
2025-09-01,ST021,PR0039,23,47,12,58,0,52708.08
2025-09-01,ST021,PR0040,62,11,42,31,0,27278.14
2025-09-01,ST021,PR0041,25,47,19,53,0,52119.67
2025-09-01,ST021,PR0042,12,22,24,10,0,1405.5
2025-09-01,ST021,PR0043,10,1,11,0,12,0.0
2025-09-01,ST021,PR0044,22,54,18,58,0,15155.98
2025-09-01,ST021,PR0045,57,7,18,46,0,13158.3
2025-09-01,ST021,PR0046,6,33,11,28,0,10005.52
2025-09-01,ST021,PR0047,24,48,24,48,0,18493.92
2025-09-01,ST021,PR0048,39,40,20,59,0,27642.68
2025-09-01,ST021,PR0049,65,13,22,56,0,33558.0
2025-09-01,ST021,PR0050,58,29,0,87,0,51656.25
2025-09-01,ST021,PR0051,25,39,30,34,0,22072.46
2025-09-01,ST021,PR0052,6,48,21,33,0,21694.53
2025-09-01,ST021,PR0053,6,12,18,0,7,0.0
2025-09-01,ST021,PR0054,62,3,24,41,0,40935.63
2025-09-01,ST021,PR0055,13,51,27,37,0,35649.87
2025-09-01,ST021,PR0056,39,47,17,69,0,12255.09
2025-09-01,ST021,PR0057,44,27,18,53,0,10523.68
2025-09-01,ST021,PR0058,22,29,13,38,0,11764.04
2025-09-01,ST021,PR0059,4,20,14,10,0,2970.7
2025-09-01,ST021,PR0060,24,34,19,39,0,14815.71
2025-09-01,ST022,PR0001,35,3,38,0,4,0.0
2025-09-01,ST022,PR0002,43,2,3,42,0,9756.18
2025-09-01,ST022,PR0003,7,52,9,50,0,15589.0
2025-09-01,ST022,PR0004,38,43,17,64,0,22775.68
2025-09-01,ST022,PR0005,27,33,23,37,0,18389.0
2025-09-01,ST022,PR0006,4,23,14,13,0,7115.94
2025-09-01,ST022,PR0007,10,38,48,0,6,0.0
2025-09-01,ST022,PR0008,43,50,37,56,0,29487.36
2025-09-01,ST022,PR0009,24,39,24,39,0,25850.37
2025-09-01,ST022,PR0010,45,26,24,47,0,28484.82
2025-09-01,ST022,PR0011,13,53,19,47,0,33409.01
2025-09-01,ST022,PR0012,23,39,15,47,0,40241.4
2025-09-01,ST022,PR0013,35,50,14,71,0,52885.77
2025-09-01,ST022,PR0014,40,5,2,43,0,6476.66
2025-09-01,ST022,PR0015,18,23,5,36,0,8661.24
2025-09-01,ST022,PR0016,41,25,22,44,0,12731.84
2025-09-01,ST022,PR0017,13,42,7,48,0,14620.32
2025-09-01,ST022,PR0018,7,4,11,0,2,0.0
2025-09-01,ST022,PR0019,54,21,29,46,0,23451.72
2025-09-01,ST022,PR0020,53,11,11,53,0,21985.99
2025-09-01,ST022,PR0021,32,45,14,63,0,40108.32
2025-09-01,ST022,PR0022,13,53,28,38,0,25624.92
2025-09-01,ST022,PR0023,45,23,14,54,0,34629.66
2025-09-01,ST022,PR0024,15,51,12,54,0,34666.38
2025-09-01,ST022,PR0025,22,45,24,43,0,40340.45
2025-09-01,ST022,PR0026,14,27,17,24,0,19212.96
2025-09-01,ST022,PR0027,15,33,21,27,0,20740.59
2025-09-01,ST022,PR0028,35,35,18,52,0,7482.8
2025-09-01,ST022,PR0029,43,28,0,71,0,18313.03
2025-09-01,ST022,PR0030,28,55,10,73,0,21594.86
2025-09-01,ST022,PR0031,17,35,50,2,6,763.8
2025-09-01,ST022,PR0032,49,34,38,45,0,19519.2
2025-09-01,ST022,PR0033,58,26,33,51,0,23551.8
2025-09-01,ST022,PR0034,8,10,18,0,6,0.0
2025-09-01,ST022,PR0035,20,29,4,45,0,24422.85
2025-09-01,ST022,PR0036,46,50,52,44,0,28116.44
2025-09-01,ST022,PR0037,40,37,21,56,0,43137.92
2025-09-01,ST022,PR0038,46,52,6,92,0,71235.6
2025-09-01,ST022,PR0039,26,9,23,12,0,10905.12
2025-09-01,ST022,PR0040,25,36,22,39,0,34317.66
2025-09-01,ST022,PR0041,10,9,19,0,5,0.0
2025-09-01,ST022,PR0042,40,22,18,44,0,6184.2
2025-09-01,ST022,PR0043,10,21,18,13,0,2646.02
2025-09-01,ST022,PR0044,51,47,16,82,0,21427.42
2025-09-01,ST022,PR0045,33,40,16,57,0,16304.85
2025-09-01,ST022,PR0046,5,45,13,37,0,13221.58
2025-09-01,ST022,PR0047,47,44,19,72,0,27740.88
2025-09-01,ST022,PR0048,34,14,33,15,0,7027.8
2025-09-01,ST022,PR0049,56,41,20,77,0,46142.25
2025-09-01,ST022,PR0050,15,39,17,37,0,21968.75
2025-09-01,ST022,PR0051,48,5,39,14,0,9088.66
2025-09-01,ST022,PR0052,57,50,29,78,0,51277.98
2025-09-01,ST022,PR0053,49,20,2,67,0,48622.57
2025-09-01,ST022,PR0054,60,50,11,99,0,98844.57
2025-09-01,ST022,PR0055,33,43,36,40,0,38540.4
2025-09-01,ST022,PR0056,37,48,11,74,0,13143.14
2025-09-01,ST022,PR0057,30,46,49,27,0,5361.12
2025-09-01,ST022,PR0058,11,32,31,12,0,3714.96
2025-09-01,ST022,PR0059,56,15,34,37,0,10991.59
2025-09-01,ST022,PR0060,37,54,21,70,0,26592.3
2025-09-01,ST023,PR0001,8,11,17,2,11,479.34
2025-09-01,ST023,PR0002,36,12,48,0,4,0.0
2025-09-01,ST023,PR0003,31,8,21,18,0,5612.04
2025-09-01,ST023,PR0004,12,27,0,39,0,13878.93
2025-09-01,ST023,PR0005,51,50,10,91,0,45227.0
2025-09-01,ST023,PR0006,58,37,20,75,0,41053.5
2025-09-01,ST023,PR0007,54,39,18,75,0,49171.5
2025-09-01,ST023,PR0008,6,9,9,6,0,3159.36
2025-09-01,ST023,PR0009,46,17,4,59,0,39106.97
2025-09-01,ST023,PR0010,18,17,17,18,0,10909.08
2025-09-01,ST023,PR0011,28,5,1,32,0,22746.56
2025-09-01,ST023,PR0012,8,36,5,39,0,33391.8
2025-09-01,ST023,PR0013,55,36,27,64,0,47671.68
2025-09-01,ST023,PR0014,63,51,14,100,0,15062.0
2025-09-01,ST023,PR0015,12,33,17,28,0,6736.52
2025-09-01,ST023,PR0016,25,35,21,39,0,11285.04
2025-09-01,ST023,PR0017,64,13,27,50,0,15229.5
2025-09-01,ST023,PR0018,25,30,13,42,0,17310.72
2025-09-01,ST023,PR0019,28,33,22,39,0,19882.98
2025-09-01,ST023,PR0020,43,17,42,18,0,7466.94
2025-09-01,ST023,PR0021,44,53,35,62,0,39471.68
2025-09-01,ST023,PR0022,46,29,11,64,0,43157.76
2025-09-01,ST023,PR0023,45,30,15,60,0,38477.4
2025-09-01,ST023,PR0024,4,32,22,14,0,8987.58
2025-09-01,ST023,PR0025,45,44,40,49,0,45969.35
2025-09-01,ST023,PR0026,26,22,15,33,0,26417.82
2025-09-01,ST023,PR0027,13,52,25,40,0,30726.8
2025-09-01,ST023,PR0028,11,23,29,5,0,719.5
2025-09-01,ST023,PR0029,11,49,20,40,0,10317.2
2025-09-01,ST023,PR0030,40,31,12,59,0,17453.38
2025-09-01,ST023,PR0031,41,50,29,62,0,23677.8
2025-09-01,ST023,PR0032,61,52,38,75,0,32532.0
2025-09-01,ST023,PR0033,43,50,24,69,0,31864.2
2025-09-01,ST023,PR0034,45,14,40,19,0,11514.0
2025-09-01,ST023,PR0035,60,50,26,84,0,45589.32
2025-09-01,ST023,PR0036,40,20,45,15,0,9585.15
2025-09-01,ST023,PR0037,30,28,28,30,0,23109.6
2025-09-01,ST023,PR0038,41,49,4,86,0,66589.8
2025-09-01,ST023,PR0039,27,11,25,13,0,11813.88
2025-09-01,ST023,PR0040,62,52,29,85,0,74794.9
2025-09-01,ST023,PR0041,35,5,24,16,0,15734.24
2025-09-01,ST023,PR0042,15,42,19,38,0,5340.9
2025-09-01,ST023,PR0043,39,29,1,67,0,13637.18
2025-09-01,ST023,PR0044,25,44,7,62,0,16201.22
2025-09-01,ST023,PR0045,5,24,14,15,0,4290.75
2025-09-01,ST023,PR0046,63,1,22,42,0,15008.28
2025-09-01,ST023,PR0047,53,29,7,75,0,28896.75
2025-09-01,ST023,PR0048,52,38,24,66,0,30922.32
2025-09-01,ST023,PR0049,52,27,22,57,0,34157.25
2025-09-01,ST023,PR0050,43,31,9,65,0,38593.75
2025-09-01,ST023,PR0051,53,33,20,66,0,42846.54
2025-09-01,ST023,PR0052,7,50,33,24,0,15777.84
2025-09-01,ST023,PR0053,60,0,13,47,0,34108.37
2025-09-01,ST023,PR0054,47,17,18,46,0,45927.78
2025-09-01,ST023,PR0055,40,49,37,52,0,50102.52
2025-09-01,ST023,PR0056,60,3,29,34,0,6038.74
2025-09-01,ST023,PR0057,20,52,17,55,0,10920.8
2025-09-01,ST023,PR0058,36,29,18,47,0,14550.26
2025-09-01,ST023,PR0059,65,32,45,52,0,15447.64
2025-09-01,ST023,PR0060,19,16,25,10,0,3798.9
2025-09-01,ST024,PR0001,28,37,32,33,0,7909.11
2025-09-01,ST024,PR0002,49,3,42,10,0,2322.9
2025-09-01,ST024,PR0003,23,14,5,32,0,9976.96
2025-09-01,ST024,PR0004,5,17,22,0,7,0.0
2025-09-01,ST024,PR0005,25,7,23,9,0,4473.0
2025-09-01,ST024,PR0006,22,23,0,45,0,24632.1
2025-09-01,ST024,PR0007,55,38,7,86,0,56383.32
2025-09-01,ST024,PR0008,52,47,9,90,0,47390.4
2025-09-01,ST024,PR0009,38,31,22,47,0,31153.01
2025-09-01,ST024,PR0010,12,22,22,12,0,7272.72
2025-09-01,ST024,PR0011,10,53,27,36,0,25589.88
2025-09-01,ST024,PR0012,7,7,14,0,5,0.0
2025-09-01,ST024,PR0013,14,19,11,22,0,16387.14
2025-09-01,ST024,PR0014,7,25,27,5,0,753.1
2025-09-01,ST024,PR0015,44,36,34,46,0,11067.14
2025-09-01,ST024,PR0016,40,38,41,37,0,10706.32
2025-09-01,ST024,PR0017,37,23,20,40,0,12183.6
2025-09-01,ST024,PR0018,20,49,21,48,0,19783.68
2025-09-01,ST024,PR0019,58,52,27,83,0,42315.06
2025-09-01,ST024,PR0020,9,12,17,4,0,1659.32
2025-09-01,ST024,PR0021,32,18,34,16,0,10186.24
2025-09-01,ST024,PR0022,25,3,10,18,0,12138.12
2025-09-01,ST024,PR0023,55,1,19,37,0,23727.73
2025-09-01,ST024,PR0024,34,50,16,68,0,43653.96
2025-09-01,ST024,PR0025,58,37,13,82,0,76928.3
2025-09-01,ST024,PR0026,13,33,11,35,0,28018.9
2025-09-01,ST024,PR0027,8,25,33,0,8,0.0
2025-09-01,ST024,PR0028,7,43,46,4,0,575.6
2025-09-01,ST024,PR0029,57,5,17,45,0,11606.85
2025-09-01,ST024,PR0030,37,52,6,83,0,24553.06
2025-09-01,ST024,PR0031,11,43,31,23,0,8783.7
2025-09-01,ST024,PR0032,10,48,21,37,0,16049.12
2025-09-01,ST024,PR0033,60,20,37,43,0,19857.4
2025-09-01,ST024,PR0034,29,24,30,23,0,13938.0
2025-09-01,ST024,PR0035,23,19,23,19,0,10311.87
2025-09-01,ST024,PR0036,14,29,14,29,0,18531.29
2025-09-01,ST024,PR0037,11,50,35,26,0,20028.32
2025-09-01,ST024,PR0038,30,35,8,57,0,44135.1
2025-09-01,ST024,PR0039,63,36,24,75,0,68157.0
2025-09-01,ST024,PR0040,50,12,14,48,0,42237.12
2025-09-01,ST024,PR0041,60,0,36,24,0,23601.36
2025-09-01,ST024,PR0042,50,41,6,85,0,11946.75
2025-09-01,ST024,PR0043,12,8,20,0,10,0.0
2025-09-01,ST024,PR0044,23,42,23,42,0,10975.02
2025-09-01,ST024,PR0045,58,40,28,70,0,20023.5
2025-09-01,ST024,PR0046,10,13,20,3,0,1072.02
2025-09-01,ST024,PR0047,40,23,40,23,0,8861.67
2025-09-01,ST024,PR0048,46,46,34,58,0,27174.16
2025-09-01,ST024,PR0049,27,50,43,34,0,20374.5
2025-09-01,ST024,PR0050,22,30,38,14,0,8312.5
2025-09-01,ST024,PR0051,48,46,9,85,0,55181.15
2025-09-01,ST024,PR0052,10,35,27,18,0,11833.38
2025-09-01,ST024,PR0053,62,7,22,47,0,34108.37
2025-09-01,ST024,PR0054,32,10,22,20,0,19968.6
2025-09-01,ST024,PR0055,38,47,15,70,0,67445.7
2025-09-01,ST024,PR0056,34,1,19,16,0,2841.76
2025-09-01,ST024,PR0057,20,2,0,22,0,4368.32
2025-09-01,ST024,PR0058,35,51,27,59,0,18265.22
2025-09-01,ST024,PR0059,48,25,11,62,0,18418.34
2025-09-01,ST024,PR0060,57,46,32,71,0,26972.19
2025-10-01,ST001,PR0001,34,10,30,14,0,3355.38
2025-10-01,ST001,PR0002,45,43,39,49,0,11382.21
2025-10-01,ST001,PR0003,42,15,10,47,0,14653.66
2025-10-01,ST001,PR0004,24,52,39,37,0,13167.19
2025-10-01,ST001,PR0005,41,42,24,59,0,29323.0
2025-10-01,ST001,PR0006,33,36,24,45,0,24632.1
2025-10-01,ST001,PR0007,22,32,15,39,0,25569.18
2025-10-01,ST001,PR0008,23,47,17,53,0,27907.68
2025-10-01,ST001,PR0009,50,1,10,41,0,27176.03
2025-10-01,ST001,PR0010,29,27,0,56,0,33939.36
2025-10-01,ST001,PR0011,37,9,44,2,2,1421.66
2025-10-01,ST001,PR0012,53,21,25,49,0,41953.8
2025-10-01,ST001,PR0013,15,41,43,13,0,9683.31
2025-10-01,ST001,PR0014,41,33,10,64,0,9639.68
2025-10-01,ST001,PR0015,15,27,25,17,0,4090.03
2025-10-01,ST001,PR0016,27,39,9,57,0,16493.52
2025-10-01,ST001,PR0017,57,0,22,35,0,10660.65
2025-10-01,ST001,PR0018,48,35,41,42,0,17310.72
2025-10-01,ST001,PR0019,50,47,38,59,0,30079.38
2025-10-01,ST001,PR0020,36,55,15,76,0,31527.08
2025-10-01,ST001,PR0021,17,15,25,7,0,4456.48
2025-10-01,ST001,PR0022,29,3,31,1,11,674.34
2025-10-01,ST001,PR0023,30,20,7,43,0,27575.47
2025-10-01,ST001,PR0024,17,24,32,9,0,5777.73
2025-10-01,ST001,PR0025,32,41,6,67,0,62856.05
2025-10-01,ST001,PR0026,32,47,23,56,0,44830.24
2025-10-01,ST001,PR0027,4,50,35,19,0,14595.23
2025-10-01,ST001,PR0028,47,45,31,61,0,8777.9
2025-10-01,ST001,PR0029,29,16,31,14,0,3611.02
2025-10-01,ST001,PR0030,64,3,1,66,0,19524.12
2025-10-01,ST001,PR0031,40,15,18,37,0,14130.3
2025-10-01,ST001,PR0032,28,18,21,25,0,10844.0
2025-10-01,ST001,PR0033,4,48,21,31,0,14315.8
2025-10-01,ST001,PR0034,28,36,34,30,0,18180.0
2025-10-01,ST001,PR0035,42,22,23,41,0,22251.93
2025-10-01,ST001,PR0036,18,48,26,40,0,25560.4
2025-10-01,ST001,PR0037,47,16,7,56,0,43137.92
2025-10-01,ST001,PR0038,37,25,23,39,0,30197.7
2025-10-01,ST001,PR0039,49,46,0,95,0,86332.2
2025-10-01,ST001,PR0040,65,37,22,80,0,70395.2
2025-10-01,ST001,PR0041,30,32,31,31,0,30485.09
2025-10-01,ST001,PR0042,53,12,23,42,0,5903.1
2025-10-01,ST001,PR0043,38,54,30,62,0,12619.48
2025-10-01,ST001,PR0044,10,5,15,0,6,0.0
2025-10-01,ST001,PR0045,32,38,16,54,0,15446.7
2025-10-01,ST001,PR0046,21,23,37,7,0,2501.38
2025-10-01,ST001,PR0047,7,28,6,29,0,11173.41
2025-10-01,ST001,PR0048,23,55,31,47,0,22020.44
2025-10-01,ST001,PR0049,23,32,15,40,0,23970.0
2025-10-01,ST001,PR0050,20,51,29,42,0,24937.5
2025-10-01,ST001,PR0051,24,2,26,0,5,0.0
2025-10-01,ST001,PR0052,38,38,26,50,0,32870.5
2025-10-01,ST001,PR0053,33,39,31,41,0,29754.11
2025-10-01,ST001,PR0054,39,17,25,31,0,30951.33
2025-10-01,ST001,PR0055,24,28,11,41,0,39503.91
2025-10-01,ST001,PR0056,34,1,17,18,0,3196.98
2025-10-01,ST001,PR0057,53,22,32,43,0,8538.08
2025-10-01,ST001,PR0058,48,15,22,41,0,12692.78
2025-10-01,ST001,PR0059,17,47,7,57,0,16932.99
2025-10-01,ST001,PR0060,20,14,34,0,2,0.0
2025-10-01,ST002,PR0001,36,51,18,69,0,16537.23
2025-10-01,ST002,PR0002,30,18,14,34,0,7897.86
2025-10-01,ST002,PR0003,60,7,0,67,0,20889.26
2025-10-01,ST002,PR0004,23,39,0,62,0,22063.94
2025-10-01,ST002,PR0005,13,35,19,29,0,14413.0
2025-10-01,ST002,PR0006,38,11,11,38,0,20800.44
2025-10-01,ST002,PR0007,31,13,28,16,0,10489.92
2025-10-01,ST002,PR0008,62,31,0,93,0,48970.08
2025-10-01,ST002,PR0009,11,51,22,40,0,26513.2
2025-10-01,ST002,PR0010,14,51,50,15,0,9090.9
2025-10-01,ST002,PR0011,31,0,11,20,0,14216.6
2025-10-01,ST002,PR0012,10,39,7,42,0,35960.4
2025-10-01,ST002,PR0013,35,4,15,24,0,17876.88
2025-10-01,ST002,PR0014,15,54,23,46,0,6928.52
2025-10-01,ST002,PR0015,36,15,25,26,0,6255.34
2025-10-01,ST002,PR0016,31,55,6,80,0,23148.8
2025-10-01,ST002,PR0017,18,30,12,36,0,10965.24
2025-10-01,ST002,PR0018,29,4,14,19,0,7831.04
2025-10-01,ST002,PR0019,33,51,33,51,0,26000.82
2025-10-01,ST002,PR0020,53,3,44,12,0,4977.96
2025-10-01,ST002,PR0021,5,7,0,12,0,7639.68
2025-10-01,ST002,PR0022,65,43,15,93,0,62713.62
2025-10-01,ST002,PR0023,47,6,30,23,0,14749.67
2025-10-01,ST002,PR0024,32,16,12,36,0,23110.92
2025-10-01,ST002,PR0025,41,35,8,68,0,63794.2
2025-10-01,ST002,PR0026,27,9,21,15,0,12008.1
2025-10-01,ST002,PR0027,23,14,28,9,0,6913.53
2025-10-01,ST002,PR0028,39,22,0,61,0,8777.9
2025-10-01,ST002,PR0029,63,28,41,50,0,12896.5
2025-10-01,ST002,PR0030,4,13,14,3,0,887.46
2025-10-01,ST002,PR0031,6,33,39,0,7,0.0
2025-10-01,ST002,PR0032,18,32,11,39,0,16916.64
2025-10-01,ST002,PR0033,64,10,29,45,0,20781.0
2025-10-01,ST002,PR0034,24,33,24,33,0,19998.0
2025-10-01,ST002,PR0035,8,48,30,26,0,14110.98
2025-10-01,ST002,PR0036,57,9,12,54,0,34506.54
2025-10-01,ST002,PR0037,16,49,27,38,0,29272.16
2025-10-01,ST002,PR0038,25,36,21,40,0,30972.0
2025-10-01,ST002,PR0039,61,16,25,52,0,47255.52
2025-10-01,ST002,PR0040,52,6,19,39,0,34317.66
2025-10-01,ST002,PR0041,43,16,37,22,0,21634.58
2025-10-01,ST002,PR0042,56,54,18,92,0,12930.6
2025-10-01,ST002,PR0043,38,42,21,59,0,12008.86
2025-10-01,ST002,PR0044,35,38,10,63,0,16462.53
2025-10-01,ST002,PR0045,8,11,19,0,7,0.0
2025-10-01,ST002,PR0046,38,50,14,74,0,26443.16
2025-10-01,ST002,PR0047,26,10,17,19,0,7320.51
2025-10-01,ST002,PR0048,12,23,20,15,0,7027.8
2025-10-01,ST002,PR0049,30,28,50,8,0,4794.0
2025-10-01,ST002,PR0050,14,4,18,0,11,0.0
2025-10-01,ST002,PR0051,35,0,21,14,0,9088.66
2025-10-01,ST002,PR0052,65,1,32,34,0,22351.94
2025-10-01,ST002,PR0053,20,7,27,0,6,0.0
2025-10-01,ST002,PR0054,21,8,26,3,0,2995.29
2025-10-01,ST002,PR0055,20,26,18,28,0,26978.28
2025-10-01,ST002,PR0056,56,49,16,89,0,15807.29
2025-10-01,ST002,PR0057,16,25,31,10,0,1985.6
2025-10-01,ST002,PR0058,57,18,17,58,0,17955.64
2025-10-01,ST002,PR0059,36,4,21,19,0,5644.33
2025-10-01,ST002,PR0060,10,8,0,18,0,6838.02
2025-10-01,ST003,PR0001,17,41,28,30,0,7190.1
2025-10-01,ST003,PR0002,7,17,12,12,0,2787.48
2025-10-01,ST003,PR0003,4,44,7,41,0,12782.98
2025-10-01,ST003,PR0004,51,38,35,54,0,19216.98
2025-10-01,ST003,PR0005,30,35,11,54,0,26838.0
2025-10-01,ST003,PR0006,6,9,15,0,8,0.0
2025-10-01,ST003,PR0007,6,25,4,27,0,17701.74
2025-10-01,ST003,PR0008,45,15,32,28,0,14743.68
2025-10-01,ST003,PR0009,29,6,10,25,0,16570.75
2025-10-01,ST003,PR0010,33,19,32,20,0,12121.2
2025-10-01,ST003,PR0011,36,17,16,37,0,26300.71
2025-10-01,ST003,PR0012,29,18,17,30,0,25686.0
2025-10-01,ST003,PR0013,35,36,38,33,0,24580.71
2025-10-01,ST003,PR0014,60,27,27,60,0,9037.2
2025-10-01,ST003,PR0015,12,38,50,0,5,0.0
2025-10-01,ST003,PR0016,30,29,28,31,0,8970.16
2025-10-01,ST003,PR0017,41,45,12,74,0,22539.66
2025-10-01,ST003,PR0018,30,27,17,40,0,16486.4
2025-10-01,ST003,PR0019,15,48,18,45,0,22941.9
2025-10-01,ST003,PR0020,19,51,39,31,0,12859.73
2025-10-01,ST003,PR0021,23,4,27,0,6,0.0
2025-10-01,ST003,PR0022,44,25,11,58,0,39111.72
2025-10-01,ST003,PR0023,56,16,12,60,0,38477.4
2025-10-01,ST003,PR0024,22,1,23,0,3,0.0
2025-10-01,ST003,PR0025,50,31,28,53,0,49721.95
2025-10-01,ST003,PR0026,33,16,36,13,0,10407.02
2025-10-01,ST003,PR0027,21,8,23,6,0,4609.02
2025-10-01,ST003,PR0028,33,3,19,17,0,2446.3
2025-10-01,ST003,PR0029,54,52,18,88,0,22697.84
2025-10-01,ST003,PR0030,62,3,12,53,0,15678.46
2025-10-01,ST003,PR0031,14,11,25,0,3,0.0
2025-10-01,ST003,PR0032,16,14,26,4,0,1735.04
2025-10-01,ST003,PR0033,52,10,7,55,0,25399.0
2025-10-01,ST003,PR0034,46,51,17,80,0,48480.0
2025-10-01,ST003,PR0035,41,2,19,24,0,13025.52
2025-10-01,ST003,PR0036,62,8,31,39,0,24921.39
2025-10-01,ST003,PR0037,5,43,19,29,0,22339.28
2025-10-01,ST003,PR0038,65,13,14,64,0,49555.2
2025-10-01,ST003,PR0039,10,33,10,33,0,29989.08
2025-10-01,ST003,PR0040,30,26,19,37,0,32557.78
2025-10-01,ST003,PR0041,34,8,19,23,0,22617.97
2025-10-01,ST003,PR0042,41,10,15,36,0,5059.8
2025-10-01,ST003,PR0043,22,51,7,66,0,13433.64
2025-10-01,ST003,PR0044,63,32,36,59,0,15417.29
2025-10-01,ST003,PR0045,58,14,31,41,0,11728.05
2025-10-01,ST003,PR0046,46,17,9,54,0,19296.36
2025-10-01,ST003,PR0047,52,41,3,90,0,34676.1
2025-10-01,ST003,PR0048,55,32,6,81,0,37950.12
2025-10-01,ST003,PR0049,32,9,39,2,5,1198.5
2025-10-01,ST003,PR0050,63,37,6,94,0,55812.5
2025-10-01,ST003,PR0051,39,52,17,74,0,48040.06
2025-10-01,ST003,PR0052,54,36,31,59,0,38787.19
2025-10-01,ST003,PR0053,51,28,39,40,0,29028.4
2025-10-01,ST003,PR0054,37,36,27,46,0,45927.78
2025-10-01,ST003,PR0055,57,37,14,80,0,77080.8
2025-10-01,ST003,PR0056,5,6,0,11,0,1953.71
2025-10-01,ST003,PR0057,11,48,0,59,0,11715.04
2025-10-01,ST003,PR0058,63,42,3,102,0,31577.16
2025-10-01,ST003,PR0059,40,7,26,21,0,6238.47
2025-10-01,ST003,PR0060,14,49,16,47,0,17854.83
2025-10-01,ST004,PR0001,64,24,11,77,0,18454.59
2025-10-01,ST004,PR0002,53,26,28,51,0,11846.79
2025-10-01,ST004,PR0003,10,6,12,4,0,1247.12
2025-10-01,ST004,PR0004,32,55,17,70,0,24910.9
2025-10-01,ST004,PR0005,24,25,13,36,0,17892.0
2025-10-01,ST004,PR0006,41,2,9,34,0,18610.92
2025-10-01,ST004,PR0007,37,34,22,49,0,32125.38
2025-10-01,ST004,PR0008,14,18,21,11,0,5792.16
2025-10-01,ST004,PR0009,49,1,13,37,0,24524.71
2025-10-01,ST004,PR0010,13,3,11,5,0,3030.3
2025-10-01,ST004,PR0011,25,30,13,42,0,29854.86
2025-10-01,ST004,PR0012,37,51,11,77,0,65927.4
2025-10-01,ST004,PR0013,52,3,22,33,0,24580.71
2025-10-01,ST004,PR0014,5,47,51,1,5,150.62
2025-10-01,ST004,PR0015,14,20,31,3,0,721.77
2025-10-01,ST004,PR0016,58,19,5,72,0,20833.92
2025-10-01,ST004,PR0017,65,23,15,73,0,22235.07
2025-10-01,ST004,PR0018,24,2,11,15,0,6182.4
2025-10-01,ST004,PR0019,16,34,20,30,0,15294.6
2025-10-01,ST004,PR0020,54,43,18,79,0,32771.57
2025-10-01,ST004,PR0021,39,20,35,24,0,15279.36
2025-10-01,ST004,PR0022,33,45,32,46,0,31019.64
2025-10-01,ST004,PR0023,48,55,31,72,0,46172.88
2025-10-01,ST004,PR0024,62,9,49,22,0,14123.34
2025-10-01,ST004,PR0025,49,4,26,27,0,25330.05
2025-10-01,ST004,PR0026,45,55,0,100,0,80054.0
2025-10-01,ST004,PR0027,44,15,33,26,0,19972.42
2025-10-01,ST004,PR0028,20,37,34,23,0,3309.7
2025-10-01,ST004,PR0029,20,12,21,11,0,2837.23
2025-10-01,ST004,PR0030,60,34,3,91,0,26919.62
2025-10-01,ST004,PR0031,26,37,13,50,0,19095.0
2025-10-01,ST004,PR0032,44,18,41,21,0,9108.96
2025-10-01,ST004,PR0033,65,50,34,81,0,37405.8
2025-10-01,ST004,PR0034,16,35,32,19,0,11514.0
2025-10-01,ST004,PR0035,11,17,24,4,0,2170.92
2025-10-01,ST004,PR0036,21,0,21,0,11,0.0
2025-10-01,ST004,PR0037,50,55,17,88,0,67788.16
2025-10-01,ST004,PR0038,40,46,24,62,0,48006.6
2025-10-01,ST004,PR0039,28,26,23,31,0,28171.56
2025-10-01,ST004,PR0040,57,15,27,45,0,39597.3
2025-10-01,ST004,PR0041,29,18,3,44,0,43269.16
2025-10-01,ST004,PR0042,62,11,27,46,0,6465.3
2025-10-01,ST004,PR0043,11,47,22,36,0,7327.44
2025-10-01,ST004,PR0044,14,35,5,44,0,11497.64
2025-10-01,ST004,PR0045,45,50,1,94,0,26888.7
2025-10-01,ST004,PR0046,42,54,30,66,0,23584.44
2025-10-01,ST004,PR0047,23,1,18,6,0,2311.74
2025-10-01,ST004,PR0048,28,6,17,17,0,7964.84
2025-10-01,ST004,PR0049,25,26,28,23,0,13782.75
2025-10-01,ST004,PR0050,17,49,27,39,0,23156.25
2025-10-01,ST004,PR0051,12,21,17,16,0,10387.04
2025-10-01,ST004,PR0052,13,14,21,6,0,3944.46
2025-10-01,ST004,PR0053,13,23,20,16,0,11611.36
2025-10-01,ST004,PR0054,15,10,9,16,0,15974.88
2025-10-01,ST004,PR0055,7,51,39,19,0,18306.69
2025-10-01,ST004,PR0056,54,52,30,76,0,13498.36
2025-10-01,ST004,PR0057,36,41,15,62,0,12310.72
2025-10-01,ST004,PR0058,37,7,18,26,0,8049.08
2025-10-01,ST004,PR0059,8,5,12,1,8,297.07
2025-10-01,ST004,PR0060,63,32,32,63,0,23933.07
2025-10-01,ST005,PR0001,18,55,36,37,0,8867.79
2025-10-01,ST005,PR0002,43,46,28,61,0,14169.69
2025-10-01,ST005,PR0003,12,52,6,58,0,18083.24
2025-10-01,ST005,PR0004,52,46,52,46,0,16370.02
2025-10-01,ST005,PR0005,60,38,25,73,0,36281.0
2025-10-01,ST005,PR0006,57,8,16,49,0,26821.62
2025-10-01,ST005,PR0007,29,11,24,16,0,10489.92
2025-10-01,ST005,PR0008,12,6,18,0,11,0.0
2025-10-01,ST005,PR0009,64,53,20,97,0,64294.51
2025-10-01,ST005,PR0010,51,20,5,66,0,39999.96
2025-10-01,ST005,PR0011,18,48,24,42,0,29854.86
2025-10-01,ST005,PR0012,58,35,19,74,0,63358.8
2025-10-01,ST005,PR0013,42,45,22,65,0,48416.55
2025-10-01,ST005,PR0014,18,13,21,10,0,1506.2
2025-10-01,ST005,PR0015,36,43,28,51,0,12270.09
2025-10-01,ST005,PR0016,28,52,29,51,0,14757.36
2025-10-01,ST005,PR0017,54,37,9,82,0,24976.38
2025-10-01,ST005,PR0018,23,7,19,11,0,4533.76
2025-10-01,ST005,PR0019,16,52,0,68,0,34667.76
2025-10-01,ST005,PR0020,18,38,2,54,0,22400.82
2025-10-01,ST005,PR0021,55,29,8,76,0,48384.64
2025-10-01,ST005,PR0022,6,13,19,0,3,0.0
2025-10-01,ST005,PR0023,9,37,22,24,0,15390.96
2025-10-01,ST005,PR0024,8,23,20,11,0,7061.67
2025-10-01,ST005,PR0025,44,3,23,24,0,22515.6
2025-10-01,ST005,PR0026,38,7,40,5,0,4002.7
2025-10-01,ST005,PR0027,15,42,19,38,0,29190.46
2025-10-01,ST005,PR0028,29,19,27,21,0,3021.9
2025-10-01,ST005,PR0029,7,19,26,0,3,0.0
2025-10-01,ST005,PR0030,37,42,13,66,0,19524.12
2025-10-01,ST005,PR0031,64,49,13,100,0,38190.0
2025-10-01,ST005,PR0032,60,36,17,79,0,34267.04
2025-10-01,ST005,PR0033,39,51,35,55,0,25399.0
2025-10-01,ST005,PR0034,27,14,29,12,0,7272.0
2025-10-01,ST005,PR0035,27,8,22,13,0,7055.49
2025-10-01,ST005,PR0036,48,52,41,59,0,37701.59
2025-10-01,ST005,PR0037,61,2,13,50,0,38516.0
2025-10-01,ST005,PR0038,28,6,32,2,3,1548.6
2025-10-01,ST005,PR0039,36,41,24,53,0,48164.28
2025-10-01,ST005,PR0040,48,7,17,38,0,33437.72
2025-10-01,ST005,PR0041,5,19,24,0,12,0.0
2025-10-01,ST005,PR0042,19,42,9,52,0,7308.6
2025-10-01,ST005,PR0043,27,33,31,29,0,5902.66
2025-10-01,ST005,PR0044,46,26,19,53,0,13849.43
2025-10-01,ST005,PR0045,9,32,16,25,0,7151.25
2025-10-01,ST005,PR0046,34,50,0,84,0,30016.56
2025-10-01,ST005,PR0047,45,46,22,69,0,26585.01
2025-10-01,ST005,PR0048,21,24,15,30,0,14055.6
2025-10-01,ST005,PR0049,35,17,17,35,0,20973.75
2025-10-01,ST005,PR0050,47,17,10,54,0,32062.5
2025-10-01,ST005,PR0051,44,2,0,46,0,29862.74
2025-10-01,ST005,PR0052,23,39,12,50,0,32870.5
2025-10-01,ST005,PR0053,64,25,16,73,0,52976.83
2025-10-01,ST005,PR0054,28,17,35,10,0,9984.3
2025-10-01,ST005,PR0055,59,30,32,57,0,54920.07
2025-10-01,ST005,PR0056,5,2,7,0,12,0.0
2025-10-01,ST005,PR0057,65,10,1,74,0,14693.44
2025-10-01,ST005,PR0058,46,20,40,26,0,8049.08
2025-10-01,ST005,PR0059,62,38,13,87,0,25845.09
2025-10-01,ST005,PR0060,38,18,0,56,0,21273.84
2025-10-01,ST006,PR0001,41,3,25,19,0,4553.73
2025-10-01,ST006,PR0002,45,23,23,45,0,10453.05
2025-10-01,ST006,PR0003,27,33,28,32,0,9976.96
2025-10-01,ST006,PR0004,60,33,28,65,0,23131.55
2025-10-01,ST006,PR0005,27,53,28,52,0,25844.0
2025-10-01,ST006,PR0006,38,20,27,31,0,16968.78
2025-10-01,ST006,PR0007,12,25,18,19,0,12456.78
2025-10-01,ST006,PR0008,17,30,6,41,0,21588.96
2025-10-01,ST006,PR0009,58,47,20,85,0,56340.55
2025-10-01,ST006,PR0010,25,27,18,34,0,20606.04
2025-10-01,ST006,PR0011,47,25,22,50,0,35541.5
2025-10-01,ST006,PR0012,5,2,6,1,10,856.2
2025-10-01,ST006,PR0013,9,6,9,6,0,4469.22
2025-10-01,ST006,PR0014,36,20,40,16,0,2409.92
2025-10-01,ST006,PR0015,16,38,17,37,0,8901.83
2025-10-01,ST006,PR0016,24,40,5,59,0,17072.24
2025-10-01,ST006,PR0017,57,51,42,66,0,20102.94
2025-10-01,ST006,PR0018,43,3,14,32,0,13189.12
2025-10-01,ST006,PR0019,24,24,0,48,0,24471.36
2025-10-01,ST006,PR0020,64,40,22,82,0,34016.06
2025-10-01,ST006,PR0021,48,25,20,53,0,33741.92
2025-10-01,ST006,PR0022,23,5,21,7,0,4720.38
2025-10-01,ST006,PR0023,51,17,8,60,0,38477.4
2025-10-01,ST006,PR0024,29,5,15,19,0,12197.43
2025-10-01,ST006,PR0025,4,17,17,4,0,3752.6
2025-10-01,ST006,PR0026,19,46,25,40,0,32021.6
2025-10-01,ST006,PR0027,64,47,30,81,0,62221.77
2025-10-01,ST006,PR0028,12,38,6,44,0,6331.6
2025-10-01,ST006,PR0029,22,2,18,6,0,1547.58
2025-10-01,ST006,PR0030,47,29,30,46,0,13607.72
2025-10-01,ST006,PR0031,60,11,35,36,0,13748.4
2025-10-01,ST006,PR0032,44,1,26,19,0,8241.44
2025-10-01,ST006,PR0033,61,40,34,67,0,30940.6
2025-10-01,ST006,PR0034,34,41,43,32,0,19392.0
2025-10-01,ST006,PR0035,24,11,6,29,0,15739.17
2025-10-01,ST006,PR0036,14,14,28,0,2,0.0
2025-10-01,ST006,PR0037,29,21,20,30,0,23109.6
2025-10-01,ST006,PR0038,65,46,31,80,0,61944.0
2025-10-01,ST006,PR0039,56,4,36,24,0,21810.24
2025-10-01,ST006,PR0040,53,55,28,80,0,70395.2
2025-10-01,ST006,PR0041,39,12,33,18,0,17701.02
2025-10-01,ST006,PR0042,48,43,15,76,0,10681.8
2025-10-01,ST006,PR0043,11,13,18,6,0,1221.24
2025-10-01,ST006,PR0044,42,24,34,32,0,8361.92
2025-10-01,ST006,PR0045,46,25,13,58,0,16590.9
2025-10-01,ST006,PR0046,43,2,29,16,0,5717.44
2025-10-01,ST006,PR0047,30,27,6,51,0,19649.79
2025-10-01,ST006,PR0048,48,38,26,60,0,28111.2
2025-10-01,ST006,PR0049,39,14,25,28,0,16779.0
2025-10-01,ST006,PR0050,10,15,18,7,0,4156.25
2025-10-01,ST006,PR0051,25,19,21,23,0,14931.37
2025-10-01,ST006,PR0052,8,45,25,28,0,18407.48
2025-10-01,ST006,PR0053,43,39,0,82,0,59508.22
2025-10-01,ST006,PR0054,55,47,41,61,0,60904.23
2025-10-01,ST006,PR0055,60,52,16,96,0,92496.96
2025-10-01,ST006,PR0056,28,18,27,19,0,3374.59
2025-10-01,ST006,PR0057,51,19,24,46,0,9133.76
2025-10-01,ST006,PR0058,59,11,8,62,0,19193.96
2025-10-01,ST006,PR0059,18,32,25,25,0,7426.75
2025-10-01,ST006,PR0060,14,14,28,0,11,0.0
2025-10-01,ST007,PR0001,27,35,16,46,0,11024.82
2025-10-01,ST007,PR0002,42,20,1,61,0,14169.69
2025-10-01,ST007,PR0003,13,49,19,43,0,13406.54
2025-10-01,ST007,PR0004,28,15,7,36,0,12811.32
2025-10-01,ST007,PR0005,47,31,0,78,0,38766.0
2025-10-01,ST007,PR0006,16,39,26,29,0,15874.02
2025-10-01,ST007,PR0007,53,36,25,64,0,41959.68
2025-10-01,ST007,PR0008,18,12,24,6,0,3159.36
2025-10-01,ST007,PR0009,60,39,14,85,0,56340.55
2025-10-01,ST007,PR0010,15,9,24,0,6,0.0
2025-10-01,ST007,PR0011,22,34,19,37,0,26300.71
2025-10-01,ST007,PR0012,61,55,61,55,0,47091.0
2025-10-01,ST007,PR0013,10,54,29,35,0,26070.45
2025-10-01,ST007,PR0014,50,2,32,20,0,3012.4
2025-10-01,ST007,PR0015,47,40,27,60,0,14435.4
2025-10-01,ST007,PR0016,33,11,23,21,0,6076.56
2025-10-01,ST007,PR0017,63,50,32,81,0,24671.79
2025-10-01,ST007,PR0018,57,25,4,78,0,32148.48
2025-10-01,ST007,PR0019,38,24,25,37,0,18863.34
2025-10-01,ST007,PR0020,34,9,6,37,0,15348.71
2025-10-01,ST007,PR0021,49,54,28,75,0,47748.0
2025-10-01,ST007,PR0022,24,34,34,24,0,16184.16
2025-10-01,ST007,PR0023,24,11,25,10,0,6412.9
2025-10-01,ST007,PR0024,18,10,23,5,0,3209.85
2025-10-01,ST007,PR0025,59,17,11,65,0,60979.75
2025-10-01,ST007,PR0026,31,35,9,57,0,45630.78
2025-10-01,ST007,PR0027,12,55,3,64,0,49162.88
2025-10-01,ST007,PR0028,40,18,36,22,0,3165.8
2025-10-01,ST007,PR0029,40,25,17,48,0,12380.64
2025-10-01,ST007,PR0030,51,39,22,68,0,20115.76
2025-10-01,ST007,PR0031,40,41,22,59,0,22532.1
2025-10-01,ST007,PR0032,30,14,23,21,0,9108.96
2025-10-01,ST007,PR0033,63,25,3,85,0,39253.0
2025-10-01,ST007,PR0034,28,23,26,25,0,15150.0
2025-10-01,ST007,PR0035,14,30,18,26,0,14110.98
2025-10-01,ST007,PR0036,14,31,13,32,0,20448.32
2025-10-01,ST007,PR0037,39,2,15,26,0,20028.32
2025-10-01,ST007,PR0038,26,32,25,33,0,25551.9
2025-10-01,ST007,PR0039,58,33,21,70,0,63613.2
2025-10-01,ST007,PR0040,56,15,5,66,0,58076.04
2025-10-01,ST007,PR0041,61,27,37,51,0,50152.89
2025-10-01,ST007,PR0042,44,24,36,32,0,4497.6
2025-10-01,ST007,PR0043,53,47,3,97,0,19743.38
2025-10-01,ST007,PR0044,61,17,4,74,0,19336.94
2025-10-01,ST007,PR0045,31,40,9,62,0,17735.1
2025-10-01,ST007,PR0046,50,9,5,54,0,19296.36
2025-10-01,ST007,PR0047,36,10,34,12,0,4623.48
2025-10-01,ST007,PR0048,53,33,8,78,0,36544.56
2025-10-01,ST007,PR0049,53,47,13,87,0,52134.75
2025-10-01,ST007,PR0050,40,15,17,38,0,22562.5
2025-10-01,ST007,PR0051,22,52,16,58,0,37653.02
2025-10-01,ST007,PR0052,35,2,37,0,3,0.0
2025-10-01,ST007,PR0053,50,23,18,55,0,39914.05
2025-10-01,ST007,PR0054,40,19,24,35,0,34945.05
2025-10-01,ST007,PR0055,63,3,33,33,0,31795.83
2025-10-01,ST007,PR0056,39,1,18,22,0,3907.42
2025-10-01,ST007,PR0057,9,41,37,13,0,2581.28
2025-10-01,ST007,PR0058,14,33,31,16,0,4953.28
2025-10-01,ST007,PR0059,4,33,37,0,10,0.0
2025-10-01,ST007,PR0060,4,15,19,0,12,0.0
2025-10-01,ST008,PR0001,50,43,8,85,0,20371.95
2025-10-01,ST008,PR0002,60,11,20,51,0,11846.79
2025-10-01,ST008,PR0003,59,35,43,51,0,15900.78
2025-10-01,ST008,PR0004,36,19,0,55,0,19572.85
2025-10-01,ST008,PR0005,27,15,19,23,0,11431.0
2025-10-01,ST008,PR0006,42,33,41,34,0,18610.92
2025-10-01,ST008,PR0007,65,44,13,96,0,62939.52
2025-10-01,ST008,PR0008,28,43,26,45,0,23695.2
2025-10-01,ST008,PR0009,34,20,39,15,0,9942.45
2025-10-01,ST008,PR0010,49,29,23,55,0,33333.3
2025-10-01,ST008,PR0011,40,38,24,54,0,38384.82
2025-10-01,ST008,PR0012,49,27,28,48,0,41097.6
2025-10-01,ST008,PR0013,26,36,14,48,0,35753.76
2025-10-01,ST008,PR0014,60,27,17,70,0,10543.4
2025-10-01,ST008,PR0015,8,35,17,26,0,6255.34
2025-10-01,ST008,PR0016,8,21,19,10,0,2893.6
2025-10-01,ST008,PR0017,45,51,37,59,0,17970.81
2025-10-01,ST008,PR0018,26,40,17,49,0,20195.84
2025-10-01,ST008,PR0019,63,52,35,80,0,40785.6
2025-10-01,ST008,PR0020,40,35,31,44,0,18252.52
2025-10-01,ST008,PR0021,37,44,14,67,0,42654.88
2025-10-01,ST008,PR0022,47,42,21,68,0,45855.12
2025-10-01,ST008,PR0023,39,35,23,51,0,32705.79
2025-10-01,ST008,PR0024,40,43,11,72,0,46221.84
2025-10-01,ST008,PR0025,27,21,33,15,0,14072.25
2025-10-01,ST008,PR0026,14,32,22,24,0,19212.96
2025-10-01,ST008,PR0027,51,35,20,66,0,50699.22
2025-10-01,ST008,PR0028,21,22,24,19,0,2734.1
2025-10-01,ST008,PR0029,22,51,13,60,0,15475.8
2025-10-01,ST008,PR0030,49,49,12,86,0,25440.52
2025-10-01,ST008,PR0031,49,33,14,68,0,25969.2
2025-10-01,ST008,PR0032,6,5,11,0,12,0.0
2025-10-01,ST008,PR0033,49,32,21,60,0,27708.0
2025-10-01,ST008,PR0034,29,27,3,53,0,32118.0
2025-10-01,ST008,PR0035,47,26,11,62,0,33649.26
2025-10-01,ST008,PR0036,54,40,58,36,0,23004.36
2025-10-01,ST008,PR0037,37,6,32,11,0,8473.52
2025-10-01,ST008,PR0038,29,6,29,6,0,4645.8
2025-10-01,ST008,PR0039,15,35,19,31,0,28171.56
2025-10-01,ST008,PR0040,64,42,22,84,0,73914.96
2025-10-01,ST008,PR0041,46,28,30,44,0,43269.16
2025-10-01,ST008,PR0042,62,3,26,39,0,5481.45
2025-10-01,ST008,PR0043,39,51,22,68,0,13840.72
2025-10-01,ST008,PR0044,64,37,18,83,0,21688.73
2025-10-01,ST008,PR0045,7,49,22,34,0,9725.7
2025-10-01,ST008,PR0046,10,43,25,28,0,10005.52
2025-10-01,ST008,PR0047,10,47,34,23,0,8861.67
2025-10-01,ST008,PR0048,23,37,0,60,0,28111.2
2025-10-01,ST008,PR0049,10,8,11,7,0,4194.75
2025-10-01,ST008,PR0050,49,23,40,32,0,19000.0
2025-10-01,ST008,PR0051,50,32,23,59,0,38302.21
2025-10-01,ST008,PR0052,19,53,14,58,0,38129.78
2025-10-01,ST008,PR0053,22,26,43,5,0,3628.55
2025-10-01,ST008,PR0054,33,44,30,47,0,46926.21
2025-10-01,ST008,PR0055,6,41,30,17,0,16379.67
2025-10-01,ST008,PR0056,11,44,28,27,0,4795.47
2025-10-01,ST008,PR0057,64,22,28,58,0,11516.48
2025-10-01,ST008,PR0058,33,40,31,42,0,13002.36
2025-10-01,ST008,PR0059,16,24,29,11,0,3267.77
2025-10-01,ST008,PR0060,62,1,20,43,0,16335.27
2025-10-01,ST009,PR0001,16,34,38,12,0,2876.04
2025-10-01,ST009,PR0002,22,50,0,72,0,16724.88
2025-10-01,ST009,PR0003,57,37,20,74,0,23071.72
2025-10-01,ST009,PR0004,18,0,18,0,11,0.0
2025-10-01,ST009,PR0005,60,38,8,90,0,44730.0
2025-10-01,ST009,PR0006,58,24,12,70,0,38316.6
2025-10-01,ST009,PR0007,4,46,36,14,0,9178.68
2025-10-01,ST009,PR0008,43,24,33,34,0,17903.04
2025-10-01,ST009,PR0009,61,31,58,34,0,22536.22
2025-10-01,ST009,PR0010,32,42,16,58,0,35151.48
2025-10-01,ST009,PR0011,26,1,27,0,8,0.0
2025-10-01,ST009,PR0012,42,23,30,35,0,29967.0
2025-10-01,ST009,PR0013,19,29,24,24,0,17876.88
2025-10-01,ST009,PR0014,46,1,21,26,0,3916.12
2025-10-01,ST009,PR0015,59,49,8,100,0,24059.0
2025-10-01,ST009,PR0016,26,41,26,41,0,11863.76
2025-10-01,ST009,PR0017,41,3,11,33,0,10051.47
2025-10-01,ST009,PR0018,35,34,26,43,0,17722.88
2025-10-01,ST009,PR0019,10,16,26,0,4,0.0
2025-10-01,ST009,PR0020,4,1,5,0,5,0.0
2025-10-01,ST009,PR0021,5,13,18,0,12,0.0
2025-10-01,ST009,PR0022,55,52,13,94,0,63387.96
2025-10-01,ST009,PR0023,10,19,29,0,10,0.0
2025-10-01,ST009,PR0024,64,8,19,53,0,34024.41
2025-10-01,ST009,PR0025,42,9,23,28,0,26268.2
2025-10-01,ST009,PR0026,56,32,15,73,0,58439.42
2025-10-01,ST009,PR0027,46,8,27,27,0,20740.59
2025-10-01,ST009,PR0028,32,42,30,44,0,6331.6
2025-10-01,ST009,PR0029,39,31,45,25,0,6448.25
2025-10-01,ST009,PR0030,10,13,23,0,11,0.0
2025-10-01,ST009,PR0031,57,3,27,33,0,12602.7
2025-10-01,ST009,PR0032,48,53,30,71,0,30796.96
2025-10-01,ST009,PR0033,9,21,16,14,0,6465.2
2025-10-01,ST009,PR0034,10,5,15,0,10,0.0
2025-10-01,ST009,PR0035,21,53,32,42,0,22794.66
2025-10-01,ST009,PR0036,62,54,20,96,0,61344.96
2025-10-01,ST009,PR0037,63,33,17,79,0,60855.28
2025-10-01,ST009,PR0038,37,1,31,7,0,5420.1
2025-10-01,ST009,PR0039,21,31,38,14,0,12722.64
2025-10-01,ST009,PR0040,24,38,27,35,0,30797.9
2025-10-01,ST009,PR0041,10,48,26,32,0,31468.48
2025-10-01,ST009,PR0042,40,19,42,17,0,2389.35
2025-10-01,ST009,PR0043,7,23,30,0,3,0.0
2025-10-01,ST009,PR0044,8,7,15,0,10,0.0
2025-10-01,ST009,PR0045,28,17,26,19,0,5434.95
2025-10-01,ST009,PR0046,31,17,20,28,0,10005.52
2025-10-01,ST009,PR0047,46,20,33,33,0,12714.57
2025-10-01,ST009,PR0048,44,37,11,70,0,32796.4
2025-10-01,ST009,PR0049,52,32,4,80,0,47940.0
2025-10-01,ST009,PR0050,23,2,25,0,4,0.0
2025-10-01,ST009,PR0051,41,17,2,56,0,36354.64
2025-10-01,ST009,PR0052,52,33,24,61,0,40102.01
2025-10-01,ST009,PR0053,16,2,0,18,0,13062.78
2025-10-01,ST009,PR0054,30,29,17,42,0,41934.06
2025-10-01,ST009,PR0055,50,28,27,51,0,49139.01
2025-10-01,ST009,PR0056,5,28,4,29,0,5150.69
2025-10-01,ST009,PR0057,29,28,15,42,0,8339.52
2025-10-01,ST009,PR0058,42,24,26,40,0,12383.2
2025-10-01,ST009,PR0059,6,41,26,21,0,6238.47
2025-10-01,ST009,PR0060,26,38,27,37,0,14055.93
2025-10-01,ST010,PR0001,54,41,27,68,0,16297.56
2025-10-01,ST010,PR0002,48,8,24,32,0,7433.28
2025-10-01,ST010,PR0003,26,35,9,52,0,16212.56
2025-10-01,ST010,PR0004,25,1,26,0,3,0.0
2025-10-01,ST010,PR0005,24,14,16,22,0,10934.0
2025-10-01,ST010,PR0006,58,38,31,65,0,35579.7
2025-10-01,ST010,PR0007,26,0,26,0,3,0.0
2025-10-01,ST010,PR0008,48,4,28,24,0,12637.44
2025-10-01,ST010,PR0009,56,55,20,91,0,60317.53
2025-10-01,ST010,PR0010,31,51,22,60,0,36363.6
2025-10-01,ST010,PR0011,7,54,36,25,0,17770.75
2025-10-01,ST010,PR0012,20,47,20,47,0,40241.4
2025-10-01,ST010,PR0013,29,29,17,41,0,30539.67
2025-10-01,ST010,PR0014,39,44,25,58,0,8735.96
2025-10-01,ST010,PR0015,64,17,20,61,0,14675.99
2025-10-01,ST010,PR0016,9,15,15,9,0,2604.24
2025-10-01,ST010,PR0017,13,8,21,0,4,0.0
2025-10-01,ST010,PR0018,29,3,20,12,0,4945.92
2025-10-01,ST010,PR0019,7,49,14,42,0,21412.44
2025-10-01,ST010,PR0020,25,16,21,20,0,8296.6
2025-10-01,ST010,PR0021,26,51,21,56,0,35651.84
2025-10-01,ST010,PR0022,62,12,7,67,0,45180.78
2025-10-01,ST010,PR0023,56,17,0,73,0,46814.17
2025-10-01,ST010,PR0024,40,13,32,21,0,13481.37
2025-10-01,ST010,PR0025,11,14,11,14,0,13134.1
2025-10-01,ST010,PR0026,27,1,28,0,11,0.0
2025-10-01,ST010,PR0027,35,53,29,59,0,45322.03
2025-10-01,ST010,PR0028,10,5,8,7,0,1007.3
2025-10-01,ST010,PR0029,18,16,27,7,0,1805.51
2025-10-01,ST010,PR0030,47,8,22,33,0,9762.06
2025-10-01,ST010,PR0031,36,33,42,27,0,10311.3
2025-10-01,ST010,PR0032,42,53,13,82,0,35568.32
2025-10-01,ST010,PR0033,25,44,5,64,0,29555.2
2025-10-01,ST010,PR0034,64,27,23,68,0,41208.0
2025-10-01,ST010,PR0035,54,28,6,76,0,41247.48
2025-10-01,ST010,PR0036,14,29,20,23,0,14697.23
2025-10-01,ST010,PR0037,55,1,14,42,0,32353.44
2025-10-01,ST010,PR0038,51,32,0,83,0,64266.9
2025-10-01,ST010,PR0039,61,49,24,86,0,78153.36
2025-10-01,ST010,PR0040,45,38,9,74,0,65115.56
2025-10-01,ST010,PR0041,62,48,26,84,0,82604.76
2025-10-01,ST010,PR0042,38,12,27,23,0,3232.65
2025-10-01,ST010,PR0043,4,31,32,3,0,610.62
2025-10-01,ST010,PR0044,32,6,31,7,0,1829.17
2025-10-01,ST010,PR0045,60,3,21,42,0,12014.1
2025-10-01,ST010,PR0046,7,48,18,37,0,13221.58
2025-10-01,ST010,PR0047,54,54,27,81,0,31208.49
2025-10-01,ST010,PR0048,13,40,31,22,0,10307.44
2025-10-01,ST010,PR0049,4,5,9,0,5,0.0
2025-10-01,ST010,PR0050,10,29,13,26,0,15437.5
2025-10-01,ST010,PR0051,8,31,24,15,0,9737.85
2025-10-01,ST010,PR0052,61,45,18,88,0,57852.08
2025-10-01,ST010,PR0053,21,34,14,41,0,29754.11
2025-10-01,ST010,PR0054,50,44,24,70,0,69890.1
2025-10-01,ST010,PR0055,13,21,17,17,0,16379.67
2025-10-01,ST010,PR0056,35,9,17,27,0,4795.47
2025-10-01,ST010,PR0057,5,53,22,36,0,7148.16
2025-10-01,ST010,PR0058,12,20,29,3,0,928.74
2025-10-01,ST010,PR0059,49,19,36,32,0,9506.24
2025-10-01,ST010,PR0060,35,0,35,0,10,0.0
2025-10-01,ST011,PR0001,33,16,15,34,0,8148.78
2025-10-01,ST011,PR0002,19,35,23,31,0,7200.99
2025-10-01,ST011,PR0003,48,0,18,30,0,9353.4
2025-10-01,ST011,PR0004,57,32,26,63,0,22419.81
2025-10-01,ST011,PR0005,29,17,39,7,0,3479.0
2025-10-01,ST011,PR0006,32,37,20,49,0,26821.62
2025-10-01,ST011,PR0007,23,19,0,42,0,27536.04
2025-10-01,ST011,PR0008,52,21,28,45,0,23695.2
2025-10-01,ST011,PR0009,51,13,26,38,0,25187.54
2025-10-01,ST011,PR0010,11,30,6,35,0,21212.1
2025-10-01,ST011,PR0011,60,7,22,45,0,31987.35
2025-10-01,ST011,PR0012,6,5,11,0,11,0.0
2025-10-01,ST011,PR0013,35,21,13,43,0,32029.41
2025-10-01,ST011,PR0014,16,24,32,8,0,1204.96
2025-10-01,ST011,PR0015,6,22,28,0,4,0.0
2025-10-01,ST011,PR0016,38,19,12,45,0,13021.2
2025-10-01,ST011,PR0017,20,8,15,13,0,3959.67
2025-10-01,ST011,PR0018,56,32,8,80,0,32972.8
2025-10-01,ST011,PR0019,30,54,0,84,0,42824.88
2025-10-01,ST011,PR0020,64,19,37,46,0,19082.18
2025-10-01,ST011,PR0021,17,30,17,30,0,19099.2
2025-10-01,ST011,PR0022,37,52,18,71,0,47878.14
2025-10-01,ST011,PR0023,57,4,18,43,0,27575.47
2025-10-01,ST011,PR0024,47,50,45,52,0,33382.44
2025-10-01,ST011,PR0025,18,20,29,9,0,8443.35
2025-10-01,ST011,PR0026,55,40,0,95,0,76051.3
2025-10-01,ST011,PR0027,30,45,29,46,0,35335.82
2025-10-01,ST011,PR0028,57,20,25,52,0,7482.8
2025-10-01,ST011,PR0029,22,8,3,27,0,6964.11
2025-10-01,ST011,PR0030,17,3,19,1,2,295.82
2025-10-01,ST011,PR0031,52,31,0,83,0,31697.7
2025-10-01,ST011,PR0032,34,36,0,70,0,30363.2
2025-10-01,ST011,PR0033,39,41,1,79,0,36482.2
2025-10-01,ST011,PR0034,31,48,40,39,0,23634.0
2025-10-01,ST011,PR0035,34,52,36,50,0,27136.5
2025-10-01,ST011,PR0036,4,44,0,48,0,30672.48
2025-10-01,ST011,PR0037,45,55,13,87,0,67017.84
2025-10-01,ST011,PR0038,7,8,15,0,6,0.0
2025-10-01,ST011,PR0039,20,15,13,22,0,19992.72
2025-10-01,ST011,PR0040,46,43,30,59,0,51916.46
2025-10-01,ST011,PR0041,34,22,5,51,0,50152.89
2025-10-01,ST011,PR0042,58,53,13,98,0,13773.9
2025-10-01,ST011,PR0043,10,53,5,58,0,11805.32
2025-10-01,ST011,PR0044,38,55,27,66,0,17246.46
2025-10-01,ST011,PR0045,56,1,8,49,0,14016.45
2025-10-01,ST011,PR0046,27,53,38,42,0,15008.28
2025-10-01,ST011,PR0047,19,21,21,19,0,7320.51
2025-10-01,ST011,PR0048,15,11,26,0,12,0.0
2025-10-01,ST011,PR0049,45,40,21,64,0,38352.0
2025-10-01,ST011,PR0050,30,0,3,27,0,16031.25
2025-10-01,ST011,PR0051,20,41,23,38,0,24669.22
2025-10-01,ST011,PR0052,50,43,28,65,0,42731.65
2025-10-01,ST011,PR0053,56,35,24,67,0,48622.57
2025-10-01,ST011,PR0054,15,48,17,46,0,45927.78
2025-10-01,ST011,PR0055,59,19,24,54,0,52029.54
2025-10-01,ST011,PR0056,31,32,14,49,0,8702.89
2025-10-01,ST011,PR0057,49,38,11,76,0,15090.56
2025-10-01,ST011,PR0058,60,47,9,98,0,30338.84
2025-10-01,ST011,PR0059,61,24,36,49,0,14556.43
2025-10-01,ST011,PR0060,46,2,35,13,0,4938.57
2025-10-01,ST012,PR0001,31,43,25,49,0,11743.83
2025-10-01,ST012,PR0002,60,16,16,60,0,13937.4
2025-10-01,ST012,PR0003,30,19,33,16,0,4988.48
2025-10-01,ST012,PR0004,20,46,39,27,0,9608.49
2025-10-01,ST012,PR0005,59,32,14,77,0,38269.0
2025-10-01,ST012,PR0006,18,30,38,10,0,5473.8
2025-10-01,ST012,PR0007,30,31,39,22,0,14423.64
2025-10-01,ST012,PR0008,56,48,11,93,0,48970.08
2025-10-01,ST012,PR0009,61,50,43,68,0,45072.44
2025-10-01,ST012,PR0010,49,19,13,55,0,33333.3
2025-10-01,ST012,PR0011,40,29,14,55,0,39095.65
2025-10-01,ST012,PR0012,23,54,16,61,0,52228.2
2025-10-01,ST012,PR0013,53,46,16,83,0,61824.21
2025-10-01,ST012,PR0014,57,2,40,19,0,2861.78
2025-10-01,ST012,PR0015,10,25,18,17,0,4090.03
2025-10-01,ST012,PR0016,49,51,9,91,0,26331.76
2025-10-01,ST012,PR0017,26,37,17,46,0,14011.14
2025-10-01,ST012,PR0018,38,52,21,69,0,28439.04
2025-10-01,ST012,PR0019,9,5,14,0,5,0.0
2025-10-01,ST012,PR0020,38,28,40,26,0,10785.58
2025-10-01,ST012,PR0021,22,53,40,35,0,22282.4
2025-10-01,ST012,PR0022,25,17,24,18,0,12138.12
2025-10-01,ST012,PR0023,49,33,34,48,0,30781.92
2025-10-01,ST012,PR0024,35,34,0,69,0,44295.93
2025-10-01,ST012,PR0025,47,4,33,18,0,16886.7
2025-10-01,ST012,PR0026,55,43,8,90,0,72048.6
2025-10-01,ST012,PR0027,28,1,14,15,0,11522.55
2025-10-01,ST012,PR0028,53,34,5,82,0,11799.8
2025-10-01,ST012,PR0029,63,5,14,54,0,13928.22
2025-10-01,ST012,PR0030,6,6,12,0,11,0.0
2025-10-01,ST012,PR0031,62,8,22,48,0,18331.2
2025-10-01,ST012,PR0032,45,37,36,46,0,19952.96
2025-10-01,ST012,PR0033,34,14,36,12,0,5541.6
2025-10-01,ST012,PR0034,6,36,25,17,0,10302.0
2025-10-01,ST012,PR0035,59,18,41,36,0,19538.28
2025-10-01,ST012,PR0036,55,32,16,71,0,45369.71
2025-10-01,ST012,PR0037,59,42,25,76,0,58544.32
2025-10-01,ST012,PR0038,44,55,22,77,0,59621.1
2025-10-01,ST012,PR0039,19,28,18,29,0,26354.04
2025-10-01,ST012,PR0040,24,21,8,37,0,32557.78
2025-10-01,ST012,PR0041,11,10,21,0,8,0.0
2025-10-01,ST012,PR0042,18,20,12,26,0,3654.3
2025-10-01,ST012,PR0043,24,31,26,29,0,5902.66
2025-10-01,ST012,PR0044,42,23,21,44,0,11497.64
2025-10-01,ST012,PR0045,61,36,26,71,0,20309.55
2025-10-01,ST012,PR0046,53,43,18,78,0,27872.52
2025-10-01,ST012,PR0047,56,40,28,68,0,26199.72
2025-10-01,ST012,PR0048,14,21,26,9,0,4216.68
2025-10-01,ST012,PR0049,7,44,13,38,0,22771.5
2025-10-01,ST012,PR0050,57,35,8,84,0,49875.0
2025-10-01,ST012,PR0051,6,42,16,32,0,20774.08
2025-10-01,ST012,PR0052,40,37,4,73,0,47990.93
2025-10-01,ST012,PR0053,25,42,0,67,0,48622.57
2025-10-01,ST012,PR0054,28,8,18,18,0,17971.74
2025-10-01,ST012,PR0055,38,47,30,55,0,52993.05
2025-10-01,ST012,PR0056,64,29,18,75,0,13320.75
2025-10-01,ST012,PR0057,10,12,22,0,6,0.0
2025-10-01,ST012,PR0058,19,4,17,6,0,1857.48
2025-10-01,ST012,PR0059,11,11,11,11,0,3267.77
2025-10-01,ST012,PR0060,19,10,6,23,0,8737.47
2025-10-01,ST013,PR0001,63,9,22,50,0,11983.5
2025-10-01,ST013,PR0002,54,39,31,62,0,14401.98
2025-10-01,ST013,PR0003,56,16,16,56,0,17459.68
2025-10-01,ST013,PR0004,19,5,10,14,0,4982.18
2025-10-01,ST013,PR0005,47,35,9,73,0,36281.0
2025-10-01,ST013,PR0006,49,45,31,63,0,34484.94
2025-10-01,ST013,PR0007,59,18,32,45,0,29502.9
2025-10-01,ST013,PR0008,51,33,18,66,0,34752.96
2025-10-01,ST013,PR0009,18,38,1,55,0,36455.65
2025-10-01,ST013,PR0010,63,25,19,69,0,41818.14
2025-10-01,ST013,PR0011,29,8,27,10,0,7108.3
2025-10-01,ST013,PR0012,52,27,14,65,0,55653.0
2025-10-01,ST013,PR0013,13,30,23,20,0,14897.4
2025-10-01,ST013,PR0014,5,12,17,0,7,0.0
2025-10-01,ST013,PR0015,20,24,8,36,0,8661.24
2025-10-01,ST013,PR0016,45,34,0,79,0,22859.44
2025-10-01,ST013,PR0017,21,8,29,0,12,0.0
2025-10-01,ST013,PR0018,23,18,19,22,0,9067.52
2025-10-01,ST013,PR0019,54,53,16,91,0,46393.62
2025-10-01,ST013,PR0020,62,2,15,49,0,20326.67
2025-10-01,ST013,PR0021,55,12,23,44,0,28012.16
2025-10-01,ST013,PR0022,57,0,31,26,0,17532.84
2025-10-01,ST013,PR0023,59,34,14,79,0,50661.91
2025-10-01,ST013,PR0024,35,44,12,67,0,43011.99
2025-10-01,ST013,PR0025,43,40,7,76,0,71299.4
2025-10-01,ST013,PR0026,5,48,5,48,0,38425.92
2025-10-01,ST013,PR0027,5,54,0,59,0,45322.03
2025-10-01,ST013,PR0028,26,19,29,16,0,2302.4
2025-10-01,ST013,PR0029,53,23,22,54,0,13928.22
2025-10-01,ST013,PR0030,21,48,0,69,0,20411.58
2025-10-01,ST013,PR0031,54,41,44,51,0,19476.9
2025-10-01,ST013,PR0032,14,14,28,0,5,0.0
2025-10-01,ST013,PR0033,28,1,19,10,0,4618.0
2025-10-01,ST013,PR0034,36,4,18,22,0,13332.0
2025-10-01,ST013,PR0035,48,18,17,49,0,26593.77
2025-10-01,ST013,PR0036,40,50,4,86,0,54954.86
2025-10-01,ST013,PR0037,19,37,13,43,0,33123.76
2025-10-01,ST013,PR0038,59,45,5,99,0,76655.7
2025-10-01,ST013,PR0039,61,32,34,59,0,53616.84
2025-10-01,ST013,PR0040,23,10,22,11,0,9679.34
2025-10-01,ST013,PR0041,61,47,36,72,0,70804.08
2025-10-01,ST013,PR0042,21,51,22,50,0,7027.5
2025-10-01,ST013,PR0043,49,2,24,27,0,5495.58
2025-10-01,ST013,PR0044,48,4,10,42,0,10975.02
2025-10-01,ST013,PR0045,28,46,5,69,0,19737.45
2025-10-01,ST013,PR0046,46,10,8,48,0,17152.32
2025-10-01,ST013,PR0047,39,49,24,64,0,24658.56
2025-10-01,ST013,PR0048,43,37,23,57,0,26705.64
2025-10-01,ST013,PR0049,21,51,2,70,0,41947.5
2025-10-01,ST013,PR0050,46,48,23,71,0,42156.25
2025-10-01,ST013,PR0051,63,6,7,62,0,40249.78
2025-10-01,ST013,PR0052,7,39,18,28,0,18407.48
2025-10-01,ST013,PR0053,28,45,29,44,0,31931.24
2025-10-01,ST013,PR0054,52,44,3,93,0,92853.99
2025-10-01,ST013,PR0055,54,0,25,29,0,27941.79
2025-10-01,ST013,PR0056,60,26,4,82,0,14564.02
2025-10-01,ST013,PR0057,22,21,16,27,0,5361.12
2025-10-01,ST013,PR0058,13,52,37,28,0,8668.24
2025-10-01,ST013,PR0059,51,41,42,50,0,14853.5
2025-10-01,ST013,PR0060,64,44,36,72,0,27352.08
2025-10-01,ST014,PR0001,63,7,14,56,0,13421.52
2025-10-01,ST014,PR0002,16,0,16,0,8,0.0
2025-10-01,ST014,PR0003,11,37,13,35,0,10912.3
2025-10-01,ST014,PR0004,25,3,28,0,6,0.0
2025-10-01,ST014,PR0005,62,9,34,37,0,18389.0
2025-10-01,ST014,PR0006,21,49,18,52,0,28463.76
2025-10-01,ST014,PR0007,28,3,15,16,0,10489.92
2025-10-01,ST014,PR0008,13,46,18,41,0,21588.96
2025-10-01,ST014,PR0009,53,41,21,73,0,48386.59
2025-10-01,ST014,PR0010,15,30,13,32,0,19393.92
2025-10-01,ST014,PR0011,59,15,17,57,0,40517.31
2025-10-01,ST014,PR0012,39,43,17,65,0,55653.0
2025-10-01,ST014,PR0013,65,5,30,40,0,29794.8
2025-10-01,ST014,PR0014,44,7,13,38,0,5723.56
2025-10-01,ST014,PR0015,56,22,27,51,0,12270.09
2025-10-01,ST014,PR0016,64,12,24,52,0,15046.72
2025-10-01,ST014,PR0017,57,36,34,59,0,17970.81
2025-10-01,ST014,PR0018,23,37,17,43,0,17722.88
2025-10-01,ST014,PR0019,36,11,18,29,0,14784.78
2025-10-01,ST014,PR0020,46,35,18,63,0,26134.29
2025-10-01,ST014,PR0021,36,15,0,51,0,32468.64
2025-10-01,ST014,PR0022,30,36,31,35,0,23601.9
2025-10-01,ST014,PR0023,17,44,19,42,0,26934.18
2025-10-01,ST014,PR0024,50,43,26,67,0,43011.99
2025-10-01,ST014,PR0025,32,30,32,30,0,28144.5
2025-10-01,ST014,PR0026,39,0,30,9,0,7204.86
2025-10-01,ST014,PR0027,4,47,31,20,0,15363.4
2025-10-01,ST014,PR0028,52,30,3,79,0,11368.1
2025-10-01,ST014,PR0029,60,18,35,43,0,11090.99
2025-10-01,ST014,PR0030,34,20,19,35,0,10353.7
2025-10-01,ST014,PR0031,39,42,26,55,0,21004.5
2025-10-01,ST014,PR0032,63,23,14,72,0,31230.72
2025-10-01,ST014,PR0033,50,4,14,40,0,18472.0
2025-10-01,ST014,PR0034,9,46,30,25,0,15150.0
2025-10-01,ST014,PR0035,57,40,21,76,0,41247.48
2025-10-01,ST014,PR0036,41,19,2,58,0,37062.58
2025-10-01,ST014,PR0037,18,40,19,39,0,30042.48
2025-10-01,ST014,PR0038,11,41,27,25,0,19357.5
2025-10-01,ST014,PR0039,17,1,18,0,4,0.0
2025-10-01,ST014,PR0040,5,21,23,3,0,2639.82
2025-10-01,ST014,PR0041,38,1,23,16,0,15734.24
2025-10-01,ST014,PR0042,29,1,26,4,0,562.2
2025-10-01,ST014,PR0043,4,1,5,0,9,0.0
2025-10-01,ST014,PR0044,46,10,0,56,0,14633.36
2025-10-01,ST014,PR0045,34,41,19,56,0,16018.8
2025-10-01,ST014,PR0046,37,1,32,6,0,2144.04
2025-10-01,ST014,PR0047,57,11,36,32,0,12329.28
2025-10-01,ST014,PR0048,46,31,10,67,0,31390.84
2025-10-01,ST014,PR0049,46,5,24,27,0,16179.75
2025-10-01,ST014,PR0050,9,0,9,0,2,0.0
2025-10-01,ST014,PR0051,61,22,22,61,0,39600.59
2025-10-01,ST014,PR0052,30,7,9,28,0,18407.48
2025-10-01,ST014,PR0053,17,24,39,2,2,1451.42
2025-10-01,ST014,PR0054,30,24,42,12,0,11981.16
2025-10-01,ST014,PR0055,32,47,14,65,0,62628.15
2025-10-01,ST014,PR0056,39,15,4,50,0,8880.5
2025-10-01,ST014,PR0057,10,20,9,21,0,4169.76
2025-10-01,ST014,PR0058,43,4,12,35,0,10835.3
2025-10-01,ST014,PR0059,60,4,23,41,0,12179.87
2025-10-01,ST014,PR0060,31,54,25,60,0,22793.4
2025-10-01,ST015,PR0001,35,44,27,52,0,12462.84
2025-10-01,ST015,PR0002,18,23,24,17,0,3948.93
2025-10-01,ST015,PR0003,65,50,35,80,0,24942.4
2025-10-01,ST015,PR0004,22,42,24,40,0,14234.8
2025-10-01,ST015,PR0005,52,10,18,44,0,21868.0
2025-10-01,ST015,PR0006,58,25,42,41,0,22442.58
2025-10-01,ST015,PR0007,55,50,31,74,0,48515.88
2025-10-01,ST015,PR0008,50,51,8,93,0,48970.08
2025-10-01,ST015,PR0009,54,31,0,85,0,56340.55
2025-10-01,ST015,PR0010,8,14,9,13,0,7878.78
2025-10-01,ST015,PR0011,51,23,44,30,0,21324.9
2025-10-01,ST015,PR0012,62,10,20,52,0,44522.4
2025-10-01,ST015,PR0013,9,23,30,2,11,1489.74
2025-10-01,ST015,PR0014,4,52,30,26,0,3916.12
2025-10-01,ST015,PR0015,7,40,15,32,0,7698.88
2025-10-01,ST015,PR0016,39,4,20,23,0,6655.28
2025-10-01,ST015,PR0017,51,39,16,74,0,22539.66
2025-10-01,ST015,PR0018,57,6,29,34,0,14013.44
2025-10-01,ST015,PR0019,12,30,16,26,0,13255.32
2025-10-01,ST015,PR0020,18,50,31,37,0,15348.71
2025-10-01,ST015,PR0021,44,28,4,68,0,43291.52
2025-10-01,ST015,PR0022,27,45,33,39,0,26299.26
2025-10-01,ST015,PR0023,45,19,37,27,0,17314.83
2025-10-01,ST015,PR0024,55,30,23,62,0,39802.14
2025-10-01,ST015,PR0025,47,49,24,72,0,67546.8
2025-10-01,ST015,PR0026,56,43,13,86,0,68846.44
2025-10-01,ST015,PR0027,8,43,23,28,0,21508.76
2025-10-01,ST015,PR0028,30,31,16,45,0,6475.5
2025-10-01,ST015,PR0029,44,53,10,87,0,22439.91
2025-10-01,ST015,PR0030,20,34,1,53,0,15678.46
2025-10-01,ST015,PR0031,54,38,19,73,0,27878.7
2025-10-01,ST015,PR0032,38,41,23,56,0,24290.56
2025-10-01,ST015,PR0033,10,21,26,5,0,2309.0
2025-10-01,ST015,PR0034,19,11,29,1,10,606.0
2025-10-01,ST015,PR0035,62,38,13,87,0,47217.51
2025-10-01,ST015,PR0036,60,25,0,85,0,54315.85
2025-10-01,ST015,PR0037,65,51,19,97,0,74721.04
2025-10-01,ST015,PR0038,20,48,32,36,0,27874.8
2025-10-01,ST015,PR0039,34,55,31,58,0,52708.08
2025-10-01,ST015,PR0040,54,24,5,73,0,64235.62
2025-10-01,ST015,PR0041,17,8,0,25,0,24584.75
2025-10-01,ST015,PR0042,9,41,34,16,0,2248.8
2025-10-01,ST015,PR0043,59,21,12,68,0,13840.72
2025-10-01,ST015,PR0044,7,54,12,49,0,12804.19
2025-10-01,ST015,PR0045,30,39,43,26,0,7437.3
2025-10-01,ST015,PR0046,32,38,20,50,0,17867.0
2025-10-01,ST015,PR0047,26,28,36,18,0,6935.22
2025-10-01,ST015,PR0048,26,41,30,37,0,17335.24
2025-10-01,ST015,PR0049,9,26,21,14,0,8389.5
2025-10-01,ST015,PR0050,16,22,13,25,0,14843.75
2025-10-01,ST015,PR0051,42,35,32,45,0,29213.55
2025-10-01,ST015,PR0052,56,11,31,36,0,23666.76
2025-10-01,ST015,PR0053,30,36,4,62,0,44994.02
2025-10-01,ST015,PR0054,10,0,10,0,10,0.0
2025-10-01,ST015,PR0055,36,3,39,0,9,0.0
2025-10-01,ST015,PR0056,6,10,9,7,0,1243.27
2025-10-01,ST015,PR0057,14,9,23,0,10,0.0
2025-10-01,ST015,PR0058,62,12,18,56,0,17336.48
2025-10-01,ST015,PR0059,26,24,28,22,0,6535.54
2025-10-01,ST015,PR0060,8,55,28,35,0,13296.15
2025-10-01,ST016,PR0001,7,12,8,11,0,2636.37
2025-10-01,ST016,PR0002,8,26,12,22,0,5110.38
2025-10-01,ST016,PR0003,25,16,33,8,0,2494.24
2025-10-01,ST016,PR0004,45,37,5,77,0,27401.99
2025-10-01,ST016,PR0005,38,55,35,58,0,28826.0
2025-10-01,ST016,PR0006,36,24,24,36,0,19705.68
2025-10-01,ST016,PR0007,25,44,49,20,0,13112.4
2025-10-01,ST016,PR0008,53,15,21,47,0,24748.32
2025-10-01,ST016,PR0009,25,16,25,16,0,10605.28
2025-10-01,ST016,PR0010,17,18,5,30,0,18181.8
2025-10-01,ST016,PR0011,11,12,13,10,0,7108.3
2025-10-01,ST016,PR0012,37,31,22,46,0,39385.2
2025-10-01,ST016,PR0013,41,22,33,30,0,22346.1
2025-10-01,ST016,PR0014,56,41,39,58,0,8735.96
2025-10-01,ST016,PR0015,57,27,24,60,0,14435.4
2025-10-01,ST016,PR0016,41,7,10,38,0,10995.68
2025-10-01,ST016,PR0017,55,39,24,70,0,21321.3
2025-10-01,ST016,PR0018,17,29,11,35,0,14425.6
2025-10-01,ST016,PR0019,17,4,18,3,0,1529.46
2025-10-01,ST016,PR0020,54,7,39,22,0,9126.26
2025-10-01,ST016,PR0021,63,36,27,72,0,45838.08
2025-10-01,ST016,PR0022,10,29,27,12,0,8092.08
2025-10-01,ST016,PR0023,52,27,35,44,0,28216.76
2025-10-01,ST016,PR0024,56,27,37,46,0,29530.62
2025-10-01,ST016,PR0025,51,37,28,60,0,56289.0
2025-10-01,ST016,PR0026,19,12,20,11,0,8805.94
2025-10-01,ST016,PR0027,17,54,16,55,0,42249.35
2025-10-01,ST016,PR0028,43,11,10,44,0,6331.6
2025-10-01,ST016,PR0029,4,13,12,5,0,1289.65
2025-10-01,ST016,PR0030,35,13,19,29,0,8578.78
2025-10-01,ST016,PR0031,41,28,39,30,0,11457.0
2025-10-01,ST016,PR0032,12,20,22,10,0,4337.6
2025-10-01,ST016,PR0033,20,54,26,48,0,22166.4
2025-10-01,ST016,PR0034,49,22,26,45,0,27270.0
2025-10-01,ST016,PR0035,6,36,29,13,0,7055.49
2025-10-01,ST016,PR0036,10,30,17,23,0,14697.23
2025-10-01,ST016,PR0037,35,54,30,59,0,45448.88
2025-10-01,ST016,PR0038,65,36,24,77,0,59621.1
2025-10-01,ST016,PR0039,26,14,27,13,0,11813.88
2025-10-01,ST016,PR0040,34,55,12,77,0,67755.38
2025-10-01,ST016,PR0041,22,52,24,50,0,49169.5
2025-10-01,ST016,PR0042,48,51,7,92,0,12930.6
2025-10-01,ST016,PR0043,52,8,8,52,0,10584.08
2025-10-01,ST016,PR0044,62,43,28,77,0,20120.87
2025-10-01,ST016,PR0045,29,14,22,21,0,6007.05
2025-10-01,ST016,PR0046,28,49,41,36,0,12864.24
2025-10-01,ST016,PR0047,46,49,29,66,0,25429.14
2025-10-01,ST016,PR0048,27,45,9,63,0,29516.76
2025-10-01,ST016,PR0049,45,22,8,59,0,35355.75
2025-10-01,ST016,PR0050,11,42,33,20,0,11875.0
2025-10-01,ST016,PR0051,50,47,12,85,0,55181.15
2025-10-01,ST016,PR0052,29,11,32,8,0,5259.28
2025-10-01,ST016,PR0053,64,20,22,62,0,44994.02
2025-10-01,ST016,PR0054,62,43,13,92,0,91855.56
2025-10-01,ST016,PR0055,53,44,22,75,0,72263.25
2025-10-01,ST016,PR0056,35,0,35,0,11,0.0
2025-10-01,ST016,PR0057,14,45,16,43,0,8538.08
2025-10-01,ST016,PR0058,42,40,19,63,0,19503.54
2025-10-01,ST016,PR0059,49,27,0,76,0,22577.32
2025-10-01,ST016,PR0060,24,41,18,47,0,17854.83
2025-10-01,ST017,PR0001,41,34,5,70,0,16776.9
2025-10-01,ST017,PR0002,26,23,20,29,0,6736.41
2025-10-01,ST017,PR0003,58,30,35,53,0,16524.34
2025-10-01,ST017,PR0004,7,46,24,29,0,10320.23
2025-10-01,ST017,PR0005,62,12,7,67,0,33299.0
2025-10-01,ST017,PR0006,16,4,20,0,2,0.0
2025-10-01,ST017,PR0007,37,1,30,8,0,5244.96
2025-10-01,ST017,PR0008,23,53,7,69,0,36332.64
2025-10-01,ST017,PR0009,54,44,47,51,0,33804.33
2025-10-01,ST017,PR0010,35,43,12,66,0,39999.96
2025-10-01,ST017,PR0011,48,55,44,59,0,41938.97
2025-10-01,ST017,PR0012,14,50,21,43,0,36816.6
2025-10-01,ST017,PR0013,12,14,26,0,3,0.0
2025-10-01,ST017,PR0014,17,19,16,20,0,3012.4
2025-10-01,ST017,PR0015,44,48,26,66,0,15878.94
2025-10-01,ST017,PR0016,51,42,27,66,0,19097.76
2025-10-01,ST017,PR0017,36,4,31,9,0,2741.31
2025-10-01,ST017,PR0018,23,10,22,11,0,4533.76
2025-10-01,ST017,PR0019,46,42,10,78,0,39765.96
2025-10-01,ST017,PR0020,64,44,30,78,0,32356.74
2025-10-01,ST017,PR0021,59,44,8,95,0,60480.8
2025-10-01,ST017,PR0022,26,27,23,30,0,20230.2
2025-10-01,ST017,PR0023,47,28,32,43,0,27575.47
2025-10-01,ST017,PR0024,48,39,40,47,0,30172.59
2025-10-01,ST017,PR0025,13,38,28,23,0,21577.45
2025-10-01,ST017,PR0026,46,23,21,48,0,38425.92
2025-10-01,ST017,PR0027,51,41,18,74,0,56844.58
2025-10-01,ST017,PR0028,46,45,26,65,0,9353.5
2025-10-01,ST017,PR0029,27,3,1,29,0,7479.97
2025-10-01,ST017,PR0030,9,44,22,31,0,9170.42
2025-10-01,ST017,PR0031,12,0,12,0,9,0.0
2025-10-01,ST017,PR0032,28,34,40,22,0,9542.72
2025-10-01,ST017,PR0033,61,24,14,71,0,32787.8
2025-10-01,ST017,PR0034,24,48,28,44,0,26664.0
2025-10-01,ST017,PR0035,65,46,49,62,0,33649.26
2025-10-01,ST017,PR0036,6,44,2,48,0,30672.48
2025-10-01,ST017,PR0037,65,7,25,47,0,36205.04
2025-10-01,ST017,PR0038,54,37,34,57,0,44135.1
2025-10-01,ST017,PR0039,62,50,30,82,0,74518.32
2025-10-01,ST017,PR0040,65,2,18,49,0,43117.06
2025-10-01,ST017,PR0041,58,45,17,86,0,84571.54
2025-10-01,ST017,PR0042,14,35,37,12,0,1686.6
2025-10-01,ST017,PR0043,43,47,25,65,0,13230.1
2025-10-01,ST017,PR0044,31,0,28,3,0,783.93
2025-10-01,ST017,PR0045,8,41,3,46,0,13158.3
2025-10-01,ST017,PR0046,17,53,1,69,0,24656.46
2025-10-01,ST017,PR0047,23,3,26,0,7,0.0
2025-10-01,ST017,PR0048,65,3,24,44,0,20614.88
2025-10-01,ST017,PR0049,62,11,0,73,0,43745.25
2025-10-01,ST017,PR0050,29,49,13,65,0,38593.75
2025-10-01,ST017,PR0051,51,26,25,52,0,33757.88
2025-10-01,ST017,PR0052,9,17,26,0,12,0.0
2025-10-01,ST017,PR0053,21,50,23,48,0,34834.08
2025-10-01,ST017,PR0054,65,32,31,66,0,65896.38
2025-10-01,ST017,PR0055,13,23,0,36,0,34686.36
2025-10-01,ST017,PR0056,40,36,41,35,0,6216.35
2025-10-01,ST017,PR0057,35,7,38,4,0,794.24
2025-10-01,ST017,PR0058,63,17,24,56,0,17336.48
2025-10-01,ST017,PR0059,19,1,4,16,0,4753.12
2025-10-01,ST017,PR0060,56,43,34,65,0,24692.85
2025-10-01,ST018,PR0001,38,20,29,29,0,6950.43
2025-10-01,ST018,PR0002,13,13,26,0,11,0.0
2025-10-01,ST018,PR0003,62,51,12,101,0,31489.78
2025-10-01,ST018,PR0004,50,38,16,72,0,25622.64
2025-10-01,ST018,PR0005,10,54,32,32,0,15904.0
2025-10-01,ST018,PR0006,59,37,27,69,0,37769.22
2025-10-01,ST018,PR0007,12,29,29,12,0,7867.44
2025-10-01,ST018,PR0008,41,6,29,18,0,9478.08
2025-10-01,ST018,PR0009,22,51,42,31,0,20547.73
2025-10-01,ST018,PR0010,43,25,38,30,0,18181.8
2025-10-01,ST018,PR0011,38,0,16,22,0,15638.26
2025-10-01,ST018,PR0012,13,17,16,14,0,11986.8
2025-10-01,ST018,PR0013,53,19,26,46,0,34264.02
2025-10-01,ST018,PR0014,10,50,24,36,0,5422.32
2025-10-01,ST018,PR0015,25,16,17,24,0,5774.16
2025-10-01,ST018,PR0016,19,52,36,35,0,10127.6
2025-10-01,ST018,PR0017,64,11,39,36,0,10965.24
2025-10-01,ST018,PR0018,23,30,24,29,0,11952.64
2025-10-01,ST018,PR0019,35,45,29,51,0,26000.82
2025-10-01,ST018,PR0020,55,49,1,103,0,42727.49
2025-10-01,ST018,PR0021,9,0,6,3,0,1909.92
2025-10-01,ST018,PR0022,43,3,32,14,0,9440.76
2025-10-01,ST018,PR0023,19,39,11,47,0,30140.63
2025-10-01,ST018,PR0024,19,47,17,49,0,31456.53
2025-10-01,ST018,PR0025,32,55,18,69,0,64732.35
2025-10-01,ST018,PR0026,36,41,6,71,0,56838.34
2025-10-01,ST018,PR0027,19,9,28,0,8,0.0
2025-10-01,ST018,PR0028,4,15,19,0,8,0.0
2025-10-01,ST018,PR0029,15,42,35,22,0,5674.46
2025-10-01,ST018,PR0030,23,30,29,24,0,7099.68
2025-10-01,ST018,PR0031,43,43,32,54,0,20622.6
2025-10-01,ST018,PR0032,63,47,2,108,0,46846.08
2025-10-01,ST018,PR0033,5,20,25,0,4,0.0
2025-10-01,ST018,PR0034,13,39,5,47,0,28482.0
2025-10-01,ST018,PR0035,60,22,19,63,0,34191.99
2025-10-01,ST018,PR0036,65,13,33,45,0,28755.45
2025-10-01,ST018,PR0037,44,40,25,59,0,45448.88
2025-10-01,ST018,PR0038,51,10,32,29,0,22454.7
2025-10-01,ST018,PR0039,45,13,8,50,0,45438.0
2025-10-01,ST018,PR0040,50,17,9,58,0,51036.52
2025-10-01,ST018,PR0041,24,12,17,19,0,18684.41
2025-10-01,ST018,PR0042,17,34,11,40,0,5622.0
2025-10-01,ST018,PR0043,57,30,32,55,0,11194.7
2025-10-01,ST018,PR0044,11,31,42,0,6,0.0
2025-10-01,ST018,PR0045,7,37,18,26,0,7437.3
2025-10-01,ST018,PR0046,47,31,21,57,0,20368.38
2025-10-01,ST018,PR0047,25,34,51,8,0,3082.32
2025-10-01,ST018,PR0048,49,7,16,40,0,18740.8
2025-10-01,ST018,PR0049,36,16,16,36,0,21573.0
2025-10-01,ST018,PR0050,31,18,43,6,0,3562.5
2025-10-01,ST018,PR0051,53,27,32,48,0,31161.12
2025-10-01,ST018,PR0052,62,1,24,39,0,25638.99
2025-10-01,ST018,PR0053,40,20,39,21,0,15239.91
2025-10-01,ST018,PR0054,13,22,35,0,5,0.0
2025-10-01,ST018,PR0055,36,41,18,59,0,56847.09
2025-10-01,ST018,PR0056,62,51,22,91,0,16162.51
2025-10-01,ST018,PR0057,57,15,11,61,0,12112.16
2025-10-01,ST018,PR0058,55,13,9,59,0,18265.22
2025-10-01,ST018,PR0059,52,35,38,49,0,14556.43
2025-10-01,ST018,PR0060,35,20,25,30,0,11396.7
2025-10-01,ST019,PR0001,48,24,44,28,0,6710.76
2025-10-01,ST019,PR0002,6,10,0,16,0,3716.64
2025-10-01,ST019,PR0003,15,42,0,57,0,17771.46
2025-10-01,ST019,PR0004,16,50,24,42,0,14946.54
2025-10-01,ST019,PR0005,42,46,13,75,0,37275.0
2025-10-01,ST019,PR0006,41,26,44,23,0,12589.74
2025-10-01,ST019,PR0007,20,12,14,18,0,11801.16
2025-10-01,ST019,PR0008,62,1,27,36,0,18956.16
2025-10-01,ST019,PR0009,33,43,22,54,0,35792.82
2025-10-01,ST019,PR0010,57,51,5,103,0,62424.18
2025-10-01,ST019,PR0011,19,23,42,0,7,0.0
2025-10-01,ST019,PR0012,55,35,16,74,0,63358.8
2025-10-01,ST019,PR0013,10,44,41,13,0,9683.31
2025-10-01,ST019,PR0014,12,41,42,11,0,1656.82
2025-10-01,ST019,PR0015,10,13,23,0,9,0.0
2025-10-01,ST019,PR0016,29,55,26,58,0,16782.88
2025-10-01,ST019,PR0017,4,32,1,35,0,10660.65
2025-10-01,ST019,PR0018,36,51,22,65,0,26790.4
2025-10-01,ST019,PR0019,53,55,19,89,0,45373.98
2025-10-01,ST019,PR0020,31,51,27,55,0,22815.65
2025-10-01,ST019,PR0021,54,33,0,87,0,55387.68
2025-10-01,ST019,PR0022,57,18,36,39,0,26299.26
2025-10-01,ST019,PR0023,49,34,36,47,0,30140.63
2025-10-01,ST019,PR0024,54,45,26,73,0,46863.81
2025-10-01,ST019,PR0025,43,43,23,63,0,59103.45
2025-10-01,ST019,PR0026,38,15,19,34,0,27218.36
2025-10-01,ST019,PR0027,63,48,19,92,0,70671.64
2025-10-01,ST019,PR0028,5,23,17,11,0,1582.9
2025-10-01,ST019,PR0029,11,2,13,0,12,0.0
2025-10-01,ST019,PR0030,10,3,13,0,8,0.0
2025-10-01,ST019,PR0031,64,51,23,92,0,35134.8
2025-10-01,ST019,PR0032,54,52,17,89,0,38604.64
2025-10-01,ST019,PR0033,4,0,4,0,8,0.0
2025-10-01,ST019,PR0034,30,3,19,14,0,8484.0
2025-10-01,ST019,PR0035,22,37,39,20,0,10854.6
2025-10-01,ST019,PR0036,51,37,36,52,0,33228.52
2025-10-01,ST019,PR0037,11,13,24,0,12,0.0
2025-10-01,ST019,PR0038,49,46,25,70,0,54201.0
2025-10-01,ST019,PR0039,59,18,7,70,0,63613.2
2025-10-01,ST019,PR0040,27,19,3,43,0,37837.42
2025-10-01,ST019,PR0041,64,15,22,57,0,56053.23
2025-10-01,ST019,PR0042,33,12,33,12,0,1686.6
2025-10-01,ST019,PR0043,9,10,19,0,3,0.0
2025-10-01,ST019,PR0044,21,42,0,63,0,16462.53
2025-10-01,ST019,PR0045,54,10,44,20,0,5721.0
2025-10-01,ST019,PR0046,54,22,21,55,0,19653.7
2025-10-01,ST019,PR0047,61,43,30,74,0,28511.46
2025-10-01,ST019,PR0048,5,34,27,12,0,5622.24
2025-10-01,ST019,PR0049,36,54,36,54,0,32359.5
2025-10-01,ST019,PR0050,48,1,19,30,0,17812.5
2025-10-01,ST019,PR0051,57,9,5,61,0,39600.59
2025-10-01,ST019,PR0052,26,29,9,46,0,30240.86
2025-10-01,ST019,PR0053,22,54,17,59,0,42816.89
2025-10-01,ST019,PR0054,9,23,16,16,0,15974.88
2025-10-01,ST019,PR0055,55,38,35,58,0,55883.58
2025-10-01,ST019,PR0056,63,6,37,32,0,5683.52
2025-10-01,ST019,PR0057,33,21,0,54,0,10722.24
2025-10-01,ST019,PR0058,35,25,33,27,0,8358.66
2025-10-01,ST019,PR0059,22,9,11,20,0,5941.4
2025-10-01,ST019,PR0060,55,30,44,41,0,15575.49
2025-10-01,ST020,PR0001,9,47,25,31,0,7429.77
2025-10-01,ST020,PR0002,11,46,11,46,0,10685.34
2025-10-01,ST020,PR0003,4,23,27,0,8,0.0
2025-10-01,ST020,PR0004,34,3,10,27,0,9608.49
2025-10-01,ST020,PR0005,27,32,39,20,0,9940.0
2025-10-01,ST020,PR0006,48,44,24,68,0,37221.84
2025-10-01,ST020,PR0007,21,7,15,13,0,8523.06
2025-10-01,ST020,PR0008,30,4,7,27,0,14217.12
2025-10-01,ST020,PR0009,35,2,32,5,0,3314.15
2025-10-01,ST020,PR0010,27,0,27,0,8,0.0
2025-10-01,ST020,PR0011,34,40,33,41,0,29144.03
2025-10-01,ST020,PR0012,17,27,2,42,0,35960.4
2025-10-01,ST020,PR0013,40,1,30,11,0,8193.57
2025-10-01,ST020,PR0014,46,51,28,69,0,10392.78
2025-10-01,ST020,PR0015,19,22,33,8,0,1924.72
2025-10-01,ST020,PR0016,28,18,10,36,0,10416.96
2025-10-01,ST020,PR0017,19,42,31,30,0,9137.7
2025-10-01,ST020,PR0018,40,34,38,36,0,14837.76
2025-10-01,ST020,PR0019,44,40,19,65,0,33138.3
2025-10-01,ST020,PR0020,52,21,24,49,0,20326.67
2025-10-01,ST020,PR0021,51,24,37,38,0,24192.32
2025-10-01,ST020,PR0022,23,10,16,17,0,11463.78
2025-10-01,ST020,PR0023,19,27,15,31,0,19879.99
2025-10-01,ST020,PR0024,57,25,19,63,0,40444.11
2025-10-01,ST020,PR0025,11,21,32,0,5,0.0
2025-10-01,ST020,PR0026,22,53,37,38,0,30420.52
2025-10-01,ST020,PR0027,18,47,40,25,0,19204.25
2025-10-01,ST020,PR0028,62,0,29,33,0,4748.7
2025-10-01,ST020,PR0029,61,4,36,29,0,7479.97
2025-10-01,ST020,PR0030,20,50,40,30,0,8874.6
2025-10-01,ST020,PR0031,25,0,9,16,0,6110.4
2025-10-01,ST020,PR0032,15,35,21,29,0,12579.04
2025-10-01,ST020,PR0033,46,22,18,50,0,23090.0
2025-10-01,ST020,PR0034,57,38,20,75,0,45450.0
2025-10-01,ST020,PR0035,13,20,33,0,9,0.0
2025-10-01,ST020,PR0036,50,16,34,32,0,20448.32
2025-10-01,ST020,PR0037,13,18,18,13,0,10014.16
2025-10-01,ST020,PR0038,31,9,29,11,0,8517.3
2025-10-01,ST020,PR0039,37,47,42,42,0,38167.92
2025-10-01,ST020,PR0040,11,22,23,10,0,8799.4
2025-10-01,ST020,PR0041,52,19,35,36,0,35402.04
2025-10-01,ST020,PR0042,23,48,16,55,0,7730.25
2025-10-01,ST020,PR0043,17,14,29,2,8,407.08
2025-10-01,ST020,PR0044,50,51,11,90,0,23517.9
2025-10-01,ST020,PR0045,11,19,15,15,0,4290.75
2025-10-01,ST020,PR0046,7,47,18,36,0,12864.24
2025-10-01,ST020,PR0047,8,34,13,29,0,11173.41
2025-10-01,ST020,PR0048,5,52,7,50,0,23426.0
2025-10-01,ST020,PR0049,7,18,6,19,0,11385.75
2025-10-01,ST020,PR0050,43,3,29,17,0,10093.75
2025-10-01,ST020,PR0051,40,47,55,32,0,20774.08
2025-10-01,ST020,PR0052,49,48,5,92,0,60481.72
2025-10-01,ST020,PR0053,58,27,29,56,0,40639.76
2025-10-01,ST020,PR0054,42,28,24,46,0,45927.78
2025-10-01,ST020,PR0055,20,32,44,8,0,7708.08
2025-10-01,ST020,PR0056,13,1,14,0,11,0.0
2025-10-01,ST020,PR0057,13,35,24,24,0,4765.44
2025-10-01,ST020,PR0058,15,40,7,48,0,14859.84
2025-10-01,ST020,PR0059,20,1,21,0,5,0.0
2025-10-01,ST020,PR0060,19,32,34,17,0,6458.13
2025-10-01,ST021,PR0001,36,51,0,87,0,20851.29
2025-10-01,ST021,PR0002,8,26,23,11,0,2555.19
2025-10-01,ST021,PR0003,34,30,24,40,0,12471.2
2025-10-01,ST021,PR0004,54,2,15,41,0,14590.67
2025-10-01,ST021,PR0005,50,23,9,64,0,31808.0
2025-10-01,ST021,PR0006,39,28,19,48,0,26274.24
2025-10-01,ST021,PR0007,7,30,22,15,0,9834.3
2025-10-01,ST021,PR0008,12,41,18,35,0,18429.6
2025-10-01,ST021,PR0009,11,55,20,46,0,30490.18
2025-10-01,ST021,PR0010,62,15,9,68,0,41212.08
2025-10-01,ST021,PR0011,25,9,21,13,0,9240.79
2025-10-01,ST021,PR0012,29,32,20,41,0,35104.2
2025-10-01,ST021,PR0013,47,18,9,56,0,41712.72
2025-10-01,ST021,PR0014,37,27,17,47,0,7079.14
2025-10-01,ST021,PR0015,62,45,37,70,0,16841.3
2025-10-01,ST021,PR0016,4,42,0,46,0,13310.56
2025-10-01,ST021,PR0017,9,33,15,27,0,8223.93
2025-10-01,ST021,PR0018,52,16,5,63,0,25966.08
2025-10-01,ST021,PR0019,40,11,19,32,0,16314.24
2025-10-01,ST021,PR0020,54,21,15,60,0,24889.8
2025-10-01,ST021,PR0021,57,14,36,35,0,22282.4
2025-10-01,ST021,PR0022,42,34,43,33,0,22253.22
2025-10-01,ST021,PR0023,24,17,19,22,0,14108.38
2025-10-01,ST021,PR0024,30,45,14,61,0,39160.17
2025-10-01,ST021,PR0025,51,1,32,20,0,18763.0
2025-10-01,ST021,PR0026,58,6,4,60,0,48032.4
2025-10-01,ST021,PR0027,22,0,22,0,4,0.0
2025-10-01,ST021,PR0028,35,6,8,33,0,4748.7
2025-10-01,ST021,PR0029,6,32,19,19,0,4900.67
2025-10-01,ST021,PR0030,7,11,14,4,0,1183.28
2025-10-01,ST021,PR0031,58,24,14,68,0,25969.2
2025-10-01,ST021,PR0032,15,18,29,4,0,1735.04
2025-10-01,ST021,PR0033,10,48,20,38,0,17548.4
2025-10-01,ST021,PR0034,54,33,25,62,0,37572.0
2025-10-01,ST021,PR0035,5,32,10,27,0,14653.71
2025-10-01,ST021,PR0036,35,2,27,10,0,6390.1
2025-10-01,ST021,PR0037,40,16,34,22,0,16947.04
2025-10-01,ST021,PR0038,40,12,7,45,0,34843.5
2025-10-01,ST021,PR0039,49,45,22,72,0,65430.72
2025-10-01,ST021,PR0040,31,48,22,57,0,50156.58
2025-10-01,ST021,PR0041,10,20,23,7,0,6883.73
2025-10-01,ST021,PR0042,61,18,26,53,0,7449.15
2025-10-01,ST021,PR0043,33,19,30,22,0,4477.88
2025-10-01,ST021,PR0044,19,0,19,0,12,0.0
2025-10-01,ST021,PR0045,49,11,9,51,0,14588.55
2025-10-01,ST021,PR0046,21,10,31,0,3,0.0
2025-10-01,ST021,PR0047,37,20,37,20,0,7705.8
2025-10-01,ST021,PR0048,11,19,14,16,0,7496.32
2025-10-01,ST021,PR0049,63,17,23,57,0,34157.25
2025-10-01,ST021,PR0050,62,48,17,93,0,55218.75
2025-10-01,ST021,PR0051,51,36,24,63,0,40898.97
2025-10-01,ST021,PR0052,39,29,13,55,0,36157.55
2025-10-01,ST021,PR0053,17,23,22,18,0,13062.78
2025-10-01,ST021,PR0054,15,11,24,2,12,1996.86
2025-10-01,ST021,PR0055,38,9,21,26,0,25051.26
2025-10-01,ST021,PR0056,37,31,12,56,0,9946.16
2025-10-01,ST021,PR0057,15,20,35,0,11,0.0
2025-10-01,ST021,PR0058,20,27,23,24,0,7429.92
2025-10-01,ST021,PR0059,13,16,17,12,0,3564.84
2025-10-01,ST021,PR0060,52,33,24,61,0,23173.29
2025-10-01,ST022,PR0001,50,0,0,50,0,11983.5
2025-10-01,ST022,PR0002,25,25,31,19,0,4413.51
2025-10-01,ST022,PR0003,6,14,17,3,0,935.34
2025-10-01,ST022,PR0004,17,16,2,31,0,11031.97
2025-10-01,ST022,PR0005,9,17,10,16,0,7952.0
2025-10-01,ST022,PR0006,19,27,39,7,0,3831.66
2025-10-01,ST022,PR0007,5,13,18,0,6,0.0
2025-10-01,ST022,PR0008,24,38,23,39,0,20535.84
2025-10-01,ST022,PR0009,32,44,19,57,0,37781.31
2025-10-01,ST022,PR0010,32,43,21,54,0,32727.24
2025-10-01,ST022,PR0011,34,27,20,41,0,29144.03
2025-10-01,ST022,PR0012,32,6,26,12,0,10274.4
2025-10-01,ST022,PR0013,54,53,25,82,0,61079.34
2025-10-01,ST022,PR0014,26,8,19,15,0,2259.3
2025-10-01,ST022,PR0015,40,9,49,0,10,0.0
2025-10-01,ST022,PR0016,27,2,9,20,0,5787.2
2025-10-01,ST022,PR0017,24,45,19,50,0,15229.5
2025-10-01,ST022,PR0018,28,40,34,34,0,14013.44
2025-10-01,ST022,PR0019,6,39,33,12,0,6117.84
2025-10-01,ST022,PR0020,44,0,15,29,0,12030.07
2025-10-01,ST022,PR0021,38,30,17,51,0,32468.64
2025-10-01,ST022,PR0022,60,31,20,71,0,47878.14
2025-10-01,ST022,PR0023,32,54,42,44,0,28216.76
2025-10-01,ST022,PR0024,14,26,29,11,0,7061.67
2025-10-01,ST022,PR0025,59,4,46,17,0,15948.55
2025-10-01,ST022,PR0026,11,42,11,42,0,33622.68
2025-10-01,ST022,PR0027,64,7,26,45,0,34567.65
2025-10-01,ST022,PR0028,18,27,28,17,0,2446.3
2025-10-01,ST022,PR0029,21,16,9,28,0,7222.04
2025-10-01,ST022,PR0030,57,39,40,56,0,16565.92
2025-10-01,ST022,PR0031,44,47,8,83,0,31697.7
2025-10-01,ST022,PR0032,17,53,26,44,0,19085.44
2025-10-01,ST022,PR0033,4,6,10,0,5,0.0
2025-10-01,ST022,PR0034,65,38,41,62,0,37572.0
2025-10-01,ST022,PR0035,26,10,18,18,0,9769.14
2025-10-01,ST022,PR0036,57,8,43,22,0,14058.22
2025-10-01,ST022,PR0037,9,16,12,13,0,10014.16
2025-10-01,ST022,PR0038,20,33,16,37,0,28649.1
2025-10-01,ST022,PR0039,57,53,11,99,0,89967.24
2025-10-01,ST022,PR0040,45,30,8,67,0,58955.98
2025-10-01,ST022,PR0041,58,48,9,97,0,95388.83
2025-10-01,ST022,PR0042,5,26,31,0,6,0.0
2025-10-01,ST022,PR0043,61,51,24,88,0,17911.52
2025-10-01,ST022,PR0044,37,34,23,48,0,12542.88
2025-10-01,ST022,PR0045,29,17,25,21,0,6007.05
2025-10-01,ST022,PR0046,31,46,31,46,0,16437.64
2025-10-01,ST022,PR0047,51,29,33,47,0,18108.63
2025-10-01,ST022,PR0048,64,32,35,61,0,28579.72
2025-10-01,ST022,PR0049,62,38,20,80,0,47940.0
2025-10-01,ST022,PR0050,4,3,7,0,4,0.0
2025-10-01,ST022,PR0051,12,53,2,63,0,40898.97
2025-10-01,ST022,PR0052,55,6,43,18,0,11833.38
2025-10-01,ST022,PR0053,42,47,19,70,0,50799.7
2025-10-01,ST022,PR0054,32,55,28,59,0,58907.37
2025-10-01,ST022,PR0055,53,49,32,70,0,67445.7
2025-10-01,ST022,PR0056,23,19,10,32,0,5683.52
2025-10-01,ST022,PR0057,22,49,8,63,0,12509.28
2025-10-01,ST022,PR0058,36,23,35,24,0,7429.92
2025-10-01,ST022,PR0059,9,41,2,48,0,14259.36
2025-10-01,ST022,PR0060,57,16,25,48,0,18234.72
2025-10-01,ST023,PR0001,40,22,26,36,0,8628.12
2025-10-01,ST023,PR0002,30,26,6,50,0,11614.5
2025-10-01,ST023,PR0003,34,19,24,29,0,9041.62
2025-10-01,ST023,PR0004,21,14,13,22,0,7829.14
2025-10-01,ST023,PR0005,19,33,12,40,0,19880.0
2025-10-01,ST023,PR0006,42,32,14,60,0,32842.8
2025-10-01,ST023,PR0007,8,50,38,20,0,13112.4
2025-10-01,ST023,PR0008,35,21,17,39,0,20535.84
2025-10-01,ST023,PR0009,45,9,19,35,0,23199.05
2025-10-01,ST023,PR0010,52,8,9,51,0,30909.06
2025-10-01,ST023,PR0011,31,51,6,76,0,54023.08
2025-10-01,ST023,PR0012,63,35,29,69,0,59077.8
2025-10-01,ST023,PR0013,26,51,23,54,0,40222.98
2025-10-01,ST023,PR0014,13,27,10,30,0,4518.6
2025-10-01,ST023,PR0015,26,35,15,46,0,11067.14
2025-10-01,ST023,PR0016,9,33,24,18,0,5208.48
2025-10-01,ST023,PR0017,9,43,15,37,0,11269.83
2025-10-01,ST023,PR0018,31,1,23,9,0,3709.44
2025-10-01,ST023,PR0019,65,50,29,86,0,43844.52
2025-10-01,ST023,PR0020,29,19,32,16,0,6637.28
2025-10-01,ST023,PR0021,9,2,11,0,4,0.0
2025-10-01,ST023,PR0022,30,33,24,39,0,26299.26
2025-10-01,ST023,PR0023,62,45,23,84,0,53868.36
2025-10-01,ST023,PR0024,64,20,7,77,0,49431.69
2025-10-01,ST023,PR0025,6,44,28,22,0,20639.3
2025-10-01,ST023,PR0026,56,6,0,62,0,49633.48
2025-10-01,ST023,PR0027,4,39,15,28,0,21508.76
2025-10-01,ST023,PR0028,43,22,16,49,0,7051.1
2025-10-01,ST023,PR0029,17,13,8,22,0,5674.46
2025-10-01,ST023,PR0030,25,49,25,49,0,14495.18
2025-10-01,ST023,PR0031,29,47,28,48,0,18331.2
2025-10-01,ST023,PR0032,20,44,33,31,0,13446.56
2025-10-01,ST023,PR0033,25,41,14,52,0,24013.6
2025-10-01,ST023,PR0034,7,33,20,20,0,12120.0
2025-10-01,ST023,PR0035,51,19,24,46,0,24965.58
2025-10-01,ST023,PR0036,33,16,25,24,0,15336.24
2025-10-01,ST023,PR0037,46,7,38,15,0,11554.8
2025-10-01,ST023,PR0038,41,37,16,62,0,48006.6
2025-10-01,ST023,PR0039,53,12,27,38,0,34532.88
2025-10-01,ST023,PR0040,35,27,11,51,0,44876.94
2025-10-01,ST023,PR0041,9,13,22,0,10,0.0
2025-10-01,ST023,PR0042,52,7,0,59,0,8292.45
2025-10-01,ST023,PR0043,43,40,2,81,0,16486.74
2025-10-01,ST023,PR0044,4,42,21,25,0,6532.75
2025-10-01,ST023,PR0045,33,30,51,12,0,3432.6
2025-10-01,ST023,PR0046,37,22,17,42,0,15008.28
2025-10-01,ST023,PR0047,10,20,3,27,0,10402.83
2025-10-01,ST023,PR0048,59,0,31,28,0,13118.56
2025-10-01,ST023,PR0049,38,28,18,48,0,28764.0
2025-10-01,ST023,PR0050,42,43,22,63,0,37406.25
2025-10-01,ST023,PR0051,46,49,26,69,0,44794.11
2025-10-01,ST023,PR0052,40,45,21,64,0,42074.24
2025-10-01,ST023,PR0053,28,1,13,16,0,11611.36
2025-10-01,ST023,PR0054,47,0,16,31,0,30951.33
2025-10-01,ST023,PR0055,55,7,34,28,0,26978.28
2025-10-01,ST023,PR0056,45,8,28,25,0,4440.25
2025-10-01,ST023,PR0057,65,35,27,73,0,14494.88
2025-10-01,ST023,PR0058,44,51,32,63,0,19503.54
2025-10-01,ST023,PR0059,20,51,36,35,0,10397.45
2025-10-01,ST023,PR0060,17,40,44,13,0,4938.57
2025-10-01,ST024,PR0001,62,9,29,42,0,10066.14
2025-10-01,ST024,PR0002,36,15,0,51,0,11846.79
2025-10-01,ST024,PR0003,55,21,10,66,0,20577.48
2025-10-01,ST024,PR0004,28,38,29,37,0,13167.19
2025-10-01,ST024,PR0005,63,47,20,90,0,44730.0
2025-10-01,ST024,PR0006,10,1,11,0,10,0.0
2025-10-01,ST024,PR0007,6,22,16,12,0,7867.44
2025-10-01,ST024,PR0008,52,44,14,82,0,43177.92
2025-10-01,ST024,PR0009,55,31,1,85,0,56340.55
2025-10-01,ST024,PR0010,20,23,26,17,0,10303.02
2025-10-01,ST024,PR0011,43,27,16,54,0,38384.82
2025-10-01,ST024,PR0012,28,2,22,8,0,6849.6
2025-10-01,ST024,PR0013,7,16,14,9,0,6703.83
2025-10-01,ST024,PR0014,54,20,8,66,0,9940.92
2025-10-01,ST024,PR0015,61,48,24,85,0,20450.15
2025-10-01,ST024,PR0016,6,22,27,1,2,289.36
2025-10-01,ST024,PR0017,45,3,33,15,0,4568.85
2025-10-01,ST024,PR0018,58,36,36,58,0,23905.28
2025-10-01,ST024,PR0019,56,17,40,33,0,16824.06
2025-10-01,ST024,PR0020,28,30,0,58,0,24060.14
2025-10-01,ST024,PR0021,35,41,23,53,0,33741.92
2025-10-01,ST024,PR0022,44,24,14,54,0,36414.36
2025-10-01,ST024,PR0023,41,55,15,81,0,51944.49
2025-10-01,ST024,PR0024,41,38,25,54,0,34666.38
2025-10-01,ST024,PR0025,62,30,12,80,0,75052.0
2025-10-01,ST024,PR0026,54,33,28,59,0,47231.86
2025-10-01,ST024,PR0027,19,50,31,38,0,29190.46
2025-10-01,ST024,PR0028,26,21,3,44,0,6331.6
2025-10-01,ST024,PR0029,56,47,10,93,0,23987.49
2025-10-01,ST024,PR0030,40,14,8,46,0,13607.72
2025-10-01,ST024,PR0031,25,32,23,34,0,12984.6
2025-10-01,ST024,PR0032,13,3,10,6,0,2602.56
2025-10-01,ST024,PR0033,18,22,17,23,0,10621.4
2025-10-01,ST024,PR0034,57,52,28,81,0,49086.0
2025-10-01,ST024,PR0035,49,35,42,42,0,22794.66
2025-10-01,ST024,PR0036,16,18,0,34,0,21726.34
2025-10-01,ST024,PR0037,62,1,35,28,0,21568.96
2025-10-01,ST024,PR0038,55,17,19,53,0,41037.9
2025-10-01,ST024,PR0039,22,2,24,0,8,0.0
2025-10-01,ST024,PR0040,35,11,22,24,0,21118.56
2025-10-01,ST024,PR0041,39,24,25,38,0,37368.82
2025-10-01,ST024,PR0042,43,0,12,31,0,4357.05
2025-10-01,ST024,PR0043,40,22,9,53,0,10787.62
2025-10-01,ST024,PR0044,48,45,31,62,0,16201.22
2025-10-01,ST024,PR0045,11,47,27,31,0,8867.55
2025-10-01,ST024,PR0046,23,19,6,36,0,12864.24
2025-10-01,ST024,PR0047,40,19,19,40,0,15411.6
2025-10-01,ST024,PR0048,27,2,19,10,0,4685.2
2025-10-01,ST024,PR0049,6,4,10,0,12,0.0
2025-10-01,ST024,PR0050,44,18,29,33,0,19593.75
2025-10-01,ST024,PR0051,48,14,14,48,0,31161.12
2025-10-01,ST024,PR0052,23,7,17,13,0,8546.33
2025-10-01,ST024,PR0053,24,50,3,71,0,51525.41
2025-10-01,ST024,PR0054,54,6,11,49,0,48923.07
2025-10-01,ST024,PR0055,6,44,11,39,0,37576.89
2025-10-01,ST024,PR0056,51,12,1,62,0,11011.82
2025-10-01,ST024,PR0057,23,16,10,29,0,5758.24
2025-10-01,ST024,PR0058,37,12,25,24,0,7429.92
2025-10-01,ST024,PR0059,16,10,2,24,0,7129.68
2025-10-01,ST024,PR0060,39,28,4,63,0,23933.07
2025-11-01,ST001,PR0001,35,27,19,43,0,10305.81
2025-11-01,ST001,PR0002,63,34,27,70,0,16260.3
2025-11-01,ST001,PR0003,62,23,7,78,0,24318.84
2025-11-01,ST001,PR0004,48,55,36,67,0,23843.29
2025-11-01,ST001,PR0005,11,41,22,30,0,14910.0
2025-11-01,ST001,PR0006,57,19,30,46,0,25179.48
2025-11-01,ST001,PR0007,15,12,0,27,0,17701.74
2025-11-01,ST001,PR0008,44,45,16,73,0,38438.88
2025-11-01,ST001,PR0009,17,45,45,17,0,11268.11
2025-11-01,ST001,PR0010,44,4,36,12,0,7272.72
2025-11-01,ST001,PR0011,7,52,30,29,0,20614.07
2025-11-01,ST001,PR0012,14,35,22,27,0,23117.4
2025-11-01,ST001,PR0013,51,5,6,50,0,37243.5
2025-11-01,ST001,PR0014,56,49,18,87,0,13103.94
2025-11-01,ST001,PR0015,64,15,0,79,0,19006.61
2025-11-01,ST001,PR0016,47,22,43,26,0,7523.36
2025-11-01,ST001,PR0017,38,48,17,69,0,21016.71
2025-11-01,ST001,PR0018,45,40,25,60,0,24729.6
2025-11-01,ST001,PR0019,28,50,25,53,0,27020.46
2025-11-01,ST001,PR0020,54,25,7,72,0,29867.76
2025-11-01,ST001,PR0021,34,32,52,14,0,8912.96
2025-11-01,ST001,PR0022,30,13,24,19,0,12812.46
2025-11-01,ST001,PR0023,59,19,34,44,0,28216.76
2025-11-01,ST001,PR0024,21,5,25,1,2,641.97
2025-11-01,ST001,PR0025,8,18,24,2,6,1876.3
2025-11-01,ST001,PR0026,39,36,5,70,0,56037.8
2025-11-01,ST001,PR0027,8,25,7,26,0,19972.42
2025-11-01,ST001,PR0028,33,25,9,49,0,7051.1
2025-11-01,ST001,PR0029,7,42,20,29,0,7479.97
2025-11-01,ST001,PR0030,26,14,13,27,0,7987.14
2025-11-01,ST001,PR0031,42,51,21,72,0,27496.8
2025-11-01,ST001,PR0032,42,1,21,22,0,9542.72
2025-11-01,ST001,PR0033,45,45,23,67,0,30940.6
2025-11-01,ST001,PR0034,47,5,0,52,0,31512.0
2025-11-01,ST001,PR0035,31,27,21,37,0,20081.01
2025-11-01,ST001,PR0036,16,18,13,21,0,13419.21
2025-11-01,ST001,PR0037,60,37,7,90,0,69328.8
2025-11-01,ST001,PR0038,52,15,19,48,0,37166.4
2025-11-01,ST001,PR0039,49,25,7,67,0,60886.92
2025-11-01,ST001,PR0040,26,24,19,31,0,27278.14
2025-11-01,ST001,PR0041,45,15,9,51,0,50152.89
2025-11-01,ST001,PR0042,47,26,32,41,0,5762.55
2025-11-01,ST001,PR0043,58,17,0,75,0,15265.5
2025-11-01,ST001,PR0044,52,38,11,79,0,20643.49
2025-11-01,ST001,PR0045,61,36,12,85,0,24314.25
2025-11-01,ST001,PR0046,57,32,31,58,0,20725.72
2025-11-01,ST001,PR0047,62,9,37,34,0,13099.86
2025-11-01,ST001,PR0048,21,15,31,5,0,2342.6
2025-11-01,ST001,PR0049,42,7,25,24,0,14382.0
2025-11-01,ST001,PR0050,36,39,14,61,0,36218.75
2025-11-01,ST001,PR0051,6,0,6,0,6,0.0
2025-11-01,ST001,PR0052,63,30,13,80,0,52592.8
2025-11-01,ST001,PR0053,59,9,57,11,0,7982.81
2025-11-01,ST001,PR0054,62,30,35,57,0,56910.51
2025-11-01,ST001,PR0055,21,36,16,41,0,39503.91
2025-11-01,ST001,PR0056,51,8,14,45,0,7992.45
2025-11-01,ST001,PR0057,14,40,29,25,0,4964.0
2025-11-01,ST001,PR0058,14,39,34,19,0,5882.02
2025-11-01,ST001,PR0059,53,36,45,44,0,13071.08
2025-11-01,ST001,PR0060,14,35,24,25,0,9497.25
2025-11-01,ST002,PR0001,21,11,27,5,0,1198.35
2025-11-01,ST002,PR0002,19,39,7,51,0,11846.79
2025-11-01,ST002,PR0003,6,13,19,0,8,0.0
2025-11-01,ST002,PR0004,13,14,27,0,10,0.0
2025-11-01,ST002,PR0005,33,8,23,18,0,8946.0
2025-11-01,ST002,PR0006,51,53,17,87,0,47622.06
2025-11-01,ST002,PR0007,27,2,29,0,4,0.0
2025-11-01,ST002,PR0008,51,29,24,56,0,29487.36
2025-11-01,ST002,PR0009,34,44,0,78,0,51700.74
2025-11-01,ST002,PR0010,11,43,40,14,0,8484.84
2025-11-01,ST002,PR0011,16,14,0,30,0,21324.9
2025-11-01,ST002,PR0012,24,24,26,22,0,18836.4
2025-11-01,ST002,PR0013,43,35,3,75,0,55865.25
2025-11-01,ST002,PR0014,15,1,16,0,2,0.0
2025-11-01,ST002,PR0015,31,2,22,11,0,2646.49
2025-11-01,ST002,PR0016,33,52,17,68,0,19676.48
2025-11-01,ST002,PR0017,13,29,4,38,0,11574.42
2025-11-01,ST002,PR0018,51,16,17,50,0,20608.0
2025-11-01,ST002,PR0019,14,38,26,26,0,13255.32
2025-11-01,ST002,PR0020,48,18,32,34,0,14104.22
2025-11-01,ST002,PR0021,52,18,23,47,0,29922.08
2025-11-01,ST002,PR0022,13,51,30,34,0,22927.56
2025-11-01,ST002,PR0023,33,47,21,59,0,37836.11
2025-11-01,ST002,PR0024,51,3,8,46,0,29530.62
2025-11-01,ST002,PR0025,58,17,29,46,0,43154.9
2025-11-01,ST002,PR0026,15,15,18,12,0,9606.48
2025-11-01,ST002,PR0027,6,43,14,35,0,26885.95
2025-11-01,ST002,PR0028,42,28,18,52,0,7482.8
2025-11-01,ST002,PR0029,36,54,16,74,0,19086.82
2025-11-01,ST002,PR0030,30,38,27,41,0,12128.62
2025-11-01,ST002,PR0031,47,1,28,20,0,7638.0
2025-11-01,ST002,PR0032,54,16,19,51,0,22121.76
2025-11-01,ST002,PR0033,62,23,18,67,0,30940.6
2025-11-01,ST002,PR0034,4,12,16,0,12,0.0
2025-11-01,ST002,PR0035,19,22,14,27,0,14653.71
2025-11-01,ST002,PR0036,11,35,33,13,0,8307.13
2025-11-01,ST002,PR0037,38,10,15,33,0,25420.56
2025-11-01,ST002,PR0038,31,9,12,28,0,21680.4
2025-11-01,ST002,PR0039,58,22,20,60,0,54525.6
2025-11-01,ST002,PR0040,56,16,28,44,0,38717.36
2025-11-01,ST002,PR0041,55,34,16,73,0,71787.47
2025-11-01,ST002,PR0042,36,25,15,46,0,6465.3
2025-11-01,ST002,PR0043,53,55,27,81,0,16486.74
2025-11-01,ST002,PR0044,44,43,20,67,0,17507.77
2025-11-01,ST002,PR0045,62,31,9,84,0,24028.2
2025-11-01,ST002,PR0046,24,39,18,45,0,16080.3
2025-11-01,ST002,PR0047,41,38,10,69,0,26585.01
2025-11-01,ST002,PR0048,5,33,25,13,0,6090.76
2025-11-01,ST002,PR0049,12,52,23,41,0,24569.25
2025-11-01,ST002,PR0050,11,23,23,11,0,6531.25
2025-11-01,ST002,PR0051,5,39,0,44,0,28564.36
2025-11-01,ST002,PR0052,13,54,1,66,0,43389.06
2025-11-01,ST002,PR0053,46,18,12,52,0,37736.92
2025-11-01,ST002,PR0054,24,11,8,27,0,26957.61
2025-11-01,ST002,PR0055,59,10,10,59,0,56847.09
2025-11-01,ST002,PR0056,29,39,30,38,0,6749.18
2025-11-01,ST002,PR0057,31,26,38,19,0,3772.64
2025-11-01,ST002,PR0058,25,35,24,36,0,11144.88
2025-11-01,ST002,PR0059,43,35,20,58,0,17230.06
2025-11-01,ST002,PR0060,44,27,23,48,0,18234.72
2025-11-01,ST003,PR0001,50,33,16,67,0,16057.89
2025-11-01,ST003,PR0002,34,24,9,49,0,11382.21
2025-11-01,ST003,PR0003,13,0,13,0,7,0.0
2025-11-01,ST003,PR0004,40,23,26,37,0,13167.19
2025-11-01,ST003,PR0005,36,5,13,28,0,13916.0
2025-11-01,ST003,PR0006,12,33,11,34,0,18610.92
2025-11-01,ST003,PR0007,15,25,26,14,0,9178.68
2025-11-01,ST003,PR0008,47,26,24,49,0,25801.44
2025-11-01,ST003,PR0009,63,43,20,86,0,57003.38
2025-11-01,ST003,PR0010,8,37,26,19,0,11515.14
2025-11-01,ST003,PR0011,35,51,34,52,0,36963.16
2025-11-01,ST003,PR0012,43,6,18,31,0,26542.2
2025-11-01,ST003,PR0013,25,48,15,58,0,43202.46
2025-11-01,ST003,PR0014,9,10,17,2,9,301.24
2025-11-01,ST003,PR0015,34,23,5,52,0,12510.68
2025-11-01,ST003,PR0016,20,45,23,42,0,12153.12
2025-11-01,ST003,PR0017,27,13,40,0,2,0.0
2025-11-01,ST003,PR0018,16,49,38,27,0,11128.32
2025-11-01,ST003,PR0019,52,44,34,62,0,31608.84
2025-11-01,ST003,PR0020,47,6,31,22,0,9126.26
2025-11-01,ST003,PR0021,15,0,15,0,12,0.0
2025-11-01,ST003,PR0022,16,36,7,45,0,30345.3
2025-11-01,ST003,PR0023,64,23,41,46,0,29499.34
2025-11-01,ST003,PR0024,55,1,19,37,0,23752.89
2025-11-01,ST003,PR0025,30,19,27,22,0,20639.3
2025-11-01,ST003,PR0026,26,24,35,15,0,12008.1
2025-11-01,ST003,PR0027,20,50,13,57,0,43785.69
2025-11-01,ST003,PR0028,53,17,35,35,0,5036.5
2025-11-01,ST003,PR0029,59,53,15,97,0,25019.21
2025-11-01,ST003,PR0030,52,5,27,30,0,8874.6
2025-11-01,ST003,PR0031,7,22,0,29,0,11075.1
2025-11-01,ST003,PR0032,48,29,37,40,0,17350.4
2025-11-01,ST003,PR0033,50,32,3,79,0,36482.2
2025-11-01,ST003,PR0034,28,27,43,12,0,7272.0
2025-11-01,ST003,PR0035,20,13,13,20,0,10854.6
2025-11-01,ST003,PR0036,61,36,12,85,0,54315.85
2025-11-01,ST003,PR0037,10,6,0,16,0,12325.12
2025-11-01,ST003,PR0038,37,27,20,44,0,34069.2
2025-11-01,ST003,PR0039,17,27,29,15,0,13631.4
2025-11-01,ST003,PR0040,44,40,22,62,0,54556.28
2025-11-01,ST003,PR0041,42,41,10,73,0,71787.47
2025-11-01,ST003,PR0042,43,24,17,50,0,7027.5
2025-11-01,ST003,PR0043,34,10,34,10,0,2035.4
2025-11-01,ST003,PR0044,36,38,31,43,0,11236.33
2025-11-01,ST003,PR0045,59,41,16,84,0,24028.2
2025-11-01,ST003,PR0046,32,16,34,14,0,5002.76
2025-11-01,ST003,PR0047,59,31,20,70,0,26970.3
2025-11-01,ST003,PR0048,45,48,46,47,0,22020.44
2025-11-01,ST003,PR0049,22,39,29,32,0,19176.0
2025-11-01,ST003,PR0050,19,6,16,9,0,5343.75
2025-11-01,ST003,PR0051,46,7,22,31,0,20124.89
2025-11-01,ST003,PR0052,10,48,24,34,0,22351.94
2025-11-01,ST003,PR0053,46,29,17,58,0,42091.18
2025-11-01,ST003,PR0054,33,14,13,34,0,33946.62
2025-11-01,ST003,PR0055,18,31,23,26,0,25051.26
2025-11-01,ST003,PR0056,49,46,42,53,0,9413.33
2025-11-01,ST003,PR0057,8,46,36,18,0,3574.08
2025-11-01,ST003,PR0058,33,34,37,30,0,9287.4
2025-11-01,ST003,PR0059,43,21,8,56,0,16635.92
2025-11-01,ST003,PR0060,16,51,31,36,0,13676.04
2025-11-01,ST004,PR0001,10,14,24,0,4,0.0
2025-11-01,ST004,PR0002,54,50,28,76,0,17654.04
2025-11-01,ST004,PR0003,55,20,26,49,0,15277.22
2025-11-01,ST004,PR0004,37,35,15,57,0,20284.59
2025-11-01,ST004,PR0005,46,47,24,69,0,34293.0
2025-11-01,ST004,PR0006,7,9,16,0,5,0.0
2025-11-01,ST004,PR0007,41,31,30,42,0,27536.04
2025-11-01,ST004,PR0008,9,42,36,15,0,7898.4
2025-11-01,ST004,PR0009,39,44,23,60,0,39769.8
2025-11-01,ST004,PR0010,61,54,18,97,0,58787.82
2025-11-01,ST004,PR0011,43,21,16,48,0,34119.84
2025-11-01,ST004,PR0012,52,6,19,39,0,33391.8
2025-11-01,ST004,PR0013,32,28,16,44,0,32774.28
2025-11-01,ST004,PR0014,17,11,28,0,8,0.0
2025-11-01,ST004,PR0015,22,26,5,43,0,10345.37
2025-11-01,ST004,PR0016,65,55,23,97,0,28067.92
2025-11-01,ST004,PR0017,22,42,32,32,0,9746.88
2025-11-01,ST004,PR0018,19,40,32,27,0,11128.32
2025-11-01,ST004,PR0019,22,38,33,27,0,13765.14
2025-11-01,ST004,PR0020,31,42,25,48,0,19911.84
2025-11-01,ST004,PR0021,29,38,5,62,0,39471.68
2025-11-01,ST004,PR0022,61,52,37,76,0,51249.84
2025-11-01,ST004,PR0023,47,25,13,59,0,37836.11
2025-11-01,ST004,PR0024,54,10,12,52,0,33382.44
2025-11-01,ST004,PR0025,5,25,29,1,8,938.15
2025-11-01,ST004,PR0026,5,8,13,0,4,0.0
2025-11-01,ST004,PR0027,16,38,18,36,0,27654.12
2025-11-01,ST004,PR0028,51,4,46,9,0,1295.1
2025-11-01,ST004,PR0029,56,40,20,76,0,19602.68
2025-11-01,ST004,PR0030,9,7,16,0,5,0.0
2025-11-01,ST004,PR0031,13,51,10,54,0,20622.6
2025-11-01,ST004,PR0032,16,3,19,0,2,0.0
2025-11-01,ST004,PR0033,39,29,27,41,0,18933.8
2025-11-01,ST004,PR0034,44,29,18,55,0,33330.0
2025-11-01,ST004,PR0035,20,16,22,14,0,7598.22
2025-11-01,ST004,PR0036,37,14,13,38,0,24282.38
2025-11-01,ST004,PR0037,50,50,28,72,0,55463.04
2025-11-01,ST004,PR0038,4,40,27,17,0,13163.1
2025-11-01,ST004,PR0039,60,52,25,87,0,79062.12
2025-11-01,ST004,PR0040,45,1,24,22,0,19358.68
2025-11-01,ST004,PR0041,62,47,19,90,0,88505.1
2025-11-01,ST004,PR0042,47,50,26,71,0,9979.05
2025-11-01,ST004,PR0043,36,29,24,41,0,8345.14
2025-11-01,ST004,PR0044,45,8,41,12,0,3135.72
2025-11-01,ST004,PR0045,44,30,24,50,0,14302.5
2025-11-01,ST004,PR0046,19,55,26,48,0,17152.32
2025-11-01,ST004,PR0047,61,53,30,84,0,32364.36
2025-11-01,ST004,PR0048,13,10,18,5,0,2342.6
2025-11-01,ST004,PR0049,8,17,19,6,0,3595.5
2025-11-01,ST004,PR0050,5,47,26,26,0,15437.5
2025-11-01,ST004,PR0051,49,50,23,76,0,49338.44
2025-11-01,ST004,PR0052,45,41,12,74,0,48648.34
2025-11-01,ST004,PR0053,8,8,3,13,0,9434.23
2025-11-01,ST004,PR0054,42,25,25,42,0,41934.06
2025-11-01,ST004,PR0055,61,54,26,89,0,85752.39
2025-11-01,ST004,PR0056,25,51,18,58,0,10301.38
2025-11-01,ST004,PR0057,18,10,16,12,0,2382.72
2025-11-01,ST004,PR0058,6,3,9,0,3,0.0
2025-11-01,ST004,PR0059,26,32,6,52,0,15447.64
2025-11-01,ST004,PR0060,8,24,14,18,0,6838.02
2025-11-01,ST005,PR0001,15,39,1,53,0,12702.51
2025-11-01,ST005,PR0002,30,29,27,32,0,7433.28
2025-11-01,ST005,PR0003,41,34,37,38,0,11847.64
2025-11-01,ST005,PR0004,8,37,13,32,0,11387.84
2025-11-01,ST005,PR0005,21,16,6,31,0,15407.0
2025-11-01,ST005,PR0006,31,14,14,31,0,16968.78
2025-11-01,ST005,PR0007,15,10,7,18,0,11801.16
2025-11-01,ST005,PR0008,8,3,1,10,0,5265.6
2025-11-01,ST005,PR0009,13,4,14,3,0,1988.49
2025-11-01,ST005,PR0010,52,9,37,24,0,14545.44
2025-11-01,ST005,PR0011,24,43,49,18,0,12794.94
2025-11-01,ST005,PR0012,65,54,20,99,0,84763.8
2025-11-01,ST005,PR0013,62,24,27,59,0,43947.33
2025-11-01,ST005,PR0014,6,25,24,7,0,1054.34
2025-11-01,ST005,PR0015,63,31,22,72,0,17322.48
2025-11-01,ST005,PR0016,9,30,13,26,0,7523.36
2025-11-01,ST005,PR0017,55,31,20,66,0,20102.94
2025-11-01,ST005,PR0018,61,45,13,93,0,38330.88
2025-11-01,ST005,PR0019,60,47,31,76,0,38746.32
2025-11-01,ST005,PR0020,48,54,14,88,0,36505.04
2025-11-01,ST005,PR0021,4,35,30,9,0,5729.76
2025-11-01,ST005,PR0022,26,53,10,69,0,46529.46
2025-11-01,ST005,PR0023,62,35,22,75,0,48096.75
2025-11-01,ST005,PR0024,52,50,27,75,0,48147.75
2025-11-01,ST005,PR0025,14,35,17,32,0,30020.8
2025-11-01,ST005,PR0026,11,35,34,12,0,9606.48
2025-11-01,ST005,PR0027,56,47,14,89,0,68367.13
2025-11-01,ST005,PR0028,65,46,29,82,0,11799.8
2025-11-01,ST005,PR0029,32,46,35,43,0,11090.99
2025-11-01,ST005,PR0030,28,43,30,41,0,12128.62
2025-11-01,ST005,PR0031,26,55,27,54,0,20622.6
2025-11-01,ST005,PR0032,26,3,29,0,7,0.0
2025-11-01,ST005,PR0033,41,0,8,33,0,15239.4
2025-11-01,ST005,PR0034,58,37,24,71,0,43026.0
2025-11-01,ST005,PR0035,46,23,29,40,0,21709.2
2025-11-01,ST005,PR0036,25,6,14,17,0,10863.17
2025-11-01,ST005,PR0037,10,10,13,7,0,5392.24
2025-11-01,ST005,PR0038,44,0,28,16,0,12388.8
2025-11-01,ST005,PR0039,17,2,19,0,9,0.0
2025-11-01,ST005,PR0040,29,39,33,35,0,30797.9
2025-11-01,ST005,PR0041,13,45,17,41,0,40318.99
2025-11-01,ST005,PR0042,43,21,42,22,0,3092.1
2025-11-01,ST005,PR0043,55,29,41,43,0,8752.22
2025-11-01,ST005,PR0044,51,22,0,73,0,19075.63
2025-11-01,ST005,PR0045,63,46,15,94,0,26888.7
2025-11-01,ST005,PR0046,8,1,9,0,3,0.0
2025-11-01,ST005,PR0047,31,51,12,70,0,26970.3
2025-11-01,ST005,PR0048,37,5,18,24,0,11244.48
2025-11-01,ST005,PR0049,44,47,25,66,0,39550.5
2025-11-01,ST005,PR0050,43,40,14,69,0,40968.75
2025-11-01,ST005,PR0051,36,29,11,54,0,35056.26
2025-11-01,ST005,PR0052,20,40,16,44,0,28926.04
2025-11-01,ST005,PR0053,44,53,21,76,0,55153.96
2025-11-01,ST005,PR0054,37,21,15,43,0,42932.49
2025-11-01,ST005,PR0055,34,32,19,47,0,45284.97
2025-11-01,ST005,PR0056,41,52,17,76,0,13498.36
2025-11-01,ST005,PR0057,35,8,31,12,0,2382.72
2025-11-01,ST005,PR0058,12,3,15,0,10,0.0
2025-11-01,ST005,PR0059,42,11,42,11,0,3267.77
2025-11-01,ST005,PR0060,28,41,0,69,0,26212.41
2025-11-01,ST006,PR0001,31,18,19,30,0,7190.1
2025-11-01,ST006,PR0002,12,34,9,37,0,8594.73
2025-11-01,ST006,PR0003,40,21,15,46,0,14341.88
2025-11-01,ST006,PR0004,32,35,18,49,0,17437.63
2025-11-01,ST006,PR0005,48,1,37,12,0,5964.0
2025-11-01,ST006,PR0006,43,53,0,96,0,52548.48
2025-11-01,ST006,PR0007,27,20,8,39,0,25569.18
2025-11-01,ST006,PR0008,10,16,16,10,0,5265.6
2025-11-01,ST006,PR0009,23,38,40,21,0,13919.43
2025-11-01,ST006,PR0010,28,22,43,7,0,4242.42
2025-11-01,ST006,PR0011,12,6,16,2,6,1421.66
2025-11-01,ST006,PR0012,61,41,0,102,0,87332.4
2025-11-01,ST006,PR0013,29,51,44,36,0,26815.32
2025-11-01,ST006,PR0014,19,28,34,13,0,1958.06
2025-11-01,ST006,PR0015,43,14,39,18,0,4330.62
2025-11-01,ST006,PR0016,4,26,30,0,2,0.0
2025-11-01,ST006,PR0017,6,36,15,27,0,8223.93
2025-11-01,ST006,PR0018,48,7,40,15,0,6182.4
2025-11-01,ST006,PR0019,21,18,29,10,0,5098.2
2025-11-01,ST006,PR0020,49,37,31,55,0,22815.65
2025-11-01,ST006,PR0021,45,38,36,47,0,29922.08
2025-11-01,ST006,PR0022,32,8,22,18,0,12138.12
2025-11-01,ST006,PR0023,48,18,32,34,0,21803.86
2025-11-01,ST006,PR0024,21,10,18,13,0,8345.61
2025-11-01,ST006,PR0025,54,29,20,63,0,59103.45
2025-11-01,ST006,PR0026,25,5,24,6,0,4803.24
2025-11-01,ST006,PR0027,46,26,11,61,0,46858.37
2025-11-01,ST006,PR0028,42,26,19,49,0,7051.1
2025-11-01,ST006,PR0029,38,11,12,37,0,9543.41
2025-11-01,ST006,PR0030,40,45,22,63,0,18636.66
2025-11-01,ST006,PR0031,25,0,11,14,0,5346.6
2025-11-01,ST006,PR0032,47,22,38,31,0,13446.56
2025-11-01,ST006,PR0033,65,42,31,76,0,35096.8
2025-11-01,ST006,PR0034,41,10,27,24,0,14544.0
2025-11-01,ST006,PR0035,32,30,11,51,0,27679.23
2025-11-01,ST006,PR0036,59,6,28,37,0,23643.37
2025-11-01,ST006,PR0037,65,55,45,75,0,57774.0
2025-11-01,ST006,PR0038,7,44,0,51,0,39489.3
2025-11-01,ST006,PR0039,15,54,30,39,0,35441.64
2025-11-01,ST006,PR0040,53,54,12,95,0,83594.3
2025-11-01,ST006,PR0041,15,50,13,52,0,51136.28
2025-11-01,ST006,PR0042,49,53,47,55,0,7730.25
2025-11-01,ST006,PR0043,33,14,9,38,0,7734.52
2025-11-01,ST006,PR0044,46,45,31,60,0,15678.6
2025-11-01,ST006,PR0045,52,4,32,24,0,6865.2
2025-11-01,ST006,PR0046,10,17,27,0,4,0.0
2025-11-01,ST006,PR0047,5,16,21,0,12,0.0
2025-11-01,ST006,PR0048,36,38,32,42,0,19677.84
2025-11-01,ST006,PR0049,23,37,21,39,0,23370.75
2025-11-01,ST006,PR0050,55,3,18,40,0,23750.0
2025-11-01,ST006,PR0051,39,6,22,23,0,14931.37
2025-11-01,ST006,PR0052,39,13,18,34,0,22351.94
2025-11-01,ST006,PR0053,8,37,16,29,0,21045.59
2025-11-01,ST006,PR0054,6,29,18,17,0,16973.31
2025-11-01,ST006,PR0055,50,51,10,91,0,87679.41
2025-11-01,ST006,PR0056,29,41,21,49,0,8702.89
2025-11-01,ST006,PR0057,32,36,19,49,0,9729.44
2025-11-01,ST006,PR0058,44,25,10,59,0,18265.22
2025-11-01,ST006,PR0059,13,53,31,35,0,10397.45
2025-11-01,ST006,PR0060,45,36,36,45,0,17095.05
2025-11-01,ST007,PR0001,14,39,17,36,0,8628.12
2025-11-01,ST007,PR0002,24,0,24,0,4,0.0
2025-11-01,ST007,PR0003,42,55,12,85,0,26501.3
2025-11-01,ST007,PR0004,12,48,5,55,0,19572.85
2025-11-01,ST007,PR0005,28,21,3,46,0,22862.0
2025-11-01,ST007,PR0006,19,30,3,46,0,25179.48
2025-11-01,ST007,PR0007,23,55,16,62,0,40648.44
2025-11-01,ST007,PR0008,15,1,16,0,8,0.0
2025-11-01,ST007,PR0009,50,24,12,62,0,41095.46
2025-11-01,ST007,PR0010,50,52,7,95,0,57575.7
2025-11-01,ST007,PR0011,23,17,35,5,0,3554.15
2025-11-01,ST007,PR0012,23,21,26,18,0,15411.6
2025-11-01,ST007,PR0013,40,49,12,77,0,57354.99
2025-11-01,ST007,PR0014,22,54,5,71,0,10694.02
2025-11-01,ST007,PR0015,54,45,27,72,0,17322.48
2025-11-01,ST007,PR0016,21,15,19,17,0,4919.12
2025-11-01,ST007,PR0017,52,33,11,74,0,22539.66
2025-11-01,ST007,PR0018,55,0,15,40,0,16486.4
2025-11-01,ST007,PR0019,53,9,27,35,0,17843.7
2025-11-01,ST007,PR0020,50,55,26,79,0,32771.57
2025-11-01,ST007,PR0021,37,34,25,46,0,29285.44
2025-11-01,ST007,PR0022,18,17,5,30,0,20230.2
2025-11-01,ST007,PR0023,34,21,0,55,0,35270.95
2025-11-01,ST007,PR0024,65,39,14,90,0,57777.3
2025-11-01,ST007,PR0025,23,52,13,62,0,58165.3
2025-11-01,ST007,PR0026,25,50,28,47,0,37625.38
2025-11-01,ST007,PR0027,48,25,19,54,0,41481.18
2025-11-01,ST007,PR0028,52,32,28,56,0,8058.4
2025-11-01,ST007,PR0029,56,51,34,73,0,18828.89
2025-11-01,ST007,PR0030,18,0,18,0,10,0.0
2025-11-01,ST007,PR0031,53,32,43,42,0,16039.8
2025-11-01,ST007,PR0032,29,46,6,69,0,29929.44
2025-11-01,ST007,PR0033,27,4,13,18,0,8312.4
2025-11-01,ST007,PR0034,49,40,7,82,0,49692.0
2025-11-01,ST007,PR0035,37,30,26,41,0,22251.93
2025-11-01,ST007,PR0036,62,2,11,53,0,33867.53
2025-11-01,ST007,PR0037,40,35,37,38,0,29272.16
2025-11-01,ST007,PR0038,12,26,21,17,0,13163.1
2025-11-01,ST007,PR0039,22,49,41,30,0,27262.8
2025-11-01,ST007,PR0040,20,45,18,47,0,41357.18
2025-11-01,ST007,PR0041,12,28,16,24,0,23601.36
2025-11-01,ST007,PR0042,5,11,0,16,0,2248.8
2025-11-01,ST007,PR0043,38,9,30,17,0,3460.18
2025-11-01,ST007,PR0044,7,18,10,15,0,3919.65
2025-11-01,ST007,PR0045,26,53,11,68,0,19451.4
2025-11-01,ST007,PR0046,44,7,14,37,0,13221.58
2025-11-01,ST007,PR0047,59,52,25,86,0,33134.94
2025-11-01,ST007,PR0048,15,40,22,33,0,15461.16
2025-11-01,ST007,PR0049,18,26,40,4,0,2397.0
2025-11-01,ST007,PR0050,63,30,10,83,0,49281.25
2025-11-01,ST007,PR0051,13,32,10,35,0,22721.65
2025-11-01,ST007,PR0052,58,51,8,101,0,66398.41
2025-11-01,ST007,PR0053,58,41,42,57,0,41365.47
2025-11-01,ST007,PR0054,37,26,49,14,0,13978.02
2025-11-01,ST007,PR0055,20,18,24,14,0,13489.14
2025-11-01,ST007,PR0056,15,40,12,43,0,7637.23
2025-11-01,ST007,PR0057,26,17,19,24,0,4765.44
2025-11-01,ST007,PR0058,25,53,11,67,0,20741.86
2025-11-01,ST007,PR0059,22,15,9,28,0,8317.96
2025-11-01,ST007,PR0060,51,41,32,60,0,22793.4
2025-11-01,ST008,PR0001,60,13,12,61,0,14619.87
2025-11-01,ST008,PR0002,17,49,4,62,0,14401.98
2025-11-01,ST008,PR0003,40,22,19,43,0,13406.54
2025-11-01,ST008,PR0004,11,8,19,0,12,0.0
2025-11-01,ST008,PR0005,65,13,20,58,0,28826.0
2025-11-01,ST008,PR0006,9,36,11,34,0,18610.92
2025-11-01,ST008,PR0007,43,27,29,41,0,26880.42
2025-11-01,ST008,PR0008,58,4,31,31,0,16323.36
2025-11-01,ST008,PR0009,48,10,24,34,0,22536.22
2025-11-01,ST008,PR0010,35,40,3,72,0,43636.32
2025-11-01,ST008,PR0011,41,13,12,42,0,29854.86
2025-11-01,ST008,PR0012,48,16,22,42,0,35960.4
2025-11-01,ST008,PR0013,42,32,16,58,0,43202.46
2025-11-01,ST008,PR0014,61,20,0,81,0,12200.22
2025-11-01,ST008,PR0015,40,24,33,31,0,7458.29
2025-11-01,ST008,PR0016,44,36,19,61,0,17650.96
2025-11-01,ST008,PR0017,10,2,12,0,3,0.0
2025-11-01,ST008,PR0018,52,43,11,84,0,34621.44
2025-11-01,ST008,PR0019,60,41,25,76,0,38746.32
2025-11-01,ST008,PR0020,55,37,37,55,0,22815.65
2025-11-01,ST008,PR0021,24,7,24,7,0,4456.48
2025-11-01,ST008,PR0022,49,24,28,45,0,30345.3
2025-11-01,ST008,PR0023,60,9,27,42,0,26934.18
2025-11-01,ST008,PR0024,14,39,22,31,0,19901.07
2025-11-01,ST008,PR0025,7,31,36,2,8,1876.3
2025-11-01,ST008,PR0026,11,12,23,0,12,0.0
2025-11-01,ST008,PR0027,26,54,27,53,0,40713.01
2025-11-01,ST008,PR0028,10,28,38,0,4,0.0
2025-11-01,ST008,PR0029,18,37,15,40,0,10317.2
2025-11-01,ST008,PR0030,58,5,34,29,0,8578.78
2025-11-01,ST008,PR0031,31,18,47,2,9,763.8
2025-11-01,ST008,PR0032,15,45,0,60,0,26025.6
2025-11-01,ST008,PR0033,25,9,7,27,0,12468.6
2025-11-01,ST008,PR0034,12,34,20,26,0,15756.0
2025-11-01,ST008,PR0035,46,45,16,75,0,40704.75
2025-11-01,ST008,PR0036,65,47,25,87,0,55593.87
2025-11-01,ST008,PR0037,16,53,35,34,0,26190.88
2025-11-01,ST008,PR0038,65,21,5,81,0,62718.3
2025-11-01,ST008,PR0039,34,31,0,65,0,59069.4
2025-11-01,ST008,PR0040,20,55,16,59,0,51916.46
2025-11-01,ST008,PR0041,29,0,22,7,0,6883.73
2025-11-01,ST008,PR0042,17,45,24,38,0,5340.9
2025-11-01,ST008,PR0043,61,38,34,65,0,13230.1
2025-11-01,ST008,PR0044,36,37,18,55,0,14372.05
2025-11-01,ST008,PR0045,57,11,8,60,0,17163.0
2025-11-01,ST008,PR0046,52,17,24,45,0,16080.3
2025-11-01,ST008,PR0047,9,3,4,8,0,3082.32
2025-11-01,ST008,PR0048,18,6,24,0,2,0.0
2025-11-01,ST008,PR0049,5,34,0,39,0,23370.75
2025-11-01,ST008,PR0050,61,47,59,49,0,29093.75
2025-11-01,ST008,PR0051,20,7,2,25,0,16229.75
2025-11-01,ST008,PR0052,30,45,28,47,0,30898.27
2025-11-01,ST008,PR0053,40,7,9,38,0,27576.98
2025-11-01,ST008,PR0054,51,43,13,81,0,80872.83
2025-11-01,ST008,PR0055,27,38,53,12,0,11562.12
2025-11-01,ST008,PR0056,56,21,0,77,0,13675.97
2025-11-01,ST008,PR0057,49,37,14,72,0,14296.32
2025-11-01,ST008,PR0058,58,38,22,74,0,22908.92
2025-11-01,ST008,PR0059,62,31,11,82,0,24359.74
2025-11-01,ST008,PR0060,62,49,23,88,0,33430.32
2025-11-01,ST009,PR0001,7,7,14,0,3,0.0
2025-11-01,ST009,PR0002,50,28,22,56,0,13008.24
2025-11-01,ST009,PR0003,19,0,19,0,10,0.0
2025-11-01,ST009,PR0004,42,14,23,33,0,11743.71
2025-11-01,ST009,PR0005,41,23,27,37,0,18389.0
2025-11-01,ST009,PR0006,22,36,20,38,0,20800.44
2025-11-01,ST009,PR0007,60,14,7,67,0,43926.54
2025-11-01,ST009,PR0008,56,44,14,86,0,45284.16
2025-11-01,ST009,PR0009,32,21,29,24,0,15907.92
2025-11-01,ST009,PR0010,58,15,11,62,0,37575.72
2025-11-01,ST009,PR0011,11,51,26,36,0,25589.88
2025-11-01,ST009,PR0012,35,0,15,20,0,17124.0
2025-11-01,ST009,PR0013,23,24,25,22,0,16387.14
2025-11-01,ST009,PR0014,44,16,22,38,0,5723.56
2025-11-01,ST009,PR0015,27,18,29,16,0,3849.44
2025-11-01,ST009,PR0016,35,53,33,55,0,15914.8
2025-11-01,ST009,PR0017,9,37,26,20,0,6091.8
2025-11-01,ST009,PR0018,46,28,23,51,0,21020.16
2025-11-01,ST009,PR0019,13,9,13,9,0,4588.38
2025-11-01,ST009,PR0020,58,17,16,59,0,24474.97
2025-11-01,ST009,PR0021,45,14,0,59,0,37561.76
2025-11-01,ST009,PR0022,51,31,13,69,0,46529.46
2025-11-01,ST009,PR0023,16,2,14,4,0,2565.16
2025-11-01,ST009,PR0024,59,44,34,69,0,44295.93
2025-11-01,ST009,PR0025,59,50,54,55,0,51598.25
2025-11-01,ST009,PR0026,29,41,26,44,0,35223.76
2025-11-01,ST009,PR0027,29,36,32,33,0,25349.61
2025-11-01,ST009,PR0028,30,45,18,57,0,8202.3
2025-11-01,ST009,PR0029,35,15,0,50,0,12896.5
2025-11-01,ST009,PR0030,34,6,0,40,0,11832.8
2025-11-01,ST009,PR0031,9,24,33,0,2,0.0
2025-11-01,ST009,PR0032,65,12,47,30,0,13012.8
2025-11-01,ST009,PR0033,28,18,10,36,0,16624.8
2025-11-01,ST009,PR0034,12,19,18,13,0,7878.0
2025-11-01,ST009,PR0035,55,55,2,108,0,58614.84
2025-11-01,ST009,PR0036,58,26,29,55,0,35145.55
2025-11-01,ST009,PR0037,14,30,44,0,7,0.0
2025-11-01,ST009,PR0038,61,34,31,64,0,49555.2
2025-11-01,ST009,PR0039,61,41,39,63,0,57251.88
2025-11-01,ST009,PR0040,51,49,36,64,0,56316.16
2025-11-01,ST009,PR0041,46,13,27,32,0,31468.48
2025-11-01,ST009,PR0042,38,1,17,22,0,3092.1
2025-11-01,ST009,PR0043,25,12,20,17,0,3460.18
2025-11-01,ST009,PR0044,54,19,31,42,0,10975.02
2025-11-01,ST009,PR0045,15,26,41,0,3,0.0
2025-11-01,ST009,PR0046,50,3,31,22,0,7861.48
2025-11-01,ST009,PR0047,35,52,34,53,0,20420.37
2025-11-01,ST009,PR0048,14,11,5,20,0,9370.4
2025-11-01,ST009,PR0049,6,4,10,0,6,0.0
2025-11-01,ST009,PR0050,5,44,32,17,0,10093.75
2025-11-01,ST009,PR0051,28,30,23,35,0,22721.65
2025-11-01,ST009,PR0052,13,28,11,30,0,19722.3
2025-11-01,ST009,PR0053,7,24,4,27,0,19594.17
2025-11-01,ST009,PR0054,32,43,14,61,0,60904.23
2025-11-01,ST009,PR0055,8,10,14,4,0,3854.04
2025-11-01,ST009,PR0056,21,48,11,58,0,10301.38
2025-11-01,ST009,PR0057,9,29,30,8,0,1588.48
2025-11-01,ST009,PR0058,53,19,13,59,0,18265.22
2025-11-01,ST009,PR0059,50,34,8,76,0,22577.32
2025-11-01,ST009,PR0060,16,25,0,41,0,15575.49
2025-11-01,ST010,PR0001,41,45,16,70,0,16776.9
2025-11-01,ST010,PR0002,43,20,31,32,0,7433.28
2025-11-01,ST010,PR0003,54,50,31,73,0,22759.94
2025-11-01,ST010,PR0004,10,11,21,0,3,0.0
2025-11-01,ST010,PR0005,17,0,17,0,11,0.0
2025-11-01,ST010,PR0006,57,28,8,77,0,42148.26
2025-11-01,ST010,PR0007,45,54,20,79,0,51793.98
2025-11-01,ST010,PR0008,11,54,31,34,0,17903.04
2025-11-01,ST010,PR0009,45,4,22,27,0,17896.41
2025-11-01,ST010,PR0010,56,21,39,38,0,23030.28
2025-11-01,ST010,PR0011,5,0,5,0,11,0.0
2025-11-01,ST010,PR0012,16,6,9,13,0,11130.6
2025-11-01,ST010,PR0013,25,37,24,38,0,28305.06
2025-11-01,ST010,PR0014,58,29,15,72,0,10844.64
2025-11-01,ST010,PR0015,43,52,36,59,0,14194.81
2025-11-01,ST010,PR0016,9,14,13,10,0,2893.6
2025-11-01,ST010,PR0017,44,10,34,20,0,6091.8
2025-11-01,ST010,PR0018,37,32,16,53,0,21844.48
2025-11-01,ST010,PR0019,5,55,27,33,0,16824.06
2025-11-01,ST010,PR0020,63,19,11,71,0,29452.93
2025-11-01,ST010,PR0021,14,42,18,38,0,24192.32
2025-11-01,ST010,PR0022,15,0,15,0,11,0.0
2025-11-01,ST010,PR0023,22,36,13,45,0,28858.05
2025-11-01,ST010,PR0024,46,12,25,33,0,21185.01
2025-11-01,ST010,PR0025,32,20,32,20,0,18763.0
2025-11-01,ST010,PR0026,31,42,25,48,0,38425.92
2025-11-01,ST010,PR0027,23,31,39,15,0,11522.55
2025-11-01,ST010,PR0028,34,15,13,36,0,5180.4
2025-11-01,ST010,PR0029,32,3,4,31,0,7995.83
2025-11-01,ST010,PR0030,8,46,35,19,0,5620.58
2025-11-01,ST010,PR0031,10,20,13,17,0,6492.3
2025-11-01,ST010,PR0032,13,7,20,0,3,0.0
2025-11-01,ST010,PR0033,30,37,12,55,0,25399.0
2025-11-01,ST010,PR0034,9,8,17,0,10,0.0
2025-11-01,ST010,PR0035,60,25,12,73,0,39619.29
2025-11-01,ST010,PR0036,20,28,20,28,0,17892.28
2025-11-01,ST010,PR0037,43,23,11,55,0,42367.6
2025-11-01,ST010,PR0038,27,30,25,32,0,24777.6
2025-11-01,ST010,PR0039,55,6,5,56,0,50890.56
2025-11-01,ST010,PR0040,4,50,40,14,0,12319.16
2025-11-01,ST010,PR0041,41,15,24,32,0,31468.48
2025-11-01,ST010,PR0042,60,55,29,86,0,12087.3
2025-11-01,ST010,PR0043,9,25,27,7,0,1424.78
2025-11-01,ST010,PR0044,19,31,16,34,0,8884.54
2025-11-01,ST010,PR0045,30,12,35,7,0,2002.35
2025-11-01,ST010,PR0046,59,5,17,47,0,16794.98
2025-11-01,ST010,PR0047,4,7,11,0,10,0.0
2025-11-01,ST010,PR0048,13,28,14,27,0,12650.04
2025-11-01,ST010,PR0049,9,13,22,0,10,0.0
2025-11-01,ST010,PR0050,41,6,1,46,0,27312.5
2025-11-01,ST010,PR0051,26,31,37,20,0,12983.8
2025-11-01,ST010,PR0052,40,24,28,36,0,23666.76
2025-11-01,ST010,PR0053,14,50,43,21,0,15239.91
2025-11-01,ST010,PR0054,55,13,31,37,0,36941.91
2025-11-01,ST010,PR0055,64,31,8,87,0,83825.37
2025-11-01,ST010,PR0056,13,27,25,15,0,2664.15
2025-11-01,ST010,PR0057,29,44,35,38,0,7545.28
2025-11-01,ST010,PR0058,38,42,13,67,0,20741.86
2025-11-01,ST010,PR0059,17,37,0,54,0,16041.78
2025-11-01,ST010,PR0060,64,52,12,104,0,39508.56
2025-11-01,ST011,PR0001,58,15,16,57,0,13661.19
2025-11-01,ST011,PR0002,65,40,23,82,0,19047.78
2025-11-01,ST011,PR0003,23,1,9,15,0,4676.7
2025-11-01,ST011,PR0004,37,15,37,15,0,5338.05
2025-11-01,ST011,PR0005,31,31,8,54,0,26838.0
2025-11-01,ST011,PR0006,5,54,20,39,0,21347.82
2025-11-01,ST011,PR0007,10,31,6,35,0,22946.7
2025-11-01,ST011,PR0008,11,50,32,29,0,15270.24
2025-11-01,ST011,PR0009,53,38,38,53,0,35129.99
2025-11-01,ST011,PR0010,21,4,25,0,7,0.0
2025-11-01,ST011,PR0011,44,47,37,54,0,38384.82
2025-11-01,ST011,PR0012,30,53,26,57,0,48803.4
2025-11-01,ST011,PR0013,10,53,25,38,0,28305.06
2025-11-01,ST011,PR0014,52,28,32,48,0,7229.76
2025-11-01,ST011,PR0015,52,42,24,70,0,16841.3
2025-11-01,ST011,PR0016,28,46,17,57,0,16493.52
2025-11-01,ST011,PR0017,49,11,26,34,0,10356.06
2025-11-01,ST011,PR0018,41,29,19,51,0,21020.16
2025-11-01,ST011,PR0019,5,0,5,0,2,0.0
2025-11-01,ST011,PR0020,27,40,25,42,0,17422.86
2025-11-01,ST011,PR0021,31,32,10,53,0,33741.92
2025-11-01,ST011,PR0022,53,54,0,107,0,72154.38
2025-11-01,ST011,PR0023,58,31,27,62,0,39759.98
2025-11-01,ST011,PR0024,49,12,39,22,0,14123.34
2025-11-01,ST011,PR0025,50,44,33,61,0,57227.15
2025-11-01,ST011,PR0026,12,18,12,18,0,14409.72
2025-11-01,ST011,PR0027,12,55,21,46,0,35335.82
2025-11-01,ST011,PR0028,45,41,21,65,0,9353.5
2025-11-01,ST011,PR0029,54,43,23,74,0,19086.82
2025-11-01,ST011,PR0030,56,54,17,93,0,27511.26
2025-11-01,ST011,PR0031,60,9,23,46,0,17567.4
2025-11-01,ST011,PR0032,56,48,32,72,0,31230.72
2025-11-01,ST011,PR0033,35,30,7,58,0,26784.4
2025-11-01,ST011,PR0034,30,44,29,45,0,27270.0
2025-11-01,ST011,PR0035,41,54,13,82,0,44503.86
2025-11-01,ST011,PR0036,36,23,31,28,0,17892.28
2025-11-01,ST011,PR0037,59,33,24,68,0,52381.76
2025-11-01,ST011,PR0038,9,55,26,38,0,29423.4
2025-11-01,ST011,PR0039,14,12,12,14,0,12722.64
2025-11-01,ST011,PR0040,44,48,26,66,0,58076.04
2025-11-01,ST011,PR0041,39,38,11,66,0,64903.74
2025-11-01,ST011,PR0042,21,35,9,47,0,6605.85
2025-11-01,ST011,PR0043,24,36,10,50,0,10177.0
2025-11-01,ST011,PR0044,28,49,6,71,0,18553.01
2025-11-01,ST011,PR0045,28,11,39,0,2,0.0
2025-11-01,ST011,PR0046,6,45,32,19,0,6789.46
2025-11-01,ST011,PR0047,5,2,7,0,5,0.0
2025-11-01,ST011,PR0048,51,38,14,75,0,35139.0
2025-11-01,ST011,PR0049,40,44,58,26,0,15580.5
2025-11-01,ST011,PR0050,57,43,43,57,0,33843.75
2025-11-01,ST011,PR0051,63,24,15,72,0,46741.68
2025-11-01,ST011,PR0052,41,47,32,56,0,36814.96
2025-11-01,ST011,PR0053,8,11,0,19,0,13788.49
2025-11-01,ST011,PR0054,58,55,14,99,0,98844.57
2025-11-01,ST011,PR0055,45,33,19,59,0,56847.09
2025-11-01,ST011,PR0056,65,21,6,80,0,14208.8
2025-11-01,ST011,PR0057,5,32,21,16,0,3176.96
2025-11-01,ST011,PR0058,50,2,13,39,0,12073.62
2025-11-01,ST011,PR0059,15,21,26,10,0,2970.7
2025-11-01,ST011,PR0060,33,54,9,78,0,29631.42
2025-11-01,ST012,PR0001,35,30,21,44,0,10545.48
2025-11-01,ST012,PR0002,45,24,13,56,0,13008.24
2025-11-01,ST012,PR0003,60,0,18,42,0,13094.76
2025-11-01,ST012,PR0004,11,28,19,20,0,7117.4
2025-11-01,ST012,PR0005,63,50,44,69,0,34293.0
2025-11-01,ST012,PR0006,54,44,41,57,0,31200.66
2025-11-01,ST012,PR0007,25,33,0,58,0,38025.96
2025-11-01,ST012,PR0008,58,16,21,53,0,27907.68
2025-11-01,ST012,PR0009,47,15,29,33,0,21873.39
2025-11-01,ST012,PR0010,26,55,16,65,0,39393.9
2025-11-01,ST012,PR0011,36,4,37,3,0,2132.49
2025-11-01,ST012,PR0012,8,15,23,0,5,0.0
2025-11-01,ST012,PR0013,29,55,21,63,0,46926.81
2025-11-01,ST012,PR0014,41,38,4,75,0,11296.5
2025-11-01,ST012,PR0015,8,46,27,27,0,6495.93
2025-11-01,ST012,PR0016,42,53,20,75,0,21702.0
2025-11-01,ST012,PR0017,61,32,22,71,0,21625.89
2025-11-01,ST012,PR0018,46,0,8,38,0,15662.08
2025-11-01,ST012,PR0019,11,36,25,22,0,11216.04
2025-11-01,ST012,PR0020,11,31,15,27,0,11200.41
2025-11-01,ST012,PR0021,8,16,19,5,0,3183.2
2025-11-01,ST012,PR0022,51,49,12,88,0,59341.92
2025-11-01,ST012,PR0023,39,15,37,17,0,10901.93
2025-11-01,ST012,PR0024,10,21,26,5,0,3209.85
2025-11-01,ST012,PR0025,54,1,7,48,0,45031.2
2025-11-01,ST012,PR0026,48,36,21,63,0,50434.02
2025-11-01,ST012,PR0027,19,2,21,0,7,0.0
2025-11-01,ST012,PR0028,43,10,26,27,0,3885.3
2025-11-01,ST012,PR0029,46,30,23,53,0,13670.29
2025-11-01,ST012,PR0030,13,40,6,47,0,13903.54
2025-11-01,ST012,PR0031,31,33,21,43,0,16421.7
2025-11-01,ST012,PR0032,36,29,28,37,0,16049.12
2025-11-01,ST012,PR0033,20,24,1,43,0,19857.4
2025-11-01,ST012,PR0034,30,25,32,23,0,13938.0
2025-11-01,ST012,PR0035,64,49,2,111,0,60243.03
2025-11-01,ST012,PR0036,9,21,26,4,0,2556.04
2025-11-01,ST012,PR0037,55,18,47,26,0,20028.32
2025-11-01,ST012,PR0038,59,44,27,76,0,58846.8
2025-11-01,ST012,PR0039,42,21,27,36,0,32715.36
2025-11-01,ST012,PR0040,32,32,40,24,0,21118.56
2025-11-01,ST012,PR0041,44,8,19,33,0,32451.87
2025-11-01,ST012,PR0042,15,44,21,38,0,5340.9
2025-11-01,ST012,PR0043,47,52,41,58,0,11805.32
2025-11-01,ST012,PR0044,36,25,0,61,0,15939.91
2025-11-01,ST012,PR0045,24,54,22,56,0,16018.8
2025-11-01,ST012,PR0046,21,3,11,13,0,4645.42
2025-11-01,ST012,PR0047,54,29,14,69,0,26585.01
2025-11-01,ST012,PR0048,52,23,40,35,0,16398.2
2025-11-01,ST012,PR0049,14,28,35,7,0,4194.75
2025-11-01,ST012,PR0050,45,54,10,89,0,52843.75
2025-11-01,ST012,PR0051,19,21,22,18,0,11685.42
2025-11-01,ST012,PR0052,12,38,45,5,0,3287.05
2025-11-01,ST012,PR0053,19,50,37,32,0,23222.72
2025-11-01,ST012,PR0054,43,42,9,76,0,75880.68
2025-11-01,ST012,PR0055,10,32,39,3,0,2890.53
2025-11-01,ST012,PR0056,65,18,0,83,0,14741.63
2025-11-01,ST012,PR0057,11,50,36,25,0,4964.0
2025-11-01,ST012,PR0058,11,47,40,18,0,5572.44
2025-11-01,ST012,PR0059,17,37,3,51,0,15150.57
2025-11-01,ST012,PR0060,53,24,20,57,0,21653.73
2025-11-01,ST013,PR0001,20,4,10,14,0,3355.38
2025-11-01,ST013,PR0002,40,23,12,51,0,11846.79
2025-11-01,ST013,PR0003,19,1,12,8,0,2494.24
2025-11-01,ST013,PR0004,47,26,27,46,0,16370.02
2025-11-01,ST013,PR0005,56,0,29,27,0,13419.0
2025-11-01,ST013,PR0006,27,2,28,1,10,547.38
2025-11-01,ST013,PR0007,36,19,0,55,0,36059.1
2025-11-01,ST013,PR0008,43,0,3,40,0,21062.4
2025-11-01,ST013,PR0009,57,29,34,52,0,34467.16
2025-11-01,ST013,PR0010,60,16,23,53,0,32121.18
2025-11-01,ST013,PR0011,43,54,23,74,0,52601.42
2025-11-01,ST013,PR0012,61,47,11,97,0,83051.4
2025-11-01,ST013,PR0013,27,3,25,5,0,3724.35
2025-11-01,ST013,PR0014,15,34,32,17,0,2560.54
2025-11-01,ST013,PR0015,62,50,12,100,0,24059.0
2025-11-01,ST013,PR0016,12,31,35,8,0,2314.88
2025-11-01,ST013,PR0017,40,43,24,59,0,17970.81
2025-11-01,ST013,PR0018,36,47,39,44,0,18135.04
2025-11-01,ST013,PR0019,43,46,27,62,0,31608.84
2025-11-01,ST013,PR0020,40,42,2,80,0,33186.4
2025-11-01,ST013,PR0021,39,2,27,14,0,8912.96
2025-11-01,ST013,PR0022,33,16,9,40,0,26973.6
2025-11-01,ST013,PR0023,43,40,12,71,0,45531.59
2025-11-01,ST013,PR0024,16,39,21,34,0,21826.98
2025-11-01,ST013,PR0025,32,20,10,42,0,39402.3
2025-11-01,ST013,PR0026,48,11,13,46,0,36824.84
2025-11-01,ST013,PR0027,52,4,25,31,0,23813.27
2025-11-01,ST013,PR0028,36,34,20,50,0,7195.0
2025-11-01,ST013,PR0029,42,2,22,22,0,5674.46
2025-11-01,ST013,PR0030,21,37,14,44,0,13016.08
2025-11-01,ST013,PR0031,29,30,22,37,0,14130.3
2025-11-01,ST013,PR0032,18,32,0,50,0,21688.0
2025-11-01,ST013,PR0033,19,43,7,55,0,25399.0
2025-11-01,ST013,PR0034,58,24,36,46,0,27876.0
2025-11-01,ST013,PR0035,53,25,1,77,0,41790.21
2025-11-01,ST013,PR0036,35,44,15,64,0,40896.64
2025-11-01,ST013,PR0037,59,42,0,101,0,77802.32
2025-11-01,ST013,PR0038,59,17,17,59,0,45683.7
2025-11-01,ST013,PR0039,63,28,21,70,0,63613.2
2025-11-01,ST013,PR0040,64,27,25,66,0,58076.04
2025-11-01,ST013,PR0041,40,52,16,76,0,74737.64
2025-11-01,ST013,PR0042,24,54,20,58,0,8151.9
2025-11-01,ST013,PR0043,20,22,39,3,0,610.62
2025-11-01,ST013,PR0044,37,50,0,87,0,22733.97
2025-11-01,ST013,PR0045,36,23,19,40,0,11442.0
2025-11-01,ST013,PR0046,27,31,20,38,0,13578.92
2025-11-01,ST013,PR0047,51,2,35,18,0,6935.22
2025-11-01,ST013,PR0048,13,54,15,52,0,24363.04
2025-11-01,ST013,PR0049,64,6,32,38,0,22771.5
2025-11-01,ST013,PR0050,32,39,29,42,0,24937.5
2025-11-01,ST013,PR0051,23,6,26,3,0,1947.57
2025-11-01,ST013,PR0052,64,13,15,62,0,40759.42
2025-11-01,ST013,PR0053,53,5,30,28,0,20319.88
2025-11-01,ST013,PR0054,5,6,11,0,3,0.0
2025-11-01,ST013,PR0055,30,9,24,15,0,14452.65
2025-11-01,ST013,PR0056,55,10,15,50,0,8880.5
2025-11-01,ST013,PR0057,28,53,21,60,0,11913.6
2025-11-01,ST013,PR0058,20,30,4,46,0,14240.68
2025-11-01,ST013,PR0059,57,6,12,51,0,15150.57
2025-11-01,ST013,PR0060,47,43,19,71,0,26972.19
2025-11-01,ST014,PR0001,8,7,15,0,11,0.0
2025-11-01,ST014,PR0002,27,23,21,29,0,6736.41
2025-11-01,ST014,PR0003,44,36,18,62,0,19330.36
2025-11-01,ST014,PR0004,56,22,38,40,0,14234.8
2025-11-01,ST014,PR0005,41,33,23,51,0,25347.0
2025-11-01,ST014,PR0006,62,43,10,95,0,52001.1
2025-11-01,ST014,PR0007,47,31,23,55,0,36059.1
2025-11-01,ST014,PR0008,51,26,29,48,0,25274.88
2025-11-01,ST014,PR0009,17,50,21,46,0,30490.18
2025-11-01,ST014,PR0010,62,39,26,75,0,45454.5
2025-11-01,ST014,PR0011,37,16,13,40,0,28433.2
2025-11-01,ST014,PR0012,53,33,28,58,0,49659.6
2025-11-01,ST014,PR0013,61,15,9,67,0,49906.29
2025-11-01,ST014,PR0014,50,41,30,61,0,9187.82
2025-11-01,ST014,PR0015,13,4,17,0,5,0.0
2025-11-01,ST014,PR0016,6,42,3,45,0,13021.2
2025-11-01,ST014,PR0017,40,37,26,51,0,15534.09
2025-11-01,ST014,PR0018,26,50,27,49,0,20195.84
2025-11-01,ST014,PR0019,27,49,12,64,0,32628.48
2025-11-01,ST014,PR0020,36,25,33,28,0,11615.24
2025-11-01,ST014,PR0021,33,39,21,51,0,32468.64
2025-11-01,ST014,PR0022,8,6,2,12,0,8092.08
2025-11-01,ST014,PR0023,28,23,39,12,0,7695.48
2025-11-01,ST014,PR0024,48,30,19,59,0,37876.23
2025-11-01,ST014,PR0025,61,22,19,64,0,60041.6
2025-11-01,ST014,PR0026,52,30,30,52,0,41628.08
2025-11-01,ST014,PR0027,19,29,22,26,0,19972.42
2025-11-01,ST014,PR0028,39,29,40,28,0,4029.2
2025-11-01,ST014,PR0029,53,6,38,21,0,5416.53
2025-11-01,ST014,PR0030,15,10,22,3,0,887.46
2025-11-01,ST014,PR0031,41,6,24,23,0,8783.7
2025-11-01,ST014,PR0032,55,13,32,36,0,15615.36
2025-11-01,ST014,PR0033,4,37,4,37,0,17086.6
2025-11-01,ST014,PR0034,19,38,14,43,0,26058.0
2025-11-01,ST014,PR0035,31,39,29,41,0,22251.93
2025-11-01,ST014,PR0036,13,15,28,0,11,0.0
2025-11-01,ST014,PR0037,19,3,15,7,0,5392.24
2025-11-01,ST014,PR0038,57,55,12,100,0,77430.0
2025-11-01,ST014,PR0039,36,16,23,29,0,26354.04
2025-11-01,ST014,PR0040,29,13,27,15,0,13199.1
2025-11-01,ST014,PR0041,38,55,22,71,0,69820.69
2025-11-01,ST014,PR0042,39,49,20,68,0,9557.4
2025-11-01,ST014,PR0043,65,11,23,53,0,10787.62
2025-11-01,ST014,PR0044,46,6,26,26,0,6794.06
2025-11-01,ST014,PR0045,14,14,26,2,2,572.1
2025-11-01,ST014,PR0046,5,38,29,14,0,5002.76
2025-11-01,ST014,PR0047,46,34,30,50,0,19264.5
2025-11-01,ST014,PR0048,50,26,27,49,0,22957.48
2025-11-01,ST014,PR0049,40,49,36,53,0,31760.25
2025-11-01,ST014,PR0050,59,29,19,69,0,40968.75
2025-11-01,ST014,PR0051,37,42,42,37,0,24020.03
2025-11-01,ST014,PR0052,10,33,16,27,0,17750.07
2025-11-01,ST014,PR0053,50,19,15,54,0,39188.34
2025-11-01,ST014,PR0054,13,34,31,16,0,15974.88
2025-11-01,ST014,PR0055,48,36,9,75,0,72263.25
2025-11-01,ST014,PR0056,16,0,16,0,10,0.0
2025-11-01,ST014,PR0057,34,50,7,77,0,15289.12
2025-11-01,ST014,PR0058,15,29,28,16,0,4953.28
2025-11-01,ST014,PR0059,63,37,20,80,0,23765.6
2025-11-01,ST014,PR0060,6,24,7,23,0,8737.47
2025-11-01,ST015,PR0001,59,52,10,101,0,24206.67
2025-11-01,ST015,PR0002,39,26,23,42,0,9756.18
2025-11-01,ST015,PR0003,51,42,19,74,0,23071.72
2025-11-01,ST015,PR0004,10,9,17,2,4,711.74
2025-11-01,ST015,PR0005,42,8,34,16,0,7952.0
2025-11-01,ST015,PR0006,30,36,31,35,0,19158.3
2025-11-01,ST015,PR0007,62,42,18,86,0,56383.32
2025-11-01,ST015,PR0008,27,22,43,6,0,3159.36
2025-11-01,ST015,PR0009,9,22,25,6,0,3976.98
2025-11-01,ST015,PR0010,39,46,0,85,0,51515.1
2025-11-01,ST015,PR0011,52,51,20,83,0,58998.89
2025-11-01,ST015,PR0012,34,21,19,36,0,30823.2
2025-11-01,ST015,PR0013,32,43,25,50,0,37243.5
2025-11-01,ST015,PR0014,42,27,7,62,0,9338.44
2025-11-01,ST015,PR0015,47,43,29,61,0,14675.99
2025-11-01,ST015,PR0016,32,20,21,31,0,8970.16
2025-11-01,ST015,PR0017,33,45,15,63,0,19189.17
2025-11-01,ST015,PR0018,43,2,33,12,0,4945.92
2025-11-01,ST015,PR0019,65,14,24,55,0,28040.1
2025-11-01,ST015,PR0020,56,44,4,96,0,39823.68
2025-11-01,ST015,PR0021,62,7,35,34,0,21645.76
2025-11-01,ST015,PR0022,42,45,14,73,0,49226.82
2025-11-01,ST015,PR0023,9,27,36,0,2,0.0
2025-11-01,ST015,PR0024,33,1,19,15,0,9629.55
2025-11-01,ST015,PR0025,8,12,16,4,0,3752.6
2025-11-01,ST015,PR0026,6,7,13,0,7,0.0
2025-11-01,ST015,PR0027,38,27,11,54,0,41481.18
2025-11-01,ST015,PR0028,14,38,14,38,0,5468.2
2025-11-01,ST015,PR0029,64,3,11,56,0,14444.08
2025-11-01,ST015,PR0030,5,10,15,0,5,0.0
2025-11-01,ST015,PR0031,4,20,5,19,0,7256.1
2025-11-01,ST015,PR0032,30,21,23,28,0,12145.28
2025-11-01,ST015,PR0033,53,31,16,68,0,31402.4
2025-11-01,ST015,PR0034,16,46,14,48,0,29088.0
2025-11-01,ST015,PR0035,16,23,29,10,0,5427.3
2025-11-01,ST015,PR0036,25,15,10,30,0,19170.3
2025-11-01,ST015,PR0037,21,29,21,29,0,22339.28
2025-11-01,ST015,PR0038,38,14,22,30,0,23229.0
2025-11-01,ST015,PR0039,37,27,24,40,0,36350.4
2025-11-01,ST015,PR0040,44,55,12,87,0,76554.78
2025-11-01,ST015,PR0041,30,17,18,29,0,28518.31
2025-11-01,ST015,PR0042,51,15,17,49,0,6886.95
2025-11-01,ST015,PR0043,6,29,15,20,0,4070.8
2025-11-01,ST015,PR0044,38,4,18,24,0,6271.44
2025-11-01,ST015,PR0045,39,20,32,27,0,7723.35
2025-11-01,ST015,PR0046,26,54,30,50,0,17867.0
2025-11-01,ST015,PR0047,37,25,11,51,0,19649.79
2025-11-01,ST015,PR0048,37,30,0,67,0,31390.84
2025-11-01,ST015,PR0049,34,0,17,17,0,10187.25
2025-11-01,ST015,PR0050,56,51,31,76,0,45125.0
2025-11-01,ST015,PR0051,40,52,40,52,0,33757.88
2025-11-01,ST015,PR0052,39,3,14,28,0,18407.48
2025-11-01,ST015,PR0053,52,39,10,81,0,58782.51
2025-11-01,ST015,PR0054,56,18,41,33,0,32948.19
2025-11-01,ST015,PR0055,32,50,23,59,0,56847.09
2025-11-01,ST015,PR0056,17,36,12,41,0,7282.01
2025-11-01,ST015,PR0057,52,26,0,78,0,15487.68
2025-11-01,ST015,PR0058,54,47,8,93,0,28790.94
2025-11-01,ST015,PR0059,51,38,1,88,0,26142.16
2025-11-01,ST015,PR0060,12,24,8,28,0,10636.92
2025-11-01,ST016,PR0001,43,51,40,54,0,12942.18
2025-11-01,ST016,PR0002,13,43,12,44,0,10220.76
2025-11-01,ST016,PR0003,38,46,41,43,0,13406.54
2025-11-01,ST016,PR0004,64,22,23,63,0,22419.81
2025-11-01,ST016,PR0005,8,12,20,0,3,0.0
2025-11-01,ST016,PR0006,56,23,38,41,0,22442.58
2025-11-01,ST016,PR0007,19,4,20,3,0,1966.86
2025-11-01,ST016,PR0008,23,16,9,30,0,15796.8
2025-11-01,ST016,PR0009,50,4,14,40,0,26513.2
2025-11-01,ST016,PR0010,8,7,15,0,7,0.0
2025-11-01,ST016,PR0011,23,3,26,0,7,0.0
2025-11-01,ST016,PR0012,29,48,28,49,0,41953.8
2025-11-01,ST016,PR0013,54,22,34,42,0,31284.54
2025-11-01,ST016,PR0014,34,29,5,58,0,8735.96
2025-11-01,ST016,PR0015,13,31,24,20,0,4811.8
2025-11-01,ST016,PR0016,24,46,23,47,0,13599.92
2025-11-01,ST016,PR0017,25,48,30,43,0,13097.37
2025-11-01,ST016,PR0018,30,2,32,0,5,0.0
2025-11-01,ST016,PR0019,34,16,25,25,0,12745.5
2025-11-01,ST016,PR0020,53,52,16,89,0,36919.87
2025-11-01,ST016,PR0021,12,36,2,46,0,29285.44
2025-11-01,ST016,PR0022,43,51,34,60,0,40460.4
2025-11-01,ST016,PR0023,58,49,22,85,0,54509.65
2025-11-01,ST016,PR0024,16,29,22,23,0,14765.31
2025-11-01,ST016,PR0025,62,24,24,62,0,58165.3
2025-11-01,ST016,PR0026,4,18,22,0,10,0.0
2025-11-01,ST016,PR0027,55,12,7,60,0,46090.2
2025-11-01,ST016,PR0028,64,47,33,78,0,11224.2
2025-11-01,ST016,PR0029,15,6,21,0,5,0.0
2025-11-01,ST016,PR0030,31,18,25,24,0,7099.68
2025-11-01,ST016,PR0031,50,2,17,35,0,13366.5
2025-11-01,ST016,PR0032,61,26,17,70,0,30363.2
2025-11-01,ST016,PR0033,59,2,46,15,0,6927.0
2025-11-01,ST016,PR0034,14,7,21,0,11,0.0
2025-11-01,ST016,PR0035,61,12,38,35,0,18995.55
2025-11-01,ST016,PR0036,15,7,22,0,3,0.0
2025-11-01,ST016,PR0037,54,16,33,37,0,28501.84
2025-11-01,ST016,PR0038,23,25,28,20,0,15486.0
2025-11-01,ST016,PR0039,14,15,13,16,0,14540.16
2025-11-01,ST016,PR0040,51,49,57,43,0,37837.42
2025-11-01,ST016,PR0041,60,34,8,86,0,84571.54
2025-11-01,ST016,PR0042,26,5,22,9,0,1264.95
2025-11-01,ST016,PR0043,31,8,0,39,0,7938.06
2025-11-01,ST016,PR0044,32,42,27,47,0,12281.57
2025-11-01,ST016,PR0045,47,12,17,42,0,12014.1
2025-11-01,ST016,PR0046,58,55,32,81,0,28944.54
2025-11-01,ST016,PR0047,23,2,16,9,0,3467.61
2025-11-01,ST016,PR0048,5,16,17,4,0,1874.08
2025-11-01,ST016,PR0049,46,50,19,77,0,46142.25
2025-11-01,ST016,PR0050,51,43,27,67,0,39781.25
2025-11-01,ST016,PR0051,19,28,23,24,0,15580.56
2025-11-01,ST016,PR0052,65,40,1,104,0,68370.64
2025-11-01,ST016,PR0053,57,2,49,10,0,7257.1
2025-11-01,ST016,PR0054,23,29,28,24,0,23962.32
2025-11-01,ST016,PR0055,24,54,17,61,0,58774.11
2025-11-01,ST016,PR0056,36,12,8,40,0,7104.4
2025-11-01,ST016,PR0057,22,14,18,18,0,3574.08
2025-11-01,ST016,PR0058,46,22,25,43,0,13311.94
2025-11-01,ST016,PR0059,22,18,21,19,0,5644.33
2025-11-01,ST016,PR0060,56,5,0,61,0,23173.29
2025-11-01,ST017,PR0001,62,39,26,75,0,17975.25
2025-11-01,ST017,PR0002,20,10,22,8,0,1858.32
2025-11-01,ST017,PR0003,4,39,43,0,2,0.0
2025-11-01,ST017,PR0004,6,48,14,40,0,14234.8
2025-11-01,ST017,PR0005,4,4,8,0,9,0.0
2025-11-01,ST017,PR0006,28,47,28,47,0,25726.86
2025-11-01,ST017,PR0007,21,13,24,10,0,6556.2
2025-11-01,ST017,PR0008,36,14,27,23,0,12110.88
2025-11-01,ST017,PR0009,63,4,11,56,0,37118.48
2025-11-01,ST017,PR0010,48,40,15,73,0,44242.38
2025-11-01,ST017,PR0011,5,35,10,30,0,21324.9
2025-11-01,ST017,PR0012,27,29,22,34,0,29110.8
2025-11-01,ST017,PR0013,17,5,22,0,10,0.0
2025-11-01,ST017,PR0014,26,27,16,37,0,5572.94
2025-11-01,ST017,PR0015,15,19,29,5,0,1202.95
2025-11-01,ST017,PR0016,52,12,17,47,0,13599.92
2025-11-01,ST017,PR0017,4,19,5,18,0,5482.62
2025-11-01,ST017,PR0018,38,5,26,17,0,7006.72
2025-11-01,ST017,PR0019,22,8,25,5,0,2549.1
2025-11-01,ST017,PR0020,48,46,12,82,0,34016.06
2025-11-01,ST017,PR0021,61,51,26,86,0,54751.04
2025-11-01,ST017,PR0022,60,52,20,92,0,62039.28
2025-11-01,ST017,PR0023,6,28,17,17,0,10901.93
2025-11-01,ST017,PR0024,6,55,27,34,0,21826.98
2025-11-01,ST017,PR0025,40,15,34,21,0,19701.15
2025-11-01,ST017,PR0026,47,47,18,76,0,60841.04
2025-11-01,ST017,PR0027,45,41,42,44,0,33799.48
2025-11-01,ST017,PR0028,42,5,38,9,0,1295.1
2025-11-01,ST017,PR0029,24,16,8,32,0,8253.76
2025-11-01,ST017,PR0030,42,52,30,64,0,18932.48
2025-11-01,ST017,PR0031,35,21,33,23,0,8783.7
2025-11-01,ST017,PR0032,60,24,7,77,0,33399.52
2025-11-01,ST017,PR0033,57,42,18,81,0,37405.8
2025-11-01,ST017,PR0034,23,53,38,38,0,23028.0
2025-11-01,ST017,PR0035,12,29,21,20,0,10854.6
2025-11-01,ST017,PR0036,50,27,0,77,0,49203.77
2025-11-01,ST017,PR0037,40,46,19,67,0,51611.44
2025-11-01,ST017,PR0038,26,21,14,33,0,25551.9
2025-11-01,ST017,PR0039,25,8,33,0,2,0.0
2025-11-01,ST017,PR0040,40,3,32,11,0,9679.34
2025-11-01,ST017,PR0041,36,33,12,57,0,56053.23
2025-11-01,ST017,PR0042,35,12,41,6,0,843.3
2025-11-01,ST017,PR0043,57,11,21,47,0,9566.38
2025-11-01,ST017,PR0044,31,38,10,59,0,15417.29
2025-11-01,ST017,PR0045,36,16,17,35,0,10011.75
2025-11-01,ST017,PR0046,42,53,28,67,0,23941.78
2025-11-01,ST017,PR0047,60,0,21,39,0,15026.31
2025-11-01,ST017,PR0048,9,53,37,25,0,11713.0
2025-11-01,ST017,PR0049,65,29,17,77,0,46142.25
2025-11-01,ST017,PR0050,9,37,13,33,0,19593.75
2025-11-01,ST017,PR0051,38,50,38,50,0,32459.5
2025-11-01,ST017,PR0052,15,26,41,0,3,0.0
2025-11-01,ST017,PR0053,51,24,19,56,0,40639.76
2025-11-01,ST017,PR0054,55,11,1,65,0,64897.95
2025-11-01,ST017,PR0055,45,27,7,65,0,62628.15
2025-11-01,ST017,PR0056,21,35,20,36,0,6393.96
2025-11-01,ST017,PR0057,7,20,19,8,0,1588.48
2025-11-01,ST017,PR0058,48,44,37,55,0,17026.9
2025-11-01,ST017,PR0059,56,20,1,75,0,22280.25
2025-11-01,ST017,PR0060,51,12,21,42,0,15955.38
2025-11-01,ST018,PR0001,59,4,22,41,0,9826.47
2025-11-01,ST018,PR0002,54,30,18,66,0,15331.14
2025-11-01,ST018,PR0003,28,44,3,69,0,21512.82
2025-11-01,ST018,PR0004,58,13,29,42,0,14946.54
2025-11-01,ST018,PR0005,7,43,10,40,0,19880.0
2025-11-01,ST018,PR0006,25,25,12,38,0,20800.44
2025-11-01,ST018,PR0007,10,4,14,0,2,0.0
2025-11-01,ST018,PR0008,44,18,18,44,0,23168.64
2025-11-01,ST018,PR0009,12,27,30,9,0,5965.47
2025-11-01,ST018,PR0010,60,0,31,29,0,17575.74
2025-11-01,ST018,PR0011,45,50,34,61,0,43360.63
2025-11-01,ST018,PR0012,31,36,32,35,0,29967.0
2025-11-01,ST018,PR0013,12,54,14,52,0,38733.24
2025-11-01,ST018,PR0014,26,17,20,23,0,3464.26
2025-11-01,ST018,PR0015,41,21,49,13,0,3127.67
2025-11-01,ST018,PR0016,64,12,10,66,0,19097.76
2025-11-01,ST018,PR0017,27,46,38,35,0,10660.65
2025-11-01,ST018,PR0018,18,30,1,47,0,19371.52
2025-11-01,ST018,PR0019,62,13,17,58,0,29569.56
2025-11-01,ST018,PR0020,58,42,51,49,0,20326.67
2025-11-01,ST018,PR0021,50,45,19,76,0,48384.64
2025-11-01,ST018,PR0022,62,20,25,57,0,38437.38
2025-11-01,ST018,PR0023,31,53,42,42,0,26934.18
2025-11-01,ST018,PR0024,53,12,26,39,0,25036.83
2025-11-01,ST018,PR0025,15,8,23,0,10,0.0
2025-11-01,ST018,PR0026,65,19,12,72,0,57638.88
2025-11-01,ST018,PR0027,37,50,18,69,0,53003.73
2025-11-01,ST018,PR0028,10,19,29,0,12,0.0
2025-11-01,ST018,PR0029,21,30,43,8,0,2063.44
2025-11-01,ST018,PR0030,44,1,30,15,0,4437.3
2025-11-01,ST018,PR0031,55,22,25,52,0,19858.8
2025-11-01,ST018,PR0032,23,33,38,18,0,7807.68
2025-11-01,ST018,PR0033,31,22,29,24,0,11083.2
2025-11-01,ST018,PR0034,43,3,33,13,0,7878.0
2025-11-01,ST018,PR0035,52,17,17,52,0,28221.96
2025-11-01,ST018,PR0036,34,31,27,38,0,24282.38
2025-11-01,ST018,PR0037,22,51,45,28,0,21568.96
2025-11-01,ST018,PR0038,65,39,24,80,0,61944.0
2025-11-01,ST018,PR0039,23,37,15,45,0,40894.2
2025-11-01,ST018,PR0040,51,0,38,13,0,11439.22
2025-11-01,ST018,PR0041,11,10,12,9,0,8850.51
2025-11-01,ST018,PR0042,11,3,14,0,12,0.0
2025-11-01,ST018,PR0043,49,12,0,61,0,12415.94
2025-11-01,ST018,PR0044,62,31,5,88,0,22995.28
2025-11-01,ST018,PR0045,33,47,5,75,0,21453.75
2025-11-01,ST018,PR0046,55,2,20,37,0,13221.58
2025-11-01,ST018,PR0047,17,54,20,51,0,19649.79
2025-11-01,ST018,PR0048,58,1,5,54,0,25300.08
2025-11-01,ST018,PR0049,10,3,11,2,5,1198.5
2025-11-01,ST018,PR0050,6,23,9,20,0,11875.0
2025-11-01,ST018,PR0051,8,45,4,49,0,31810.31
2025-11-01,ST018,PR0052,33,28,17,44,0,28926.04
2025-11-01,ST018,PR0053,17,16,33,0,12,0.0
2025-11-01,ST018,PR0054,24,14,23,15,0,14976.45
2025-11-01,ST018,PR0055,45,12,39,18,0,17343.18
2025-11-01,ST018,PR0056,5,43,29,19,0,3374.59
2025-11-01,ST018,PR0057,9,20,17,12,0,2382.72
2025-11-01,ST018,PR0058,55,24,0,79,0,24456.82
2025-11-01,ST018,PR0059,33,55,29,59,0,17527.13
2025-11-01,ST018,PR0060,7,36,26,17,0,6458.13
2025-11-01,ST019,PR0001,5,13,18,0,4,0.0
2025-11-01,ST019,PR0002,55,9,17,47,0,10917.63
2025-11-01,ST019,PR0003,32,13,17,28,0,8729.84
2025-11-01,ST019,PR0004,19,27,7,39,0,13878.93
2025-11-01,ST019,PR0005,28,19,30,17,0,8449.0
2025-11-01,ST019,PR0006,60,51,19,92,0,50358.96
2025-11-01,ST019,PR0007,61,26,0,87,0,57038.94
2025-11-01,ST019,PR0008,27,37,14,50,0,26328.0
2025-11-01,ST019,PR0009,56,12,17,51,0,33804.33
2025-11-01,ST019,PR0010,42,37,14,65,0,39393.9
2025-11-01,ST019,PR0011,13,48,27,34,0,24168.22
2025-11-01,ST019,PR0012,42,45,20,67,0,57365.4
2025-11-01,ST019,PR0013,51,22,25,48,0,35753.76
2025-11-01,ST019,PR0014,6,40,19,27,0,4066.74
2025-11-01,ST019,PR0015,56,43,47,52,0,12510.68
2025-11-01,ST019,PR0016,18,34,16,36,0,10416.96
2025-11-01,ST019,PR0017,45,3,24,24,0,7310.16
2025-11-01,ST019,PR0018,26,35,35,26,0,10716.16
2025-11-01,ST019,PR0019,56,11,14,53,0,27020.46
2025-11-01,ST019,PR0020,9,33,16,26,0,10785.58
2025-11-01,ST019,PR0021,10,48,18,40,0,25465.6
2025-11-01,ST019,PR0022,22,26,35,13,0,8766.42
2025-11-01,ST019,PR0023,48,33,13,68,0,43607.72
2025-11-01,ST019,PR0024,14,9,23,0,6,0.0
2025-11-01,ST019,PR0025,43,16,34,25,0,23453.75
2025-11-01,ST019,PR0026,51,44,7,88,0,70447.52
2025-11-01,ST019,PR0027,9,39,29,19,0,14595.23
2025-11-01,ST019,PR0028,57,47,30,74,0,10648.6
2025-11-01,ST019,PR0029,8,51,30,29,0,7479.97
2025-11-01,ST019,PR0030,32,44,22,54,0,15974.28
2025-11-01,ST019,PR0031,33,42,29,46,0,17567.4
2025-11-01,ST019,PR0032,15,18,31,2,10,867.52
2025-11-01,ST019,PR0033,25,28,21,32,0,14777.6
2025-11-01,ST019,PR0034,20,51,12,59,0,35754.0
2025-11-01,ST019,PR0035,60,14,25,49,0,26593.77
2025-11-01,ST019,PR0036,33,38,30,41,0,26199.41
2025-11-01,ST019,PR0037,41,39,20,60,0,46219.2
2025-11-01,ST019,PR0038,12,47,25,34,0,26326.2
2025-11-01,ST019,PR0039,54,44,26,72,0,65430.72
2025-11-01,ST019,PR0040,55,43,24,74,0,65115.56
2025-11-01,ST019,PR0041,21,38,17,42,0,41302.38
2025-11-01,ST019,PR0042,39,5,9,35,0,4919.25
2025-11-01,ST019,PR0043,14,4,18,0,4,0.0
2025-11-01,ST019,PR0044,9,4,13,0,2,0.0
2025-11-01,ST019,PR0045,10,33,24,19,0,5434.95
2025-11-01,ST019,PR0046,46,49,12,83,0,29659.22
2025-11-01,ST019,PR0047,41,26,24,43,0,16567.47
2025-11-01,ST019,PR0048,41,13,10,44,0,20614.88
2025-11-01,ST019,PR0049,60,22,34,48,0,28764.0
2025-11-01,ST019,PR0050,43,52,31,64,0,38000.0
2025-11-01,ST019,PR0051,16,39,29,26,0,16878.94
2025-11-01,ST019,PR0052,26,12,13,25,0,16435.25
2025-11-01,ST019,PR0053,51,41,41,51,0,37011.21
2025-11-01,ST019,PR0054,31,46,31,46,0,45927.78
2025-11-01,ST019,PR0055,56,7,47,16,0,15416.16
2025-11-01,ST019,PR0056,23,43,33,33,0,5861.13
2025-11-01,ST019,PR0057,39,37,37,39,0,7743.84
2025-11-01,ST019,PR0058,64,49,24,89,0,27552.62
2025-11-01,ST019,PR0059,47,40,41,46,0,13665.22
2025-11-01,ST019,PR0060,6,53,27,32,0,12156.48
2025-11-01,ST020,PR0001,40,30,30,40,0,9586.8
2025-11-01,ST020,PR0002,54,51,13,92,0,21370.68
2025-11-01,ST020,PR0003,12,12,24,0,6,0.0
2025-11-01,ST020,PR0004,42,54,32,64,0,22775.68
2025-11-01,ST020,PR0005,4,54,39,19,0,9443.0
2025-11-01,ST020,PR0006,37,42,29,50,0,27369.0
2025-11-01,ST020,PR0007,60,17,41,36,0,23602.32
2025-11-01,ST020,PR0008,53,13,41,25,0,13164.0
2025-11-01,ST020,PR0009,18,12,27,3,0,1988.49
2025-11-01,ST020,PR0010,32,36,6,62,0,37575.72
2025-11-01,ST020,PR0011,65,44,36,73,0,51890.59
2025-11-01,ST020,PR0012,27,12,18,21,0,17980.2
2025-11-01,ST020,PR0013,15,41,3,53,0,39478.11
2025-11-01,ST020,PR0014,39,27,7,59,0,8886.58
2025-11-01,ST020,PR0015,21,16,33,4,0,962.36
2025-11-01,ST020,PR0016,27,6,33,0,10,0.0
2025-11-01,ST020,PR0017,57,31,34,54,0,16447.86
2025-11-01,ST020,PR0018,62,32,9,85,0,35033.6
2025-11-01,ST020,PR0019,10,22,30,2,8,1019.64
2025-11-01,ST020,PR0020,6,19,21,4,0,1659.32
2025-11-01,ST020,PR0021,39,51,36,54,0,34378.56
2025-11-01,ST020,PR0022,31,22,38,15,0,10115.1
2025-11-01,ST020,PR0023,57,11,19,49,0,31423.21
2025-11-01,ST020,PR0024,9,13,12,10,0,6419.7
2025-11-01,ST020,PR0025,19,12,19,12,0,11257.8
2025-11-01,ST020,PR0026,28,13,16,25,0,20013.5
2025-11-01,ST020,PR0027,47,8,1,54,0,41481.18
2025-11-01,ST020,PR0028,22,2,24,0,11,0.0
2025-11-01,ST020,PR0029,56,38,16,78,0,20118.54
2025-11-01,ST020,PR0030,4,44,4,44,0,13016.08
2025-11-01,ST020,PR0031,65,52,4,113,0,43154.7
2025-11-01,ST020,PR0032,44,35,34,45,0,19519.2
2025-11-01,ST020,PR0033,5,38,29,14,0,6465.2
2025-11-01,ST020,PR0034,27,54,0,81,0,49086.0
2025-11-01,ST020,PR0035,16,46,24,38,0,20623.74
2025-11-01,ST020,PR0036,49,19,13,55,0,35145.55
2025-11-01,ST020,PR0037,26,24,17,33,0,25420.56
2025-11-01,ST020,PR0038,46,55,14,87,0,67364.1
2025-11-01,ST020,PR0039,47,40,19,68,0,61795.68
2025-11-01,ST020,PR0040,61,33,22,72,0,63355.68
2025-11-01,ST020,PR0041,11,50,0,61,0,59986.79
2025-11-01,ST020,PR0042,64,9,14,59,0,8292.45
2025-11-01,ST020,PR0043,9,44,36,17,0,3460.18
2025-11-01,ST020,PR0044,42,37,12,67,0,17507.77
2025-11-01,ST020,PR0045,64,53,23,94,0,26888.7
2025-11-01,ST020,PR0046,48,8,43,13,0,4645.42
2025-11-01,ST020,PR0047,41,32,29,44,0,16952.76
2025-11-01,ST020,PR0048,57,7,28,36,0,16866.72
2025-11-01,ST020,PR0049,7,44,37,14,0,8389.5
2025-11-01,ST020,PR0050,41,36,12,65,0,38593.75
2025-11-01,ST020,PR0051,51,50,16,85,0,55181.15
2025-11-01,ST020,PR0052,49,23,30,42,0,27611.22
2025-11-01,ST020,PR0053,16,10,26,0,8,0.0
2025-11-01,ST020,PR0054,51,54,24,81,0,80872.83
2025-11-01,ST020,PR0055,54,11,19,46,0,44321.46
2025-11-01,ST020,PR0056,61,26,2,85,0,15096.85
2025-11-01,ST020,PR0057,19,4,13,10,0,1985.6
2025-11-01,ST020,PR0058,50,8,12,46,0,14240.68
2025-11-01,ST020,PR0059,12,24,36,0,6,0.0
2025-11-01,ST020,PR0060,33,1,31,3,0,1139.67
2025-11-01,ST021,PR0001,46,50,3,93,0,22289.31
2025-11-01,ST021,PR0002,18,23,25,16,0,3716.64
2025-11-01,ST021,PR0003,57,29,51,35,0,10912.3
2025-11-01,ST021,PR0004,21,31,27,25,0,8896.75
2025-11-01,ST021,PR0005,11,44,17,38,0,18886.0
2025-11-01,ST021,PR0006,60,15,45,30,0,16421.4
2025-11-01,ST021,PR0007,61,22,28,55,0,36059.1
2025-11-01,ST021,PR0008,34,32,7,59,0,31067.04
2025-11-01,ST021,PR0009,7,42,21,28,0,18559.24
2025-11-01,ST021,PR0010,64,17,51,30,0,18181.8
2025-11-01,ST021,PR0011,20,29,7,42,0,29854.86
2025-11-01,ST021,PR0012,44,31,20,55,0,47091.0
2025-11-01,ST021,PR0013,43,54,21,76,0,56610.12
2025-11-01,ST021,PR0014,47,52,39,60,0,9037.2
2025-11-01,ST021,PR0015,46,24,32,38,0,9142.42
2025-11-01,ST021,PR0016,35,18,23,30,0,8680.8
2025-11-01,ST021,PR0017,56,25,30,51,0,15534.09
2025-11-01,ST021,PR0018,39,13,35,17,0,7006.72
2025-11-01,ST021,PR0019,50,55,23,82,0,41805.24
2025-11-01,ST021,PR0020,64,42,0,106,0,43971.98
2025-11-01,ST021,PR0021,55,48,16,87,0,55387.68
2025-11-01,ST021,PR0022,64,45,14,95,0,64062.3
2025-11-01,ST021,PR0023,23,16,2,37,0,23727.73
2025-11-01,ST021,PR0024,52,27,14,65,0,41728.05
2025-11-01,ST021,PR0025,46,40,15,71,0,66608.65
2025-11-01,ST021,PR0026,28,52,14,66,0,52835.64
2025-11-01,ST021,PR0027,53,34,13,74,0,56844.58
2025-11-01,ST021,PR0028,51,25,21,55,0,7914.5
2025-11-01,ST021,PR0029,54,50,16,88,0,22697.84
2025-11-01,ST021,PR0030,8,24,26,6,0,1774.92
2025-11-01,ST021,PR0031,20,39,9,50,0,19095.0
2025-11-01,ST021,PR0032,64,10,18,56,0,24290.56
2025-11-01,ST021,PR0033,15,9,13,11,0,5079.8
2025-11-01,ST021,PR0034,20,48,21,47,0,28482.0
2025-11-01,ST021,PR0035,65,40,11,94,0,51016.62
2025-11-01,ST021,PR0036,4,13,17,0,4,0.0
2025-11-01,ST021,PR0037,16,7,13,10,0,7703.2
2025-11-01,ST021,PR0038,13,54,19,48,0,37166.4
2025-11-01,ST021,PR0039,48,10,13,45,0,40894.2
2025-11-01,ST021,PR0040,63,4,29,38,0,33437.72
2025-11-01,ST021,PR0041,47,18,17,48,0,47202.72
2025-11-01,ST021,PR0042,49,24,0,73,0,10260.15
2025-11-01,ST021,PR0043,40,5,15,30,0,6106.2
2025-11-01,ST021,PR0044,54,55,14,95,0,24824.45
2025-11-01,ST021,PR0045,14,55,45,24,0,6865.2
2025-11-01,ST021,PR0046,30,4,23,11,0,3930.74
2025-11-01,ST021,PR0047,56,4,22,38,0,14641.02
2025-11-01,ST021,PR0048,45,7,38,14,0,6559.28
2025-11-01,ST021,PR0049,62,52,24,90,0,53932.5
2025-11-01,ST021,PR0050,51,38,39,50,0,29687.5
2025-11-01,ST021,PR0051,19,4,0,23,0,14931.37
2025-11-01,ST021,PR0052,14,26,29,11,0,7231.51
2025-11-01,ST021,PR0053,13,14,15,12,0,8708.52
2025-11-01,ST021,PR0054,51,37,21,67,0,66894.81
2025-11-01,ST021,PR0055,10,44,19,35,0,33722.85
2025-11-01,ST021,PR0056,27,24,39,12,0,2131.32
2025-11-01,ST021,PR0057,37,27,23,41,0,8140.96
2025-11-01,ST021,PR0058,59,51,28,82,0,25385.56
2025-11-01,ST021,PR0059,57,41,15,83,0,24656.81
2025-11-01,ST021,PR0060,50,14,23,41,0,15575.49
2025-11-01,ST022,PR0001,19,31,42,8,0,1917.36
2025-11-01,ST022,PR0002,22,28,8,42,0,9756.18
2025-11-01,ST022,PR0003,52,20,32,40,0,12471.2
2025-11-01,ST022,PR0004,50,43,19,74,0,26334.38
2025-11-01,ST022,PR0005,54,13,3,64,0,31808.0
2025-11-01,ST022,PR0006,48,31,17,62,0,33937.56
2025-11-01,ST022,PR0007,59,33,33,59,0,38681.58
2025-11-01,ST022,PR0008,60,53,29,84,0,44231.04
2025-11-01,ST022,PR0009,61,12,24,49,0,32478.67
2025-11-01,ST022,PR0010,6,7,13,0,3,0.0
2025-11-01,ST022,PR0011,27,45,14,58,0,41228.14
2025-11-01,ST022,PR0012,56,31,35,52,0,44522.4
2025-11-01,ST022,PR0013,22,17,30,9,0,6703.83
2025-11-01,ST022,PR0014,62,49,33,78,0,11748.36
2025-11-01,ST022,PR0015,49,10,29,30,0,7217.7
2025-11-01,ST022,PR0016,21,30,22,29,0,8391.44
2025-11-01,ST022,PR0017,22,45,24,43,0,13097.37
2025-11-01,ST022,PR0018,51,13,26,38,0,15662.08
2025-11-01,ST022,PR0019,36,22,30,28,0,14274.96
2025-11-01,ST022,PR0020,7,29,36,0,6,0.0
2025-11-01,ST022,PR0021,65,0,12,53,0,33741.92
2025-11-01,ST022,PR0022,52,19,24,47,0,31693.98
2025-11-01,ST022,PR0023,10,15,25,0,12,0.0
2025-11-01,ST022,PR0024,35,41,20,56,0,35950.32
2025-11-01,ST022,PR0025,15,5,8,12,0,11257.8
2025-11-01,ST022,PR0026,48,30,16,62,0,49633.48
2025-11-01,ST022,PR0027,16,39,6,49,0,37640.33
2025-11-01,ST022,PR0028,48,45,43,50,0,7195.0
2025-11-01,ST022,PR0029,13,45,25,33,0,8511.69
2025-11-01,ST022,PR0030,25,19,39,5,0,1479.1
2025-11-01,ST022,PR0031,47,39,24,62,0,23677.8
2025-11-01,ST022,PR0032,45,27,14,58,0,25158.08
2025-11-01,ST022,PR0033,36,7,7,36,0,16624.8
2025-11-01,ST022,PR0034,61,5,16,50,0,30300.0
2025-11-01,ST022,PR0035,43,8,34,17,0,9226.41
2025-11-01,ST022,PR0036,49,34,41,42,0,26838.42
2025-11-01,ST022,PR0037,62,42,0,104,0,80113.28
2025-11-01,ST022,PR0038,10,9,13,6,0,4645.8
2025-11-01,ST022,PR0039,30,18,13,35,0,31806.6
2025-11-01,ST022,PR0040,64,21,5,80,0,70395.2
2025-11-01,ST022,PR0041,35,11,12,34,0,33435.26
2025-11-01,ST022,PR0042,52,22,20,54,0,7589.7
2025-11-01,ST022,PR0043,12,24,34,2,11,407.08
2025-11-01,ST022,PR0044,49,27,0,76,0,19859.56
2025-11-01,ST022,PR0045,60,37,38,59,0,16876.95
2025-11-01,ST022,PR0046,35,30,19,46,0,16437.64
2025-11-01,ST022,PR0047,28,28,5,51,0,19649.79
2025-11-01,ST022,PR0048,44,49,31,62,0,29048.24
2025-11-01,ST022,PR0049,20,6,19,7,0,4194.75
2025-11-01,ST022,PR0050,30,21,20,31,0,18406.25
2025-11-01,ST022,PR0051,26,11,36,1,8,649.19
2025-11-01,ST022,PR0052,58,5,0,63,0,41416.83
2025-11-01,ST022,PR0053,59,45,28,76,0,55153.96
2025-11-01,ST022,PR0054,27,8,9,26,0,25959.18
2025-11-01,ST022,PR0055,37,2,18,21,0,20233.71
2025-11-01,ST022,PR0056,52,6,22,36,0,6393.96
2025-11-01,ST022,PR0057,59,18,5,72,0,14296.32
2025-11-01,ST022,PR0058,10,34,34,10,0,3095.8
2025-11-01,ST022,PR0059,25,4,12,17,0,5050.19
2025-11-01,ST022,PR0060,47,38,16,69,0,26212.41
2025-11-01,ST023,PR0001,14,24,31,7,0,1677.69
2025-11-01,ST023,PR0002,54,40,19,75,0,17421.75
2025-11-01,ST023,PR0003,21,15,18,18,0,5612.04
2025-11-01,ST023,PR0004,31,11,28,14,0,4982.18
2025-11-01,ST023,PR0005,17,30,42,5,0,2485.0
2025-11-01,ST023,PR0006,6,2,8,0,5,0.0
2025-11-01,ST023,PR0007,24,36,19,41,0,26880.42
2025-11-01,ST023,PR0008,21,40,14,47,0,24748.32
2025-11-01,ST023,PR0009,60,0,30,30,0,19884.9
2025-11-01,ST023,PR0010,50,48,12,86,0,52121.16
2025-11-01,ST023,PR0011,8,45,7,46,0,32698.18
2025-11-01,ST023,PR0012,47,50,13,84,0,71920.8
2025-11-01,ST023,PR0013,20,1,21,0,5,0.0
2025-11-01,ST023,PR0014,18,46,8,56,0,8434.72
2025-11-01,ST023,PR0015,43,47,24,66,0,15878.94
2025-11-01,ST023,PR0016,28,0,23,5,0,1446.8
2025-11-01,ST023,PR0017,51,51,11,91,0,27717.69
2025-11-01,ST023,PR0018,34,16,11,39,0,16074.24
2025-11-01,ST023,PR0019,32,34,24,42,0,21412.44
2025-11-01,ST023,PR0020,14,44,28,30,0,12444.9
2025-11-01,ST023,PR0021,46,41,23,64,0,40744.96
2025-11-01,ST023,PR0022,50,15,11,54,0,36414.36
2025-11-01,ST023,PR0023,25,1,26,0,5,0.0
2025-11-01,ST023,PR0024,17,20,22,15,0,9629.55
2025-11-01,ST023,PR0025,61,18,24,55,0,51598.25
2025-11-01,ST023,PR0026,24,55,14,65,0,52035.1
2025-11-01,ST023,PR0027,63,4,13,54,0,41481.18
2025-11-01,ST023,PR0028,35,14,3,46,0,6619.4
2025-11-01,ST023,PR0029,43,35,14,64,0,16507.52
2025-11-01,ST023,PR0030,30,14,22,22,0,6508.04
2025-11-01,ST023,PR0031,30,52,15,67,0,25587.3
2025-11-01,ST023,PR0032,28,21,6,43,0,18651.68
2025-11-01,ST023,PR0033,24,44,7,61,0,28169.8
2025-11-01,ST023,PR0034,58,48,24,82,0,49692.0
2025-11-01,ST023,PR0035,35,6,32,9,0,4884.57
2025-11-01,ST023,PR0036,28,48,44,32,0,20448.32
2025-11-01,ST023,PR0037,32,16,17,31,0,23879.92
2025-11-01,ST023,PR0038,17,36,25,28,0,21680.4
2025-11-01,ST023,PR0039,32,27,24,35,0,31806.6
2025-11-01,ST023,PR0040,38,4,23,19,0,16718.86
2025-11-01,ST023,PR0041,25,18,1,42,0,41302.38
2025-11-01,ST023,PR0042,29,23,19,33,0,4638.15
2025-11-01,ST023,PR0043,44,54,7,91,0,18522.14
2025-11-01,ST023,PR0044,12,16,27,1,3,261.31
2025-11-01,ST023,PR0045,42,34,18,58,0,16590.9
2025-11-01,ST023,PR0046,51,23,8,66,0,23584.44
2025-11-01,ST023,PR0047,42,20,30,32,0,12329.28
2025-11-01,ST023,PR0048,19,36,27,28,0,13118.56
2025-11-01,ST023,PR0049,14,15,29,0,3,0.0
2025-11-01,ST023,PR0050,61,53,26,88,0,52250.0
2025-11-01,ST023,PR0051,21,39,33,27,0,17528.13
2025-11-01,ST023,PR0052,64,28,28,64,0,42074.24
2025-11-01,ST023,PR0053,63,10,56,17,0,12337.07
2025-11-01,ST023,PR0054,33,49,20,62,0,61902.66
2025-11-01,ST023,PR0055,61,46,29,78,0,75153.78
2025-11-01,ST023,PR0056,5,2,7,0,8,0.0
2025-11-01,ST023,PR0057,12,53,10,55,0,10920.8
2025-11-01,ST023,PR0058,11,11,22,0,6,0.0
2025-11-01,ST023,PR0059,53,23,0,76,0,22577.32
2025-11-01,ST023,PR0060,35,44,18,61,0,23173.29
2025-11-01,ST024,PR0001,15,22,13,24,0,5752.08
2025-11-01,ST024,PR0002,23,28,38,13,0,3019.77
2025-11-01,ST024,PR0003,36,35,22,49,0,15277.22
2025-11-01,ST024,PR0004,13,0,13,0,5,0.0
2025-11-01,ST024,PR0005,52,39,26,65,0,32305.0
2025-11-01,ST024,PR0006,54,24,19,59,0,32295.42
2025-11-01,ST024,PR0007,23,50,23,50,0,32781.0
2025-11-01,ST024,PR0008,50,11,30,31,0,16323.36
2025-11-01,ST024,PR0009,4,10,14,0,6,0.0
2025-11-01,ST024,PR0010,52,35,0,87,0,52727.22
2025-11-01,ST024,PR0011,49,31,38,42,0,29854.86
2025-11-01,ST024,PR0012,58,49,13,94,0,80482.8
2025-11-01,ST024,PR0013,20,26,7,39,0,29049.93
2025-11-01,ST024,PR0014,49,44,22,71,0,10694.02
2025-11-01,ST024,PR0015,25,36,25,36,0,8661.24
2025-11-01,ST024,PR0016,36,39,10,65,0,18808.4
2025-11-01,ST024,PR0017,44,32,31,45,0,13706.55
2025-11-01,ST024,PR0018,18,44,23,39,0,16074.24
2025-11-01,ST024,PR0019,33,47,0,80,0,40785.6
2025-11-01,ST024,PR0020,62,46,35,73,0,30282.59
2025-11-01,ST024,PR0021,56,8,19,45,0,28648.8
2025-11-01,ST024,PR0022,24,10,22,12,0,8092.08
2025-11-01,ST024,PR0023,45,38,22,61,0,39118.69
2025-11-01,ST024,PR0024,30,9,13,26,0,16691.22
2025-11-01,ST024,PR0025,17,37,23,31,0,29082.65
2025-11-01,ST024,PR0026,30,32,19,43,0,34423.22
2025-11-01,ST024,PR0027,50,48,25,73,0,56076.41
2025-11-01,ST024,PR0028,64,19,39,44,0,6331.6
2025-11-01,ST024,PR0029,14,12,26,0,5,0.0
2025-11-01,ST024,PR0030,42,8,24,26,0,7691.32
2025-11-01,ST024,PR0031,27,10,32,5,0,1909.5
2025-11-01,ST024,PR0032,38,20,30,28,0,12145.28
2025-11-01,ST024,PR0033,11,3,14,0,9,0.0
2025-11-01,ST024,PR0034,4,43,24,23,0,13938.0
2025-11-01,ST024,PR0035,53,49,22,80,0,43418.4
2025-11-01,ST024,PR0036,55,51,29,77,0,49203.77
2025-11-01,ST024,PR0037,59,28,24,63,0,48530.16
2025-11-01,ST024,PR0038,25,21,35,11,0,8517.3
2025-11-01,ST024,PR0039,50,33,37,46,0,41802.96
2025-11-01,ST024,PR0040,39,37,17,59,0,51916.46
2025-11-01,ST024,PR0041,20,48,4,64,0,62936.96
2025-11-01,ST024,PR0042,28,31,14,45,0,6324.75
2025-11-01,ST024,PR0043,51,44,8,87,0,17707.98
2025-11-01,ST024,PR0044,43,16,15,44,0,11497.64
2025-11-01,ST024,PR0045,42,29,5,66,0,18879.3
2025-11-01,ST024,PR0046,33,49,17,65,0,23227.1
2025-11-01,ST024,PR0047,25,16,22,19,0,7320.51
2025-11-01,ST024,PR0048,60,31,24,67,0,31390.84
2025-11-01,ST024,PR0049,42,20,17,45,0,26966.25
2025-11-01,ST024,PR0050,60,25,23,62,0,36812.5
2025-11-01,ST024,PR0051,16,2,14,4,0,2596.76
2025-11-01,ST024,PR0052,9,28,0,37,0,24324.17
2025-11-01,ST024,PR0053,16,47,25,38,0,27576.98
2025-11-01,ST024,PR0054,5,0,5,0,6,0.0
2025-11-01,ST024,PR0055,44,50,29,65,0,62628.15
2025-11-01,ST024,PR0056,61,42,56,47,0,8347.67
2025-11-01,ST024,PR0057,25,26,19,32,0,6353.92
2025-11-01,ST024,PR0058,50,55,35,70,0,21670.6
2025-11-01,ST024,PR0059,32,5,24,13,0,3861.91
2025-11-01,ST024,PR0060,31,14,32,13,0,4938.57
2025-12-01,ST001,PR0001,47,4,31,20,0,4793.4
2025-12-01,ST001,PR0002,13,53,37,29,0,6736.41
2025-12-01,ST001,PR0003,62,42,27,77,0,24007.06
2025-12-01,ST001,PR0004,40,33,19,54,0,19216.98
2025-12-01,ST001,PR0005,49,34,24,59,0,29323.0
2025-12-01,ST001,PR0006,14,18,28,4,0,2189.52
2025-12-01,ST001,PR0007,19,5,24,0,5,0.0
2025-12-01,ST001,PR0008,36,5,0,41,0,21588.96
2025-12-01,ST001,PR0009,44,51,21,74,0,49049.42
2025-12-01,ST001,PR0010,22,22,18,26,0,15757.56
2025-12-01,ST001,PR0011,27,17,1,43,0,30565.69
2025-12-01,ST001,PR0012,20,17,14,23,0,19692.6
2025-12-01,ST001,PR0013,35,24,23,36,0,26815.32
2025-12-01,ST001,PR0014,57,53,25,85,0,12802.7
2025-12-01,ST001,PR0015,27,11,11,27,0,6495.93
2025-12-01,ST001,PR0016,59,2,24,37,0,10706.32
2025-12-01,ST001,PR0017,16,33,1,48,0,14620.32
2025-12-01,ST001,PR0018,19,16,18,17,0,7006.72
2025-12-01,ST001,PR0019,33,16,9,40,0,20392.8
2025-12-01,ST001,PR0020,47,5,33,19,0,7881.77
2025-12-01,ST001,PR0021,33,9,1,41,0,26102.24
2025-12-01,ST001,PR0022,65,34,20,79,0,53272.86
2025-12-01,ST001,PR0023,62,29,13,78,0,50020.62
2025-12-01,ST001,PR0024,27,34,36,25,0,16049.25
2025-12-01,ST001,PR0025,41,50,9,82,0,76928.3
2025-12-01,ST001,PR0026,54,49,36,67,0,53636.18
2025-12-01,ST001,PR0027,8,10,18,0,10,0.0
2025-12-01,ST001,PR0028,43,18,15,46,0,6619.4
2025-12-01,ST001,PR0029,64,15,34,45,0,11606.85
2025-12-01,ST001,PR0030,31,0,14,17,0,5028.94
2025-12-01,ST001,PR0031,23,33,22,34,0,12984.6
2025-12-01,ST001,PR0032,22,31,34,19,0,8241.44
2025-12-01,ST001,PR0033,51,2,22,31,0,14315.8
2025-12-01,ST001,PR0034,37,25,14,48,0,29088.0
2025-12-01,ST001,PR0035,30,27,26,31,0,16824.63
2025-12-01,ST001,PR0036,60,45,22,83,0,53037.83
2025-12-01,ST001,PR0037,22,11,0,33,0,25420.56
2025-12-01,ST001,PR0038,15,31,26,20,0,15486.0
2025-12-01,ST001,PR0039,33,7,40,0,5,0.0
2025-12-01,ST001,PR0040,43,10,18,35,0,30797.9
2025-12-01,ST001,PR0041,36,44,13,67,0,65887.13
2025-12-01,ST001,PR0042,35,36,48,23,0,3232.65
2025-12-01,ST001,PR0043,34,32,12,54,0,10991.16
2025-12-01,ST001,PR0044,50,4,22,32,0,8361.92
2025-12-01,ST001,PR0045,54,8,9,53,0,15160.65
2025-12-01,ST001,PR0046,49,5,32,22,0,7861.48
2025-12-01,ST001,PR0047,56,20,36,40,0,15411.6
2025-12-01,ST001,PR0048,37,14,18,33,0,15461.16
2025-12-01,ST001,PR0049,18,3,12,9,0,5393.25
2025-12-01,ST001,PR0050,19,26,34,11,0,6531.25
2025-12-01,ST001,PR0051,40,40,27,53,0,34407.07
2025-12-01,ST001,PR0052,6,22,17,11,0,7231.51
2025-12-01,ST001,PR0053,39,39,18,60,0,43542.6
2025-12-01,ST001,PR0054,16,41,18,39,0,38938.77
2025-12-01,ST001,PR0055,29,41,53,17,0,16379.67
2025-12-01,ST001,PR0056,38,6,30,14,0,2486.54
2025-12-01,ST001,PR0057,50,24,39,35,0,6949.6
2025-12-01,ST001,PR0058,64,28,39,53,0,16407.74
2025-12-01,ST001,PR0059,40,19,27,32,0,9506.24
2025-12-01,ST001,PR0060,7,45,27,25,0,9497.25
2025-12-01,ST002,PR0001,5,49,19,35,0,8388.45
2025-12-01,ST002,PR0002,21,51,32,40,0,9291.6
2025-12-01,ST002,PR0003,6,18,24,0,2,0.0
2025-12-01,ST002,PR0004,12,18,19,11,0,3914.57
2025-12-01,ST002,PR0005,31,0,15,16,0,7952.0
2025-12-01,ST002,PR0006,22,52,0,74,0,40506.12
2025-12-01,ST002,PR0007,29,6,24,11,0,7211.82
2025-12-01,ST002,PR0008,34,20,30,24,0,12637.44
2025-12-01,ST002,PR0009,12,22,17,17,0,11268.11
2025-12-01,ST002,PR0010,10,16,15,11,0,6666.66
2025-12-01,ST002,PR0011,54,51,57,48,0,34119.84
2025-12-01,ST002,PR0012,48,18,33,33,0,28254.6
2025-12-01,ST002,PR0013,17,47,8,56,0,41712.72
2025-12-01,ST002,PR0014,60,36,26,70,0,10543.4
2025-12-01,ST002,PR0015,8,51,13,46,0,11067.14
2025-12-01,ST002,PR0016,60,30,26,64,0,18519.04
2025-12-01,ST002,PR0017,19,16,29,6,0,1827.54
2025-12-01,ST002,PR0018,52,37,0,89,0,36682.24
2025-12-01,ST002,PR0019,17,1,18,0,10,0.0
2025-12-01,ST002,PR0020,51,2,3,50,0,20741.5
2025-12-01,ST002,PR0021,43,17,21,39,0,24828.96
2025-12-01,ST002,PR0022,17,16,33,0,3,0.0
2025-12-01,ST002,PR0023,60,2,20,42,0,26934.18
2025-12-01,ST002,PR0024,51,38,38,51,0,32740.47
2025-12-01,ST002,PR0025,54,48,27,75,0,70361.25
2025-12-01,ST002,PR0026,63,27,17,73,0,58439.42
2025-12-01,ST002,PR0027,39,53,9,83,0,63758.11
2025-12-01,ST002,PR0028,51,45,9,87,0,12519.3
2025-12-01,ST002,PR0029,8,5,13,0,7,0.0
2025-12-01,ST002,PR0030,29,31,20,40,0,11832.8
2025-12-01,ST002,PR0031,33,55,11,77,0,29406.3
2025-12-01,ST002,PR0032,9,52,42,19,0,8241.44
2025-12-01,ST002,PR0033,49,19,15,53,0,24475.4
2025-12-01,ST002,PR0034,18,11,11,18,0,10908.0
2025-12-01,ST002,PR0035,27,45,19,53,0,28764.69
2025-12-01,ST002,PR0036,43,48,9,82,0,52398.82
2025-12-01,ST002,PR0037,39,38,6,71,0,54692.72
2025-12-01,ST002,PR0038,10,34,36,8,0,6194.4
2025-12-01,ST002,PR0039,21,41,31,31,0,28171.56
2025-12-01,ST002,PR0040,26,33,27,32,0,28158.08
2025-12-01,ST002,PR0041,36,4,32,8,0,7867.12
2025-12-01,ST002,PR0042,48,7,6,49,0,6886.95
2025-12-01,ST002,PR0043,55,46,35,66,0,13433.64
2025-12-01,ST002,PR0044,26,29,35,20,0,5226.2
2025-12-01,ST002,PR0045,31,28,32,27,0,7723.35
2025-12-01,ST002,PR0046,42,37,20,59,0,21083.06
2025-12-01,ST002,PR0047,33,27,30,30,0,11558.7
2025-12-01,ST002,PR0048,43,50,39,54,0,25300.08
2025-12-01,ST002,PR0049,21,18,39,0,7,0.0
2025-12-01,ST002,PR0050,40,3,41,2,12,1187.5
2025-12-01,ST002,PR0051,28,28,28,28,0,18177.32
2025-12-01,ST002,PR0052,62,40,5,97,0,63768.77
2025-12-01,ST002,PR0053,34,21,9,46,0,33382.66
2025-12-01,ST002,PR0054,36,8,28,16,0,15974.88
2025-12-01,ST002,PR0055,18,37,19,36,0,34686.36
2025-12-01,ST002,PR0056,63,26,16,73,0,12965.53
2025-12-01,ST002,PR0057,21,24,0,45,0,8935.2
2025-12-01,ST002,PR0058,65,54,13,106,0,32815.48
2025-12-01,ST002,PR0059,47,52,17,82,0,24359.74
2025-12-01,ST002,PR0060,40,30,16,54,0,20514.06
2025-12-01,ST003,PR0001,58,25,25,58,0,13900.86
2025-12-01,ST003,PR0002,54,20,22,52,0,12079.08
2025-12-01,ST003,PR0003,6,22,5,23,0,7170.94
2025-12-01,ST003,PR0004,37,41,26,52,0,18505.24
2025-12-01,ST003,PR0005,13,39,42,10,0,4970.0
2025-12-01,ST003,PR0006,11,48,35,24,0,13137.12
2025-12-01,ST003,PR0007,41,14,23,32,0,20979.84
2025-12-01,ST003,PR0008,9,14,21,2,4,1053.12
2025-12-01,ST003,PR0009,42,44,22,64,0,42421.12
2025-12-01,ST003,PR0010,18,50,15,53,0,32121.18
2025-12-01,ST003,PR0011,29,13,30,12,0,8529.96
2025-12-01,ST003,PR0012,23,1,24,0,11,0.0
2025-12-01,ST003,PR0013,37,47,1,83,0,61824.21
2025-12-01,ST003,PR0014,19,6,25,0,10,0.0
2025-12-01,ST003,PR0015,15,14,10,19,0,4571.21
2025-12-01,ST003,PR0016,25,6,31,0,2,0.0
2025-12-01,ST003,PR0017,64,27,30,61,0,18579.99
2025-12-01,ST003,PR0018,23,11,12,22,0,9067.52
2025-12-01,ST003,PR0019,17,16,8,25,0,12745.5
2025-12-01,ST003,PR0020,14,14,14,14,0,5807.62
2025-12-01,ST003,PR0021,58,20,40,38,0,24192.32
2025-12-01,ST003,PR0022,62,27,41,48,0,32368.32
2025-12-01,ST003,PR0023,61,27,32,56,0,35912.24
2025-12-01,ST003,PR0024,55,51,20,86,0,55209.42
2025-12-01,ST003,PR0025,5,48,15,38,0,35649.7
2025-12-01,ST003,PR0026,47,33,31,49,0,39226.46
2025-12-01,ST003,PR0027,30,37,10,57,0,43785.69
2025-12-01,ST003,PR0028,62,48,23,87,0,12519.3
2025-12-01,ST003,PR0029,20,20,9,31,0,7995.83
2025-12-01,ST003,PR0030,65,53,16,102,0,30173.64
2025-12-01,ST003,PR0031,8,34,8,34,0,12984.6
2025-12-01,ST003,PR0032,23,14,7,30,0,13012.8
2025-12-01,ST003,PR0033,32,44,16,60,0,27708.0
2025-12-01,ST003,PR0034,8,42,47,3,0,1818.0
2025-12-01,ST003,PR0035,42,54,37,59,0,32021.07
2025-12-01,ST003,PR0036,34,45,31,48,0,30672.48
2025-12-01,ST003,PR0037,40,3,22,21,0,16176.72
2025-12-01,ST003,PR0038,53,5,39,19,0,14711.7
2025-12-01,ST003,PR0039,27,33,4,56,0,50890.56
2025-12-01,ST003,PR0040,9,4,13,0,6,0.0
2025-12-01,ST003,PR0041,17,5,18,4,0,3933.56
2025-12-01,ST003,PR0042,55,7,26,36,0,5059.8
2025-12-01,ST003,PR0043,4,6,10,0,7,0.0
2025-12-01,ST003,PR0044,65,28,16,77,0,20120.87
2025-12-01,ST003,PR0045,50,17,2,65,0,18593.25
2025-12-01,ST003,PR0046,63,53,29,87,0,31088.58
2025-12-01,ST003,PR0047,12,38,31,19,0,7320.51
2025-12-01,ST003,PR0048,4,36,18,22,0,10307.44
2025-12-01,ST003,PR0049,25,41,14,52,0,31161.0
2025-12-01,ST003,PR0050,10,2,12,0,5,0.0
2025-12-01,ST003,PR0051,51,31,27,55,0,35705.45
2025-12-01,ST003,PR0052,18,2,20,0,10,0.0
2025-12-01,ST003,PR0053,59,38,35,62,0,44994.02
2025-12-01,ST003,PR0054,12,14,9,17,0,16973.31
2025-12-01,ST003,PR0055,29,32,29,32,0,30832.32
2025-12-01,ST003,PR0056,50,35,25,60,0,10656.6
2025-12-01,ST003,PR0057,31,40,31,40,0,7942.4
2025-12-01,ST003,PR0058,15,13,28,0,11,0.0
2025-12-01,ST003,PR0059,6,5,6,5,0,1485.35
2025-12-01,ST003,PR0060,45,32,13,64,0,24312.96
2025-12-01,ST004,PR0001,34,5,32,7,0,1677.69
2025-12-01,ST004,PR0002,60,55,19,96,0,22299.84
2025-12-01,ST004,PR0003,47,16,40,23,0,7170.94
2025-12-01,ST004,PR0004,50,3,28,25,0,8896.75
2025-12-01,ST004,PR0005,62,32,27,67,0,33299.0
2025-12-01,ST004,PR0006,21,46,22,45,0,24632.1
2025-12-01,ST004,PR0007,45,34,18,61,0,39992.82
2025-12-01,ST004,PR0008,55,29,16,68,0,35806.08
2025-12-01,ST004,PR0009,52,54,8,98,0,64957.34
2025-12-01,ST004,PR0010,35,50,24,61,0,36969.66
2025-12-01,ST004,PR0011,18,36,41,13,0,9240.79
2025-12-01,ST004,PR0012,50,31,20,61,0,52228.2
2025-12-01,ST004,PR0013,42,44,31,55,0,40967.85
2025-12-01,ST004,PR0014,26,44,26,44,0,6627.28
2025-12-01,ST004,PR0015,44,36,17,63,0,15157.17
2025-12-01,ST004,PR0016,45,43,45,43,0,12442.48
2025-12-01,ST004,PR0017,54,9,27,36,0,10965.24
2025-12-01,ST004,PR0018,56,26,47,35,0,14425.6
2025-12-01,ST004,PR0019,9,38,29,18,0,9176.76
2025-12-01,ST004,PR0020,54,23,34,43,0,17837.69
2025-12-01,ST004,PR0021,62,0,7,55,0,35015.2
2025-12-01,ST004,PR0022,22,50,4,68,0,45855.12
2025-12-01,ST004,PR0023,47,48,39,56,0,35912.24
2025-12-01,ST004,PR0024,13,6,16,3,0,1925.91
2025-12-01,ST004,PR0025,27,1,28,0,9,0.0
2025-12-01,ST004,PR0026,32,16,30,18,0,14409.72
2025-12-01,ST004,PR0027,32,1,33,0,11,0.0
2025-12-01,ST004,PR0028,55,52,4,103,0,14821.7
2025-12-01,ST004,PR0029,37,6,14,29,0,7479.97
2025-12-01,ST004,PR0030,52,8,18,42,0,12424.44
2025-12-01,ST004,PR0031,28,24,39,13,0,4964.7
2025-12-01,ST004,PR0032,35,12,3,44,0,19085.44
2025-12-01,ST004,PR0033,45,33,22,56,0,25860.8
2025-12-01,ST004,PR0034,29,55,13,71,0,43026.0
2025-12-01,ST004,PR0035,62,44,9,97,0,52644.81
2025-12-01,ST004,PR0036,11,1,12,0,6,0.0
2025-12-01,ST004,PR0037,38,29,0,67,0,51611.44
2025-12-01,ST004,PR0038,12,38,19,31,0,24003.3
2025-12-01,ST004,PR0039,14,14,28,0,9,0.0
2025-12-01,ST004,PR0040,52,42,18,76,0,66875.44
2025-12-01,ST004,PR0041,32,51,32,51,0,50152.89
2025-12-01,ST004,PR0042,8,55,22,41,0,5762.55
2025-12-01,ST004,PR0043,43,54,36,61,0,12415.94
2025-12-01,ST004,PR0044,4,35,19,20,0,5226.2
2025-12-01,ST004,PR0045,9,54,37,26,0,7437.3
2025-12-01,ST004,PR0046,52,16,34,34,0,12149.56
2025-12-01,ST004,PR0047,22,35,6,51,0,19649.79
2025-12-01,ST004,PR0048,49,11,22,38,0,17803.76
2025-12-01,ST004,PR0049,40,45,35,50,0,29962.5
2025-12-01,ST004,PR0050,43,35,25,53,0,31468.75
2025-12-01,ST004,PR0051,16,0,16,0,4,0.0
2025-12-01,ST004,PR0052,58,28,23,63,0,41416.83
2025-12-01,ST004,PR0053,7,19,26,0,12,0.0
2025-12-01,ST004,PR0054,46,6,25,27,0,26957.61
2025-12-01,ST004,PR0055,47,5,45,7,0,6744.57
2025-12-01,ST004,PR0056,40,35,18,57,0,10123.77
2025-12-01,ST004,PR0057,8,26,28,6,0,1191.36
2025-12-01,ST004,PR0058,41,0,27,14,0,4334.12
2025-12-01,ST004,PR0059,35,23,25,33,0,9803.31
2025-12-01,ST004,PR0060,41,7,19,29,0,11016.81
2025-12-01,ST005,PR0001,22,21,8,35,0,8388.45
2025-12-01,ST005,PR0002,21,34,11,44,0,10220.76
2025-12-01,ST005,PR0003,30,26,4,52,0,16212.56
2025-12-01,ST005,PR0004,44,37,18,63,0,22419.81
2025-12-01,ST005,PR0005,32,12,23,21,0,10437.0
2025-12-01,ST005,PR0006,65,31,9,87,0,47622.06
2025-12-01,ST005,PR0007,21,3,10,14,0,9178.68
2025-12-01,ST005,PR0008,10,48,28,30,0,15796.8
2025-12-01,ST005,PR0009,23,1,0,24,0,15907.92
2025-12-01,ST005,PR0010,37,0,18,19,0,11515.14
2025-12-01,ST005,PR0011,44,28,17,55,0,39095.65
2025-12-01,ST005,PR0012,37,21,23,35,0,29967.0
2025-12-01,ST005,PR0013,40,4,31,13,0,9683.31
2025-12-01,ST005,PR0014,54,42,27,69,0,10392.78
2025-12-01,ST005,PR0015,36,18,11,43,0,10345.37
2025-12-01,ST005,PR0016,54,37,26,65,0,18808.4
2025-12-01,ST005,PR0017,33,38,35,36,0,10965.24
2025-12-01,ST005,PR0018,22,5,4,23,0,9479.68
2025-12-01,ST005,PR0019,48,6,19,35,0,17843.7
2025-12-01,ST005,PR0020,53,15,29,39,0,16178.37
2025-12-01,ST005,PR0021,18,1,13,6,0,3819.84
2025-12-01,ST005,PR0022,29,7,25,11,0,7417.74
2025-12-01,ST005,PR0023,37,3,31,9,0,5771.61
2025-12-01,ST005,PR0024,30,54,27,57,0,36592.29
2025-12-01,ST005,PR0025,63,18,17,64,0,60041.6
2025-12-01,ST005,PR0026,14,38,14,38,0,30420.52
2025-12-01,ST005,PR0027,36,25,32,29,0,22276.93
2025-12-01,ST005,PR0028,56,19,22,53,0,7626.7
2025-12-01,ST005,PR0029,59,10,38,31,0,7995.83
2025-12-01,ST005,PR0030,36,19,11,44,0,13016.08
2025-12-01,ST005,PR0031,43,52,17,78,0,29788.2
2025-12-01,ST005,PR0032,37,12,19,30,0,13012.8
2025-12-01,ST005,PR0033,10,54,5,59,0,27246.2
2025-12-01,ST005,PR0034,17,39,15,41,0,24846.0
2025-12-01,ST005,PR0035,10,20,30,0,10,0.0
2025-12-01,ST005,PR0036,27,46,13,60,0,38340.6
2025-12-01,ST005,PR0037,35,13,29,19,0,14636.08
2025-12-01,ST005,PR0038,44,38,22,60,0,46458.0
2025-12-01,ST005,PR0039,15,23,0,38,0,34532.88
2025-12-01,ST005,PR0040,8,5,13,0,8,0.0
2025-12-01,ST005,PR0041,6,25,12,19,0,18684.41
2025-12-01,ST005,PR0042,47,17,21,43,0,6043.65
2025-12-01,ST005,PR0043,53,9,31,31,0,6309.74
2025-12-01,ST005,PR0044,60,17,7,70,0,18291.7
2025-12-01,ST005,PR0045,55,51,9,97,0,27746.85
2025-12-01,ST005,PR0046,25,32,10,47,0,16794.98
2025-12-01,ST005,PR0047,16,25,5,36,0,13870.44
2025-12-01,ST005,PR0048,64,15,21,58,0,27174.16
2025-12-01,ST005,PR0049,58,9,14,53,0,31760.25
2025-12-01,ST005,PR0050,59,30,38,51,0,30281.25
2025-12-01,ST005,PR0051,43,21,9,55,0,35705.45
2025-12-01,ST005,PR0052,62,40,11,91,0,59824.31
2025-12-01,ST005,PR0053,52,27,11,68,0,49348.28
2025-12-01,ST005,PR0054,26,34,26,34,0,33946.62
2025-12-01,ST005,PR0055,50,7,24,33,0,31795.83
2025-12-01,ST005,PR0056,62,53,15,100,0,17761.0
2025-12-01,ST005,PR0057,42,13,37,18,0,3574.08
2025-12-01,ST005,PR0058,27,0,27,0,3,0.0
2025-12-01,ST005,PR0059,43,43,45,41,0,12179.87
2025-12-01,ST005,PR0060,34,49,32,51,0,19374.39
2025-12-01,ST006,PR0001,44,2,26,20,0,4793.4
2025-12-01,ST006,PR0002,29,6,12,23,0,5342.67
2025-12-01,ST006,PR0003,52,11,18,45,0,14030.1
2025-12-01,ST006,PR0004,50,8,0,58,0,20640.46
2025-12-01,ST006,PR0005,18,10,28,0,5,0.0
2025-12-01,ST006,PR0006,29,54,22,61,0,33390.18
2025-12-01,ST006,PR0007,29,49,34,44,0,28847.28
2025-12-01,ST006,PR0008,25,47,29,43,0,22642.08
2025-12-01,ST006,PR0009,17,22,26,13,0,8616.79
2025-12-01,ST006,PR0010,26,24,15,35,0,21212.1
2025-12-01,ST006,PR0011,4,9,13,0,11,0.0
2025-12-01,ST006,PR0012,34,18,42,10,0,8562.0
2025-12-01,ST006,PR0013,40,37,0,77,0,57354.99
2025-12-01,ST006,PR0014,50,9,22,37,0,5572.94
2025-12-01,ST006,PR0015,48,12,22,38,0,9142.42
2025-12-01,ST006,PR0016,54,29,31,52,0,15046.72
2025-12-01,ST006,PR0017,21,38,19,40,0,12183.6
2025-12-01,ST006,PR0018,28,27,28,27,0,11128.32
2025-12-01,ST006,PR0019,49,18,17,50,0,25491.0
2025-12-01,ST006,PR0020,57,37,22,72,0,29867.76
2025-12-01,ST006,PR0021,39,21,6,54,0,34378.56
2025-12-01,ST006,PR0022,49,14,18,45,0,30345.3
2025-12-01,ST006,PR0023,54,31,16,69,0,44249.01
2025-12-01,ST006,PR0024,22,19,18,23,0,14765.31
2025-12-01,ST006,PR0025,26,49,20,55,0,51598.25
2025-12-01,ST006,PR0026,23,19,24,18,0,14409.72
2025-12-01,ST006,PR0027,61,29,27,63,0,48394.71
2025-12-01,ST006,PR0028,4,23,27,0,8,0.0
2025-12-01,ST006,PR0029,35,37,16,56,0,14444.08
2025-12-01,ST006,PR0030,49,41,31,59,0,17453.38
2025-12-01,ST006,PR0031,15,44,0,59,0,22532.1
2025-12-01,ST006,PR0032,4,4,8,0,3,0.0
2025-12-01,ST006,PR0033,63,46,20,89,0,41100.2
2025-12-01,ST006,PR0034,14,32,29,17,0,10302.0
2025-12-01,ST006,PR0035,54,47,25,76,0,41247.48
2025-12-01,ST006,PR0036,52,49,30,71,0,45369.71
2025-12-01,ST006,PR0037,32,10,42,0,6,0.0
2025-12-01,ST006,PR0038,43,49,19,73,0,56523.9
2025-12-01,ST006,PR0039,38,31,45,24,0,21810.24
2025-12-01,ST006,PR0040,14,4,13,5,0,4399.7
2025-12-01,ST006,PR0041,18,31,31,18,0,17701.02
2025-12-01,ST006,PR0042,30,9,18,21,0,2951.55
2025-12-01,ST006,PR0043,31,35,20,46,0,9362.84
2025-12-01,ST006,PR0044,51,31,20,62,0,16201.22
2025-12-01,ST006,PR0045,41,44,2,83,0,23742.15
2025-12-01,ST006,PR0046,12,14,9,17,0,6074.78
2025-12-01,ST006,PR0047,9,4,13,0,4,0.0
2025-12-01,ST006,PR0048,63,46,2,107,0,50131.64
2025-12-01,ST006,PR0049,22,0,22,0,6,0.0
2025-12-01,ST006,PR0050,15,47,8,54,0,32062.5
2025-12-01,ST006,PR0051,11,20,31,0,10,0.0
2025-12-01,ST006,PR0052,4,28,27,5,0,3287.05
2025-12-01,ST006,PR0053,22,25,23,24,0,17417.04
2025-12-01,ST006,PR0054,11,24,27,8,0,7987.44
2025-12-01,ST006,PR0055,28,24,23,29,0,27941.79
2025-12-01,ST006,PR0056,36,53,16,73,0,12965.53
2025-12-01,ST006,PR0057,32,29,3,58,0,11516.48
2025-12-01,ST006,PR0058,63,50,31,82,0,25385.56
2025-12-01,ST006,PR0059,64,55,18,101,0,30004.07
2025-12-01,ST006,PR0060,43,43,18,68,0,25832.52
2025-12-01,ST007,PR0001,57,2,44,15,0,3595.05
2025-12-01,ST007,PR0002,30,28,22,36,0,8362.44
2025-12-01,ST007,PR0003,6,22,11,17,0,5300.26
2025-12-01,ST007,PR0004,21,55,20,56,0,19928.72
2025-12-01,ST007,PR0005,61,41,1,101,0,50197.0
2025-12-01,ST007,PR0006,45,2,5,42,0,22989.96
2025-12-01,ST007,PR0007,42,40,52,30,0,19668.6
2025-12-01,ST007,PR0008,37,49,17,69,0,36332.64
2025-12-01,ST007,PR0009,55,34,20,69,0,45735.27
2025-12-01,ST007,PR0010,17,12,5,24,0,14545.44
2025-12-01,ST007,PR0011,5,21,0,26,0,18481.58
2025-12-01,ST007,PR0012,34,54,16,72,0,61646.4
2025-12-01,ST007,PR0013,51,23,9,65,0,48416.55
2025-12-01,ST007,PR0014,28,25,28,25,0,3765.5
2025-12-01,ST007,PR0015,8,44,7,45,0,10826.55
2025-12-01,ST007,PR0016,59,24,30,53,0,15336.08
2025-12-01,ST007,PR0017,21,40,20,41,0,12488.19
2025-12-01,ST007,PR0018,38,11,44,5,0,2060.8
2025-12-01,ST007,PR0019,43,39,18,64,0,32628.48
2025-12-01,ST007,PR0020,34,54,20,68,0,28208.44
2025-12-01,ST007,PR0021,12,23,23,12,0,7639.68
2025-12-01,ST007,PR0022,40,30,26,44,0,29670.96
2025-12-01,ST007,PR0023,52,44,10,86,0,55150.94
2025-12-01,ST007,PR0024,40,25,6,59,0,37876.23
2025-12-01,ST007,PR0025,26,55,23,58,0,54412.7
2025-12-01,ST007,PR0026,21,22,33,10,0,8005.4
2025-12-01,ST007,PR0027,38,46,48,36,0,27654.12
2025-12-01,ST007,PR0028,7,23,30,0,10,0.0
2025-12-01,ST007,PR0029,64,46,34,76,0,19602.68
2025-12-01,ST007,PR0030,60,25,24,61,0,18045.02
2025-12-01,ST007,PR0031,24,32,31,25,0,9547.5
2025-12-01,ST007,PR0032,53,37,17,73,0,31664.48
2025-12-01,ST007,PR0033,65,43,21,87,0,40176.6
2025-12-01,ST007,PR0034,28,36,36,28,0,16968.0
2025-12-01,ST007,PR0035,59,13,25,47,0,25508.31
2025-12-01,ST007,PR0036,41,32,24,49,0,31311.49
2025-12-01,ST007,PR0037,52,35,20,67,0,51611.44
2025-12-01,ST007,PR0038,56,20,11,65,0,50329.5
2025-12-01,ST007,PR0039,16,9,25,0,9,0.0
2025-12-01,ST007,PR0040,18,55,14,59,0,51916.46
2025-12-01,ST007,PR0041,18,20,32,6,0,5900.34
2025-12-01,ST007,PR0042,28,45,23,50,0,7027.5
2025-12-01,ST007,PR0043,21,44,47,18,0,3663.72
2025-12-01,ST007,PR0044,39,36,32,43,0,11236.33
2025-12-01,ST007,PR0045,38,24,19,43,0,12300.15
2025-12-01,ST007,PR0046,37,50,19,68,0,24299.12
2025-12-01,ST007,PR0047,26,46,30,42,0,16182.18
2025-12-01,ST007,PR0048,4,42,39,7,0,3279.64
2025-12-01,ST007,PR0049,34,2,35,1,12,599.25
2025-12-01,ST007,PR0050,47,34,13,68,0,40375.0
2025-12-01,ST007,PR0051,25,40,12,53,0,34407.07
2025-12-01,ST007,PR0052,23,4,12,15,0,9861.15
2025-12-01,ST007,PR0053,61,47,20,88,0,63862.48
2025-12-01,ST007,PR0054,53,8,17,44,0,43930.92
2025-12-01,ST007,PR0055,24,51,28,47,0,45284.97
2025-12-01,ST007,PR0056,9,34,3,40,0,7104.4
2025-12-01,ST007,PR0057,46,13,11,48,0,9530.88
2025-12-01,ST007,PR0058,39,53,22,70,0,21670.6
2025-12-01,ST007,PR0059,29,38,16,51,0,15150.57
2025-12-01,ST007,PR0060,16,34,22,28,0,10636.92
2025-12-01,ST008,PR0001,5,39,4,40,0,9586.8
2025-12-01,ST008,PR0002,26,3,20,9,0,2090.61
2025-12-01,ST008,PR0003,47,47,11,83,0,25877.74
2025-12-01,ST008,PR0004,47,20,22,45,0,16014.15
2025-12-01,ST008,PR0005,39,6,10,35,0,17395.0
2025-12-01,ST008,PR0006,55,38,21,72,0,39411.36
2025-12-01,ST008,PR0007,61,33,16,78,0,51138.36
2025-12-01,ST008,PR0008,63,3,31,35,0,18429.6
2025-12-01,ST008,PR0009,4,20,24,0,5,0.0
2025-12-01,ST008,PR0010,59,19,21,57,0,34545.42
2025-12-01,ST008,PR0011,64,24,30,58,0,41228.14
2025-12-01,ST008,PR0012,62,30,22,70,0,59934.0
2025-12-01,ST008,PR0013,58,44,5,97,0,72252.39
2025-12-01,ST008,PR0014,27,17,22,22,0,3313.64
2025-12-01,ST008,PR0015,58,49,12,95,0,22856.05
2025-12-01,ST008,PR0016,4,45,29,20,0,5787.2
2025-12-01,ST008,PR0017,45,0,22,23,0,7005.57
2025-12-01,ST008,PR0018,16,28,30,14,0,5770.24
2025-12-01,ST008,PR0019,30,44,29,45,0,22941.9
2025-12-01,ST008,PR0020,19,21,21,19,0,7881.77
2025-12-01,ST008,PR0021,29,52,14,67,0,42654.88
2025-12-01,ST008,PR0022,34,18,25,27,0,18207.18
2025-12-01,ST008,PR0023,11,1,12,0,12,0.0
2025-12-01,ST008,PR0024,26,3,12,17,0,10913.49
2025-12-01,ST008,PR0025,58,54,18,94,0,88186.1
2025-12-01,ST008,PR0026,14,42,31,25,0,20013.5
2025-12-01,ST008,PR0027,9,24,21,12,0,9218.04
2025-12-01,ST008,PR0028,45,21,10,56,0,8058.4
2025-12-01,ST008,PR0029,14,38,13,39,0,10059.27
2025-12-01,ST008,PR0030,52,22,24,50,0,14791.0
2025-12-01,ST008,PR0031,23,13,28,8,0,3055.2
2025-12-01,ST008,PR0032,12,42,43,11,0,4771.36
2025-12-01,ST008,PR0033,19,47,36,30,0,13854.0
2025-12-01,ST008,PR0034,32,54,0,86,0,52116.0
2025-12-01,ST008,PR0035,45,51,20,76,0,41247.48
2025-12-01,ST008,PR0036,24,21,10,35,0,22365.35
2025-12-01,ST008,PR0037,19,47,16,50,0,38516.0
2025-12-01,ST008,PR0038,31,2,33,0,7,0.0
2025-12-01,ST008,PR0039,18,53,26,45,0,40894.2
2025-12-01,ST008,PR0040,61,53,13,101,0,88873.94
2025-12-01,ST008,PR0041,17,14,19,12,0,11800.68
2025-12-01,ST008,PR0042,41,31,10,62,0,8714.1
2025-12-01,ST008,PR0043,25,20,17,28,0,5699.12
2025-12-01,ST008,PR0044,29,29,35,23,0,6010.13
2025-12-01,ST008,PR0045,38,23,29,32,0,9153.6
2025-12-01,ST008,PR0046,7,11,18,0,12,0.0
2025-12-01,ST008,PR0047,43,36,41,38,0,14641.02
2025-12-01,ST008,PR0048,25,33,23,35,0,16398.2
2025-12-01,ST008,PR0049,45,28,29,44,0,26367.0
2025-12-01,ST008,PR0050,38,24,31,31,0,18406.25
2025-12-01,ST008,PR0051,12,1,13,0,9,0.0
2025-12-01,ST008,PR0052,54,27,21,60,0,39444.6
2025-12-01,ST008,PR0053,41,16,26,31,0,22497.01
2025-12-01,ST008,PR0054,19,9,17,11,0,10982.73
2025-12-01,ST008,PR0055,47,53,36,64,0,61664.64
2025-12-01,ST008,PR0056,13,22,11,24,0,4262.64
2025-12-01,ST008,PR0057,56,8,6,58,0,11516.48
2025-12-01,ST008,PR0058,7,55,14,48,0,14859.84
2025-12-01,ST008,PR0059,30,47,10,67,0,19903.69
2025-12-01,ST008,PR0060,63,25,8,80,0,30391.2
2025-12-01,ST009,PR0001,48,22,15,55,0,13181.85
2025-12-01,ST009,PR0002,64,32,0,96,0,22299.84
2025-12-01,ST009,PR0003,13,31,19,25,0,7794.5
2025-12-01,ST009,PR0004,55,5,34,26,0,9252.62
2025-12-01,ST009,PR0005,49,7,43,13,0,6461.0
2025-12-01,ST009,PR0006,24,48,31,41,0,22442.58
2025-12-01,ST009,PR0007,19,4,23,0,2,0.0
2025-12-01,ST009,PR0008,15,2,17,0,9,0.0
2025-12-01,ST009,PR0009,5,25,30,0,6,0.0
2025-12-01,ST009,PR0010,25,48,22,51,0,30909.06
2025-12-01,ST009,PR0011,26,24,43,7,0,4975.81
2025-12-01,ST009,PR0012,38,17,51,4,0,3424.8
2025-12-01,ST009,PR0013,37,26,12,51,0,37988.37
2025-12-01,ST009,PR0014,61,29,0,90,0,13555.8
2025-12-01,ST009,PR0015,16,47,26,37,0,8901.83
2025-12-01,ST009,PR0016,35,41,13,63,0,18229.68
2025-12-01,ST009,PR0017,34,49,29,54,0,16447.86
2025-12-01,ST009,PR0018,9,34,7,36,0,14837.76
2025-12-01,ST009,PR0019,53,20,25,48,0,24471.36
2025-12-01,ST009,PR0020,57,5,18,44,0,18252.52
2025-12-01,ST009,PR0021,33,28,17,44,0,28012.16
2025-12-01,ST009,PR0022,41,37,29,49,0,33042.66
2025-12-01,ST009,PR0023,9,22,0,31,0,19879.99
2025-12-01,ST009,PR0024,40,28,20,48,0,30814.56
2025-12-01,ST009,PR0025,12,14,19,7,0,6567.05
2025-12-01,ST009,PR0026,53,3,32,24,0,19212.96
2025-12-01,ST009,PR0027,65,18,30,53,0,40713.01
2025-12-01,ST009,PR0028,14,9,23,0,9,0.0
2025-12-01,ST009,PR0029,54,40,30,64,0,16507.52
2025-12-01,ST009,PR0030,65,51,12,104,0,30765.28
2025-12-01,ST009,PR0031,11,26,22,15,0,5728.5
2025-12-01,ST009,PR0032,20,39,21,38,0,16482.88
2025-12-01,ST009,PR0033,18,10,16,12,0,5541.6
2025-12-01,ST009,PR0034,17,17,34,0,2,0.0
2025-12-01,ST009,PR0035,29,54,25,58,0,31478.34
2025-12-01,ST009,PR0036,25,33,25,33,0,21087.33
2025-12-01,ST009,PR0037,31,40,28,43,0,33123.76
2025-12-01,ST009,PR0038,58,28,19,67,0,51878.1
2025-12-01,ST009,PR0039,22,4,12,14,0,12722.64
2025-12-01,ST009,PR0040,41,40,29,52,0,45756.88
2025-12-01,ST009,PR0041,6,46,14,38,0,37368.82
2025-12-01,ST009,PR0042,30,7,0,37,0,5200.35
2025-12-01,ST009,PR0043,9,13,22,0,8,0.0
2025-12-01,ST009,PR0044,57,32,43,46,0,12020.26
2025-12-01,ST009,PR0045,65,22,31,56,0,16018.8
2025-12-01,ST009,PR0046,64,36,0,100,0,35734.0
2025-12-01,ST009,PR0047,20,49,29,40,0,15411.6
2025-12-01,ST009,PR0048,52,34,14,72,0,33733.44
2025-12-01,ST009,PR0049,7,26,31,2,4,1198.5
2025-12-01,ST009,PR0050,62,26,28,60,0,35625.0
2025-12-01,ST009,PR0051,22,35,13,44,0,28564.36
2025-12-01,ST009,PR0052,19,13,10,22,0,14463.02
2025-12-01,ST009,PR0053,65,41,16,90,0,65313.9
2025-12-01,ST009,PR0054,14,22,14,22,0,21965.46
2025-12-01,ST009,PR0055,11,21,32,0,2,0.0
2025-12-01,ST009,PR0056,39,21,31,29,0,5150.69
2025-12-01,ST009,PR0057,43,43,19,67,0,13303.52
2025-12-01,ST009,PR0058,56,43,21,78,0,24147.24
2025-12-01,ST009,PR0059,12,39,5,46,0,13665.22
2025-12-01,ST009,PR0060,32,15,16,31,0,11776.59
2025-12-01,ST010,PR0001,59,17,45,31,0,7429.77
2025-12-01,ST010,PR0002,26,25,40,11,0,2555.19
2025-12-01,ST010,PR0003,27,37,9,55,0,17147.9
2025-12-01,ST010,PR0004,34,10,29,15,0,5338.05
2025-12-01,ST010,PR0005,58,44,30,72,0,35784.0
2025-12-01,ST010,PR0006,18,7,11,14,0,7663.32
2025-12-01,ST010,PR0007,21,43,26,38,0,24913.56
2025-12-01,ST010,PR0008,26,37,31,32,0,16849.92
2025-12-01,ST010,PR0009,36,13,27,22,0,14582.26
2025-12-01,ST010,PR0010,41,49,1,89,0,53939.34
2025-12-01,ST010,PR0011,46,9,9,46,0,32698.18
2025-12-01,ST010,PR0012,61,54,26,89,0,76201.8
2025-12-01,ST010,PR0013,8,17,3,22,0,16387.14
2025-12-01,ST010,PR0014,49,23,37,35,0,5271.7
2025-12-01,ST010,PR0015,30,46,24,52,0,12510.68
2025-12-01,ST010,PR0016,58,45,15,88,0,25463.68
2025-12-01,ST010,PR0017,56,30,6,80,0,24367.2
2025-12-01,ST010,PR0018,13,17,30,0,6,0.0
2025-12-01,ST010,PR0019,52,14,23,43,0,21922.26
2025-12-01,ST010,PR0020,60,22,30,52,0,21571.16
2025-12-01,ST010,PR0021,23,51,21,53,0,33741.92
2025-12-01,ST010,PR0022,23,18,37,4,0,2697.36
2025-12-01,ST010,PR0023,39,49,18,70,0,44890.3
2025-12-01,ST010,PR0024,53,42,16,79,0,50715.63
2025-12-01,ST010,PR0025,54,35,19,70,0,65670.5
2025-12-01,ST010,PR0026,37,31,20,48,0,38425.92
2025-12-01,ST010,PR0027,36,5,27,14,0,10754.38
2025-12-01,ST010,PR0028,33,24,17,40,0,5756.0
2025-12-01,ST010,PR0029,47,11,18,40,0,10317.2
2025-12-01,ST010,PR0030,9,51,28,32,0,9466.24
2025-12-01,ST010,PR0031,9,5,4,10,0,3819.0
2025-12-01,ST010,PR0032,43,23,33,33,0,14314.08
2025-12-01,ST010,PR0033,9,36,11,34,0,15701.2
2025-12-01,ST010,PR0034,44,10,20,34,0,20604.0
2025-12-01,ST010,PR0035,48,16,35,29,0,15739.17
2025-12-01,ST010,PR0036,11,33,24,20,0,12780.2
2025-12-01,ST010,PR0037,45,0,20,25,0,19258.0
2025-12-01,ST010,PR0038,15,0,15,0,10,0.0
2025-12-01,ST010,PR0039,19,53,0,72,0,65430.72
2025-12-01,ST010,PR0040,7,8,6,9,0,7919.46
2025-12-01,ST010,PR0041,14,32,7,39,0,38352.21
2025-12-01,ST010,PR0042,15,52,6,61,0,8573.55
2025-12-01,ST010,PR0043,64,47,21,90,0,18318.6
2025-12-01,ST010,PR0044,52,28,9,71,0,18553.01
2025-12-01,ST010,PR0045,65,48,15,98,0,28032.9
2025-12-01,ST010,PR0046,10,24,20,14,0,5002.76
2025-12-01,ST010,PR0047,23,18,21,20,0,7705.8
2025-12-01,ST010,PR0048,57,48,6,99,0,46383.48
2025-12-01,ST010,PR0049,55,53,28,80,0,47940.0
2025-12-01,ST010,PR0050,50,13,7,56,0,33250.0
2025-12-01,ST010,PR0051,41,22,20,43,0,27915.17
2025-12-01,ST010,PR0052,18,23,8,33,0,21694.53
2025-12-01,ST010,PR0053,24,3,13,14,0,10159.94
2025-12-01,ST010,PR0054,6,19,5,20,0,19968.6
2025-12-01,ST010,PR0055,53,45,19,79,0,76117.29
2025-12-01,ST010,PR0056,4,52,36,20,0,3552.2
2025-12-01,ST010,PR0057,56,47,20,83,0,16480.48
2025-12-01,ST010,PR0058,33,37,31,39,0,12073.62
2025-12-01,ST010,PR0059,47,41,30,58,0,17230.06
2025-12-01,ST010,PR0060,4,1,5,0,10,0.0
2025-12-01,ST011,PR0001,64,11,19,56,0,13421.52
2025-12-01,ST011,PR0002,8,23,6,25,0,5807.25
2025-12-01,ST011,PR0003,23,43,31,35,0,10912.3
2025-12-01,ST011,PR0004,35,26,16,45,0,16014.15
2025-12-01,ST011,PR0005,53,33,19,67,0,33299.0
2025-12-01,ST011,PR0006,32,19,34,17,0,9305.46
2025-12-01,ST011,PR0007,12,2,14,0,11,0.0
2025-12-01,ST011,PR0008,62,34,25,71,0,37385.76
2025-12-01,ST011,PR0009,50,34,38,46,0,30490.18
2025-12-01,ST011,PR0010,45,7,46,6,0,3636.36
2025-12-01,ST011,PR0011,38,26,30,34,0,24168.22
2025-12-01,ST011,PR0012,37,28,9,56,0,47947.2
2025-12-01,ST011,PR0013,57,52,22,87,0,64803.69
2025-12-01,ST011,PR0014,25,19,26,18,0,2711.16
2025-12-01,ST011,PR0015,47,39,9,77,0,18525.43
2025-12-01,ST011,PR0016,16,47,45,18,0,5208.48
2025-12-01,ST011,PR0017,13,32,16,29,0,8833.11
2025-12-01,ST011,PR0018,21,0,4,17,0,7006.72
2025-12-01,ST011,PR0019,39,50,7,82,0,41805.24
2025-12-01,ST011,PR0020,17,36,13,40,0,16593.2
2025-12-01,ST011,PR0021,22,45,19,48,0,30558.72
2025-12-01,ST011,PR0022,63,5,19,49,0,33042.66
2025-12-01,ST011,PR0023,54,40,32,62,0,39759.98
2025-12-01,ST011,PR0024,55,21,29,47,0,30172.59
2025-12-01,ST011,PR0025,12,42,30,24,0,22515.6
2025-12-01,ST011,PR0026,49,27,14,62,0,49633.48
2025-12-01,ST011,PR0027,45,48,21,72,0,55308.24
2025-12-01,ST011,PR0028,63,36,20,79,0,11368.1
2025-12-01,ST011,PR0029,29,39,23,45,0,11606.85
2025-12-01,ST011,PR0030,28,41,25,44,0,13016.08
2025-12-01,ST011,PR0031,15,49,20,44,0,16803.6
2025-12-01,ST011,PR0032,24,47,16,55,0,23856.8
2025-12-01,ST011,PR0033,17,48,5,60,0,27708.0
2025-12-01,ST011,PR0034,34,12,12,34,0,20604.0
2025-12-01,ST011,PR0035,21,42,16,47,0,25508.31
2025-12-01,ST011,PR0036,28,26,31,23,0,14697.23
2025-12-01,ST011,PR0037,13,18,21,10,0,7703.2
2025-12-01,ST011,PR0038,24,0,18,6,0,4645.8
2025-12-01,ST011,PR0039,19,22,12,29,0,26354.04
2025-12-01,ST011,PR0040,28,3,0,31,0,27278.14
2025-12-01,ST011,PR0041,26,52,13,65,0,63920.35
2025-12-01,ST011,PR0042,51,15,29,37,0,5200.35
2025-12-01,ST011,PR0043,6,27,13,20,0,4070.8
2025-12-01,ST011,PR0044,20,50,6,64,0,16723.84
2025-12-01,ST011,PR0045,8,47,38,17,0,4862.85
2025-12-01,ST011,PR0046,28,18,27,19,0,6789.46
2025-12-01,ST011,PR0047,43,51,13,81,0,31208.49
2025-12-01,ST011,PR0048,56,52,36,72,0,33733.44
2025-12-01,ST011,PR0049,20,37,27,30,0,17977.5
2025-12-01,ST011,PR0050,34,45,24,55,0,32656.25
2025-12-01,ST011,PR0051,29,23,28,24,0,15580.56
2025-12-01,ST011,PR0052,59,1,8,52,0,34185.32
2025-12-01,ST011,PR0053,58,25,5,78,0,56605.38
2025-12-01,ST011,PR0054,63,16,48,31,0,30951.33
2025-12-01,ST011,PR0055,42,23,19,46,0,44321.46
2025-12-01,ST011,PR0056,40,7,28,19,0,3374.59
2025-12-01,ST011,PR0057,50,20,1,69,0,13700.64
2025-12-01,ST011,PR0058,18,16,28,6,0,1857.48
2025-12-01,ST011,PR0059,64,29,31,62,0,18418.34
2025-12-01,ST011,PR0060,55,0,6,49,0,18614.61
2025-12-01,ST012,PR0001,50,10,14,46,0,11024.82
2025-12-01,ST012,PR0002,61,37,14,84,0,19512.36
2025-12-01,ST012,PR0003,33,44,19,58,0,18083.24
2025-12-01,ST012,PR0004,35,43,32,46,0,16370.02
2025-12-01,ST012,PR0005,28,28,14,42,0,20874.0
2025-12-01,ST012,PR0006,37,1,29,9,0,4926.42
2025-12-01,ST012,PR0007,27,12,16,23,0,15079.26
2025-12-01,ST012,PR0008,25,22,19,28,0,14743.68
2025-12-01,ST012,PR0009,33,18,27,24,0,15907.92
2025-12-01,ST012,PR0010,38,9,16,31,0,18787.86
2025-12-01,ST012,PR0011,46,45,5,86,0,61131.38
2025-12-01,ST012,PR0012,23,16,26,13,0,11130.6
2025-12-01,ST012,PR0013,14,18,25,7,0,5214.09
2025-12-01,ST012,PR0014,18,47,14,51,0,7681.62
2025-12-01,ST012,PR0015,59,39,17,81,0,19487.79
2025-12-01,ST012,PR0016,39,32,20,51,0,14757.36
2025-12-01,ST012,PR0017,29,51,8,72,0,21930.48
2025-12-01,ST012,PR0018,5,30,14,21,0,8655.36
2025-12-01,ST012,PR0019,23,4,27,0,4,0.0
2025-12-01,ST012,PR0020,55,9,10,54,0,22400.82
2025-12-01,ST012,PR0021,58,55,17,96,0,61117.44
2025-12-01,ST012,PR0022,28,30,26,32,0,21578.88
2025-12-01,ST012,PR0023,26,36,16,46,0,29499.34
2025-12-01,ST012,PR0024,23,36,27,32,0,20543.04
2025-12-01,ST012,PR0025,42,15,22,35,0,32835.25
2025-12-01,ST012,PR0026,47,10,32,25,0,20013.5
2025-12-01,ST012,PR0027,54,2,44,12,0,9218.04
2025-12-01,ST012,PR0028,51,17,19,49,0,7051.1
2025-12-01,ST012,PR0029,46,27,16,57,0,14702.01
2025-12-01,ST012,PR0030,50,42,43,49,0,14495.18
2025-12-01,ST012,PR0031,56,48,38,66,0,25205.4
2025-12-01,ST012,PR0032,52,52,10,94,0,40773.44
2025-12-01,ST012,PR0033,9,14,13,10,0,4618.0
2025-12-01,ST012,PR0034,61,19,21,59,0,35754.0
2025-12-01,ST012,PR0035,17,52,0,69,0,37448.37
2025-12-01,ST012,PR0036,21,36,2,55,0,35145.55
2025-12-01,ST012,PR0037,6,0,6,0,3,0.0
2025-12-01,ST012,PR0038,35,26,1,60,0,46458.0
2025-12-01,ST012,PR0039,61,28,23,66,0,59978.16
2025-12-01,ST012,PR0040,23,49,42,30,0,26398.2
2025-12-01,ST012,PR0041,16,21,35,2,2,1966.78
2025-12-01,ST012,PR0042,41,35,40,36,0,5059.8
2025-12-01,ST012,PR0043,9,45,17,37,0,7530.98
2025-12-01,ST012,PR0044,34,45,36,43,0,11236.33
2025-12-01,ST012,PR0045,38,51,18,71,0,20309.55
2025-12-01,ST012,PR0046,56,49,24,81,0,28944.54
2025-12-01,ST012,PR0047,64,45,12,97,0,37373.13
2025-12-01,ST012,PR0048,17,20,28,9,0,4216.68
2025-12-01,ST012,PR0049,23,36,35,24,0,14382.0
2025-12-01,ST012,PR0050,25,36,21,40,0,23750.0
2025-12-01,ST012,PR0051,31,28,13,46,0,29862.74
2025-12-01,ST012,PR0052,60,54,28,86,0,56537.26
2025-12-01,ST012,PR0053,45,23,17,51,0,37011.21
2025-12-01,ST012,PR0054,55,36,30,61,0,60904.23
2025-12-01,ST012,PR0055,60,4,17,47,0,45284.97
2025-12-01,ST012,PR0056,27,35,25,37,0,6571.57
2025-12-01,ST012,PR0057,25,33,25,33,0,6552.48
2025-12-01,ST012,PR0058,65,32,28,69,0,21361.02
2025-12-01,ST012,PR0059,10,42,26,26,0,7723.82
2025-12-01,ST012,PR0060,24,46,23,47,0,17854.83
2025-12-01,ST013,PR0001,29,41,25,45,0,10785.15
2025-12-01,ST013,PR0002,54,38,21,71,0,16492.59
2025-12-01,ST013,PR0003,12,23,35,0,12,0.0
2025-12-01,ST013,PR0004,24,0,24,0,3,0.0
2025-12-01,ST013,PR0005,56,42,23,75,0,37275.0
2025-12-01,ST013,PR0006,8,45,22,31,0,16968.78
2025-12-01,ST013,PR0007,24,48,28,44,0,28847.28
2025-12-01,ST013,PR0008,33,10,23,20,0,10531.2
2025-12-01,ST013,PR0009,5,3,8,0,2,0.0
2025-12-01,ST013,PR0010,48,43,22,69,0,41818.14
2025-12-01,ST013,PR0011,29,50,21,58,0,41228.14
2025-12-01,ST013,PR0012,60,54,32,82,0,70208.4
2025-12-01,ST013,PR0013,26,37,14,49,0,36498.63
2025-12-01,ST013,PR0014,23,43,39,27,0,4066.74
2025-12-01,ST013,PR0015,41,33,15,59,0,14194.81
2025-12-01,ST013,PR0016,16,32,11,37,0,10706.32
2025-12-01,ST013,PR0017,23,19,1,41,0,12488.19
2025-12-01,ST013,PR0018,65,4,37,32,0,13189.12
2025-12-01,ST013,PR0019,23,55,19,59,0,30079.38
2025-12-01,ST013,PR0020,11,47,18,40,0,16593.2
2025-12-01,ST013,PR0021,15,31,22,24,0,15279.36
2025-12-01,ST013,PR0022,51,10,20,41,0,27647.94
2025-12-01,ST013,PR0023,51,44,20,75,0,48096.75
2025-12-01,ST013,PR0024,12,25,7,30,0,19259.1
2025-12-01,ST013,PR0025,56,55,15,96,0,90062.4
2025-12-01,ST013,PR0026,5,1,6,0,4,0.0
2025-12-01,ST013,PR0027,54,48,30,72,0,55308.24
2025-12-01,ST013,PR0028,56,44,7,93,0,13382.7
2025-12-01,ST013,PR0029,55,41,49,47,0,12122.71
2025-12-01,ST013,PR0030,15,8,23,0,4,0.0
2025-12-01,ST013,PR0031,23,6,6,23,0,8783.7
2025-12-01,ST013,PR0032,38,44,12,70,0,30363.2
2025-12-01,ST013,PR0033,31,26,25,32,0,14777.6
2025-12-01,ST013,PR0034,29,21,14,36,0,21816.0
2025-12-01,ST013,PR0035,21,13,11,23,0,12482.79
2025-12-01,ST013,PR0036,18,10,17,11,0,7029.11
2025-12-01,ST013,PR0037,42,51,5,88,0,67788.16
2025-12-01,ST013,PR0038,36,42,50,28,0,21680.4
2025-12-01,ST013,PR0039,18,25,0,43,0,39076.68
2025-12-01,ST013,PR0040,19,3,15,7,0,6159.58
2025-12-01,ST013,PR0041,32,9,36,5,0,4916.95
2025-12-01,ST013,PR0042,47,28,19,56,0,7870.8
2025-12-01,ST013,PR0043,28,42,23,47,0,9566.38
2025-12-01,ST013,PR0044,7,38,14,31,0,8100.61
2025-12-01,ST013,PR0045,60,29,31,58,0,16590.9
2025-12-01,ST013,PR0046,55,31,18,68,0,24299.12
2025-12-01,ST013,PR0047,52,12,20,44,0,16952.76
2025-12-01,ST013,PR0048,62,14,24,52,0,24363.04
2025-12-01,ST013,PR0049,55,19,39,35,0,20973.75
2025-12-01,ST013,PR0050,27,2,29,0,11,0.0
2025-12-01,ST013,PR0051,40,6,0,46,0,29862.74
2025-12-01,ST013,PR0052,26,4,17,13,0,8546.33
2025-12-01,ST013,PR0053,15,9,24,0,2,0.0
2025-12-01,ST013,PR0054,6,14,19,1,5,998.43
2025-12-01,ST013,PR0055,54,38,23,69,0,66482.19
2025-12-01,ST013,PR0056,55,29,24,60,0,10656.6
2025-12-01,ST013,PR0057,58,33,19,72,0,14296.32
2025-12-01,ST013,PR0058,38,22,33,27,0,8358.66
2025-12-01,ST013,PR0059,18,21,22,17,0,5050.19
2025-12-01,ST013,PR0060,49,25,28,46,0,17474.94
2025-12-01,ST014,PR0001,41,9,20,30,0,7190.1
2025-12-01,ST014,PR0002,25,50,2,73,0,16957.17
2025-12-01,ST014,PR0003,14,0,14,0,12,0.0
2025-12-01,ST014,PR0004,10,9,3,16,0,5693.92
2025-12-01,ST014,PR0005,8,41,21,28,0,13916.0
2025-12-01,ST014,PR0006,7,37,24,20,0,10947.6
2025-12-01,ST014,PR0007,51,46,29,68,0,44582.16
2025-12-01,ST014,PR0008,16,0,10,6,0,3159.36
2025-12-01,ST014,PR0009,30,22,40,12,0,7953.96
2025-12-01,ST014,PR0010,8,2,10,0,4,0.0
2025-12-01,ST014,PR0011,18,43,16,45,0,31987.35
2025-12-01,ST014,PR0012,41,0,22,19,0,16267.8
2025-12-01,ST014,PR0013,45,34,17,62,0,46181.94
2025-12-01,ST014,PR0014,49,31,19,61,0,9187.82
2025-12-01,ST014,PR0015,32,22,6,48,0,11548.32
2025-12-01,ST014,PR0016,31,37,20,48,0,13889.28
2025-12-01,ST014,PR0017,16,11,27,0,3,0.0
2025-12-01,ST014,PR0018,12,9,21,0,3,0.0
2025-12-01,ST014,PR0019,7,7,10,4,0,2039.28
2025-12-01,ST014,PR0020,13,30,18,25,0,10370.75
2025-12-01,ST014,PR0021,33,41,4,70,0,44564.8
2025-12-01,ST014,PR0022,53,39,8,84,0,56644.56
2025-12-01,ST014,PR0023,63,31,35,59,0,37836.11
2025-12-01,ST014,PR0024,49,16,0,65,0,41728.05
2025-12-01,ST014,PR0025,14,6,20,0,8,0.0
2025-12-01,ST014,PR0026,59,38,17,80,0,64043.2
2025-12-01,ST014,PR0027,57,33,26,64,0,49162.88
2025-12-01,ST014,PR0028,20,1,15,6,0,863.4
2025-12-01,ST014,PR0029,6,11,2,15,0,3868.95
2025-12-01,ST014,PR0030,5,26,31,0,5,0.0
2025-12-01,ST014,PR0031,47,44,18,73,0,27878.7
2025-12-01,ST014,PR0032,7,4,11,0,4,0.0
2025-12-01,ST014,PR0033,49,4,29,24,0,11083.2
2025-12-01,ST014,PR0034,38,30,29,39,0,23634.0
2025-12-01,ST014,PR0035,65,34,27,72,0,39076.56
2025-12-01,ST014,PR0036,26,0,18,8,0,5112.08
2025-12-01,ST014,PR0037,15,41,15,41,0,31583.12
2025-12-01,ST014,PR0038,36,40,25,51,0,39489.3
2025-12-01,ST014,PR0039,41,42,24,59,0,53616.84
2025-12-01,ST014,PR0040,12,24,31,5,0,4399.7
2025-12-01,ST014,PR0041,57,5,30,32,0,31468.48
2025-12-01,ST014,PR0042,37,7,23,21,0,2951.55
2025-12-01,ST014,PR0043,24,18,13,29,0,5902.66
2025-12-01,ST014,PR0044,27,0,20,7,0,1829.17
2025-12-01,ST014,PR0045,59,28,14,73,0,20881.65
2025-12-01,ST014,PR0046,26,7,24,9,0,3216.06
2025-12-01,ST014,PR0047,43,33,30,46,0,17723.34
2025-12-01,ST014,PR0048,4,34,35,3,0,1405.56
2025-12-01,ST014,PR0049,61,5,8,58,0,34756.5
2025-12-01,ST014,PR0050,51,11,31,31,0,18406.25
2025-12-01,ST014,PR0051,49,44,27,66,0,42846.54
2025-12-01,ST014,PR0052,6,11,17,0,9,0.0
2025-12-01,ST014,PR0053,32,7,18,21,0,15239.91
2025-12-01,ST014,PR0054,35,33,24,44,0,43930.92
2025-12-01,ST014,PR0055,32,54,12,74,0,71299.74
2025-12-01,ST014,PR0056,65,25,14,76,0,13498.36
2025-12-01,ST014,PR0057,50,17,13,54,0,10722.24
2025-12-01,ST014,PR0058,24,34,23,35,0,10835.3
2025-12-01,ST014,PR0059,13,34,14,33,0,9803.31
2025-12-01,ST014,PR0060,35,36,29,42,0,15955.38
2025-12-01,ST015,PR0001,15,35,0,50,0,11983.5
2025-12-01,ST015,PR0002,36,4,33,7,0,1626.03
2025-12-01,ST015,PR0003,54,55,15,94,0,29307.32
2025-12-01,ST015,PR0004,32,38,27,43,0,15302.41
2025-12-01,ST015,PR0005,57,28,22,63,0,31311.0
2025-12-01,ST015,PR0006,34,34,25,43,0,23537.34
2025-12-01,ST015,PR0007,26,27,20,33,0,21635.46
2025-12-01,ST015,PR0008,57,30,2,85,0,44757.6
2025-12-01,ST015,PR0009,38,22,15,45,0,29827.35
2025-12-01,ST015,PR0010,34,13,6,41,0,24848.46
2025-12-01,ST015,PR0011,28,10,25,13,0,9240.79
2025-12-01,ST015,PR0012,21,17,30,8,0,6849.6
2025-12-01,ST015,PR0013,46,15,19,42,0,31284.54
2025-12-01,ST015,PR0014,47,23,31,39,0,5874.18
2025-12-01,ST015,PR0015,8,11,19,0,8,0.0
2025-12-01,ST015,PR0016,42,33,19,56,0,16204.16
2025-12-01,ST015,PR0017,35,48,30,53,0,16143.27
2025-12-01,ST015,PR0018,20,12,27,5,0,2060.8
2025-12-01,ST015,PR0019,35,1,34,2,7,1019.64
2025-12-01,ST015,PR0020,62,10,19,53,0,21985.99
2025-12-01,ST015,PR0021,23,42,15,50,0,31832.0
2025-12-01,ST015,PR0022,63,26,23,66,0,44506.44
2025-12-01,ST015,PR0023,37,40,21,56,0,35912.24
2025-12-01,ST015,PR0024,7,39,20,26,0,16691.22
2025-12-01,ST015,PR0025,39,35,34,40,0,37526.0
2025-12-01,ST015,PR0026,49,21,22,48,0,38425.92
2025-12-01,ST015,PR0027,53,7,9,51,0,39176.67
2025-12-01,ST015,PR0028,26,23,16,33,0,4748.7
2025-12-01,ST015,PR0029,30,22,29,23,0,5932.39
2025-12-01,ST015,PR0030,64,53,17,100,0,29582.0
2025-12-01,ST015,PR0031,35,47,10,72,0,27496.8
2025-12-01,ST015,PR0032,60,2,0,62,0,26893.12
2025-12-01,ST015,PR0033,17,10,27,0,5,0.0
2025-12-01,ST015,PR0034,39,0,21,18,0,10908.0
2025-12-01,ST015,PR0035,46,55,17,84,0,45589.32
2025-12-01,ST015,PR0036,55,8,17,46,0,29394.46
2025-12-01,ST015,PR0037,43,38,38,43,0,33123.76
2025-12-01,ST015,PR0038,19,50,13,56,0,43360.8
2025-12-01,ST015,PR0039,42,22,24,40,0,36350.4
2025-12-01,ST015,PR0040,38,0,29,9,0,7919.46
2025-12-01,ST015,PR0041,34,51,2,83,0,81621.37
2025-12-01,ST015,PR0042,11,38,15,34,0,4778.7
2025-12-01,ST015,PR0043,62,23,30,55,0,11194.7
2025-12-01,ST015,PR0044,11,10,15,6,0,1567.86
2025-12-01,ST015,PR0045,21,19,35,5,0,1430.25
2025-12-01,ST015,PR0046,34,8,16,26,0,9290.84
2025-12-01,ST015,PR0047,47,28,29,46,0,17723.34
2025-12-01,ST015,PR0048,42,16,7,51,0,23894.52
2025-12-01,ST015,PR0049,18,22,33,7,0,4194.75
2025-12-01,ST015,PR0050,15,31,19,27,0,16031.25
2025-12-01,ST015,PR0051,64,3,45,22,0,14282.18
2025-12-01,ST015,PR0052,44,40,25,59,0,38787.19
2025-12-01,ST015,PR0053,38,44,14,68,0,49348.28
2025-12-01,ST015,PR0054,37,30,19,48,0,47924.64
2025-12-01,ST015,PR0055,34,10,33,11,0,10598.61
2025-12-01,ST015,PR0056,52,38,20,70,0,12432.7
2025-12-01,ST015,PR0057,26,13,20,19,0,3772.64
2025-12-01,ST015,PR0058,37,27,22,42,0,13002.36
2025-12-01,ST015,PR0059,10,2,12,0,5,0.0
2025-12-01,ST015,PR0060,64,55,29,90,0,34190.1
2025-12-01,ST016,PR0001,60,49,13,96,0,23008.32
2025-12-01,ST016,PR0002,18,7,14,11,0,2555.19
2025-12-01,ST016,PR0003,57,45,22,80,0,24942.4
2025-12-01,ST016,PR0004,55,48,9,94,0,33451.78
2025-12-01,ST016,PR0005,9,55,24,40,0,19880.0
2025-12-01,ST016,PR0006,62,18,27,53,0,29011.14
2025-12-01,ST016,PR0007,43,44,35,52,0,34092.24
2025-12-01,ST016,PR0008,4,34,1,37,0,19482.72
2025-12-01,ST016,PR0009,63,5,31,37,0,24524.71
2025-12-01,ST016,PR0010,22,55,41,36,0,21818.16
2025-12-01,ST016,PR0011,35,34,18,51,0,36252.33
2025-12-01,ST016,PR0012,4,9,13,0,9,0.0
2025-12-01,ST016,PR0013,23,5,24,4,0,2979.48
2025-12-01,ST016,PR0014,31,14,34,11,0,1656.82
2025-12-01,ST016,PR0015,41,37,22,56,0,13473.04
2025-12-01,ST016,PR0016,19,22,7,34,0,9838.24
2025-12-01,ST016,PR0017,53,40,14,79,0,24062.61
2025-12-01,ST016,PR0018,37,47,1,83,0,34209.28
2025-12-01,ST016,PR0019,24,1,4,21,0,10706.22
2025-12-01,ST016,PR0020,63,30,43,50,0,20741.5
2025-12-01,ST016,PR0021,57,48,22,83,0,52841.12
2025-12-01,ST016,PR0022,61,3,9,55,0,37088.7
2025-12-01,ST016,PR0023,61,11,25,47,0,30140.63
2025-12-01,ST016,PR0024,23,37,48,12,0,7703.64
2025-12-01,ST016,PR0025,12,47,22,37,0,34711.55
2025-12-01,ST016,PR0026,64,23,25,62,0,49633.48
2025-12-01,ST016,PR0027,42,24,32,34,0,26117.78
2025-12-01,ST016,PR0028,41,47,13,75,0,10792.5
2025-12-01,ST016,PR0029,48,10,17,41,0,10575.13
2025-12-01,ST016,PR0030,39,16,18,37,0,10945.34
2025-12-01,ST016,PR0031,52,19,14,57,0,21768.3
2025-12-01,ST016,PR0032,43,54,37,60,0,26025.6
2025-12-01,ST016,PR0033,10,13,23,0,2,0.0
2025-12-01,ST016,PR0034,62,25,22,65,0,39390.0
2025-12-01,ST016,PR0035,49,16,30,35,0,18995.55
2025-12-01,ST016,PR0036,11,3,5,9,0,5751.09
2025-12-01,ST016,PR0037,25,35,21,39,0,30042.48
2025-12-01,ST016,PR0038,25,24,20,29,0,22454.7
2025-12-01,ST016,PR0039,39,45,8,76,0,69065.76
2025-12-01,ST016,PR0040,65,20,11,74,0,65115.56
2025-12-01,ST016,PR0041,29,5,24,10,0,9833.9
2025-12-01,ST016,PR0042,44,0,0,44,0,6184.2
2025-12-01,ST016,PR0043,65,14,40,39,0,7938.06
2025-12-01,ST016,PR0044,59,41,20,80,0,20904.8
2025-12-01,ST016,PR0045,53,47,33,67,0,19165.35
2025-12-01,ST016,PR0046,31,2,32,1,9,357.34
2025-12-01,ST016,PR0047,49,53,6,96,0,36987.84
2025-12-01,ST016,PR0048,35,34,25,44,0,20614.88
2025-12-01,ST016,PR0049,4,30,23,11,0,6591.75
2025-12-01,ST016,PR0050,28,40,23,45,0,26718.75
2025-12-01,ST016,PR0051,33,13,10,36,0,23370.84
2025-12-01,ST016,PR0052,37,7,27,17,0,11175.97
2025-12-01,ST016,PR0053,55,51,14,92,0,66765.32
2025-12-01,ST016,PR0054,22,55,12,65,0,64897.95
2025-12-01,ST016,PR0055,6,14,19,1,9,963.51
2025-12-01,ST016,PR0056,28,13,27,14,0,2486.54
2025-12-01,ST016,PR0057,41,31,45,27,0,5361.12
2025-12-01,ST016,PR0058,9,52,29,32,0,9906.56
2025-12-01,ST016,PR0059,60,43,36,67,0,19903.69
2025-12-01,ST016,PR0060,12,4,11,5,0,1899.45
2025-12-01,ST017,PR0001,56,41,57,40,0,9586.8
2025-12-01,ST017,PR0002,56,41,16,81,0,18815.49
2025-12-01,ST017,PR0003,19,51,9,61,0,19018.58
2025-12-01,ST017,PR0004,22,0,14,8,0,2846.96
2025-12-01,ST017,PR0005,59,6,28,37,0,18389.0
2025-12-01,ST017,PR0006,60,24,19,65,0,35579.7
2025-12-01,ST017,PR0007,37,40,29,48,0,31469.76
2025-12-01,ST017,PR0008,55,41,27,69,0,36332.64
2025-12-01,ST017,PR0009,62,42,30,74,0,49049.42
2025-12-01,ST017,PR0010,17,36,27,26,0,15757.56
2025-12-01,ST017,PR0011,5,20,6,19,0,13505.77
2025-12-01,ST017,PR0012,5,2,7,0,10,0.0
2025-12-01,ST017,PR0013,27,22,4,45,0,33519.15
2025-12-01,ST017,PR0014,12,23,28,7,0,1054.34
2025-12-01,ST017,PR0015,62,44,14,92,0,22134.28
2025-12-01,ST017,PR0016,65,18,13,70,0,20255.2
2025-12-01,ST017,PR0017,31,11,11,31,0,9442.29
2025-12-01,ST017,PR0018,64,24,0,88,0,36270.08
2025-12-01,ST017,PR0019,46,14,18,42,0,21412.44
2025-12-01,ST017,PR0020,20,2,22,0,5,0.0
2025-12-01,ST017,PR0021,35,37,30,42,0,26738.88
2025-12-01,ST017,PR0022,25,42,32,35,0,23601.9
2025-12-01,ST017,PR0023,45,14,20,39,0,25010.31
2025-12-01,ST017,PR0024,22,23,45,0,3,0.0
2025-12-01,ST017,PR0025,17,39,24,32,0,30020.8
2025-12-01,ST017,PR0026,39,25,36,28,0,22415.12
2025-12-01,ST017,PR0027,61,30,28,63,0,48394.71
2025-12-01,ST017,PR0028,13,55,31,37,0,5324.3
2025-12-01,ST017,PR0029,62,22,15,69,0,17797.17
2025-12-01,ST017,PR0030,47,15,3,59,0,17453.38
2025-12-01,ST017,PR0031,39,23,35,27,0,10311.3
2025-12-01,ST017,PR0032,36,10,18,28,0,12145.28
2025-12-01,ST017,PR0033,7,0,7,0,9,0.0
2025-12-01,ST017,PR0034,13,9,22,0,5,0.0
2025-12-01,ST017,PR0035,60,13,37,36,0,19538.28
2025-12-01,ST017,PR0036,54,31,25,60,0,38340.6
2025-12-01,ST017,PR0037,57,33,22,68,0,52381.76
2025-12-01,ST017,PR0038,32,34,9,57,0,44135.1
2025-12-01,ST017,PR0039,44,4,13,35,0,31806.6
2025-12-01,ST017,PR0040,65,5,18,52,0,45756.88
2025-12-01,ST017,PR0041,29,39,27,41,0,40318.99
2025-12-01,ST017,PR0042,50,33,24,59,0,8292.45
2025-12-01,ST017,PR0043,19,53,26,46,0,9362.84
2025-12-01,ST017,PR0044,7,29,0,36,0,9407.16
2025-12-01,ST017,PR0045,48,22,27,43,0,12300.15
2025-12-01,ST017,PR0046,23,8,5,26,0,9290.84
2025-12-01,ST017,PR0047,40,20,13,47,0,18108.63
2025-12-01,ST017,PR0048,15,42,32,25,0,11713.0
2025-12-01,ST017,PR0049,17,39,38,18,0,10786.5
2025-12-01,ST017,PR0050,13,7,19,1,6,593.75
2025-12-01,ST017,PR0051,23,1,24,0,9,0.0
2025-12-01,ST017,PR0052,56,38,18,76,0,49963.16
2025-12-01,ST017,PR0053,24,49,31,42,0,30479.82
2025-12-01,ST017,PR0054,30,48,10,68,0,67893.24
2025-12-01,ST017,PR0055,8,18,26,0,4,0.0
2025-12-01,ST017,PR0056,30,42,40,32,0,5683.52
2025-12-01,ST017,PR0057,65,42,14,93,0,18466.08
2025-12-01,ST017,PR0058,23,14,4,33,0,10216.14
2025-12-01,ST017,PR0059,28,2,19,11,0,3267.77
2025-12-01,ST017,PR0060,49,16,27,38,0,14435.82
2025-12-01,ST018,PR0001,23,22,43,2,2,479.34
2025-12-01,ST018,PR0002,52,50,17,85,0,19744.65
2025-12-01,ST018,PR0003,64,52,26,90,0,28060.2
2025-12-01,ST018,PR0004,57,49,6,100,0,35587.0
2025-12-01,ST018,PR0005,13,31,35,9,0,4473.0
2025-12-01,ST018,PR0006,41,19,15,45,0,24632.1
2025-12-01,ST018,PR0007,47,19,29,37,0,24257.94
2025-12-01,ST018,PR0008,43,55,23,75,0,39492.0
2025-12-01,ST018,PR0009,17,53,20,50,0,33141.5
2025-12-01,ST018,PR0010,57,4,26,35,0,21212.1
2025-12-01,ST018,PR0011,21,45,9,57,0,40517.31
2025-12-01,ST018,PR0012,6,55,28,33,0,28254.6
2025-12-01,ST018,PR0013,14,7,11,10,0,7448.7
2025-12-01,ST018,PR0014,12,21,22,11,0,1656.82
2025-12-01,ST018,PR0015,51,53,36,68,0,16360.12
2025-12-01,ST018,PR0016,53,13,24,42,0,12153.12
2025-12-01,ST018,PR0017,16,38,19,35,0,10660.65
2025-12-01,ST018,PR0018,27,13,40,0,12,0.0
2025-12-01,ST018,PR0019,51,42,25,68,0,34667.76
2025-12-01,ST018,PR0020,26,27,22,31,0,12859.73
2025-12-01,ST018,PR0021,40,52,31,61,0,38835.04
2025-12-01,ST018,PR0022,13,53,20,46,0,31019.64
2025-12-01,ST018,PR0023,25,6,19,12,0,7695.48
2025-12-01,ST018,PR0024,65,6,42,29,0,18617.13
2025-12-01,ST018,PR0025,10,54,25,39,0,36587.85
2025-12-01,ST018,PR0026,59,12,11,60,0,48032.4
2025-12-01,ST018,PR0027,14,45,5,54,0,41481.18
2025-12-01,ST018,PR0028,10,34,42,2,2,287.8
2025-12-01,ST018,PR0029,32,15,19,28,0,7222.04
2025-12-01,ST018,PR0030,62,4,8,58,0,17157.56
2025-12-01,ST018,PR0031,25,19,28,16,0,6110.4
2025-12-01,ST018,PR0032,63,40,15,88,0,38170.88
2025-12-01,ST018,PR0033,41,3,19,25,0,11545.0
2025-12-01,ST018,PR0034,36,22,27,31,0,18786.0
2025-12-01,ST018,PR0035,26,40,15,51,0,27679.23
2025-12-01,ST018,PR0036,55,34,21,68,0,43452.68
2025-12-01,ST018,PR0037,56,33,23,66,0,50841.12
2025-12-01,ST018,PR0038,62,29,21,70,0,54201.0
2025-12-01,ST018,PR0039,32,21,21,32,0,29080.32
2025-12-01,ST018,PR0040,4,2,6,0,3,0.0
2025-12-01,ST018,PR0041,50,34,33,51,0,50152.89
2025-12-01,ST018,PR0042,13,25,25,13,0,1827.15
2025-12-01,ST018,PR0043,29,4,19,14,0,2849.56
2025-12-01,ST018,PR0044,31,26,21,36,0,9407.16
2025-12-01,ST018,PR0045,35,42,22,55,0,15732.75
2025-12-01,ST018,PR0046,59,21,17,63,0,22512.42
2025-12-01,ST018,PR0047,29,5,19,15,0,5779.35
2025-12-01,ST018,PR0048,53,24,46,31,0,14524.12
2025-12-01,ST018,PR0049,20,21,26,15,0,8988.75
2025-12-01,ST018,PR0050,24,51,13,62,0,36812.5
2025-12-01,ST018,PR0051,64,30,33,61,0,39600.59
2025-12-01,ST018,PR0052,46,24,29,41,0,26953.81
2025-12-01,ST018,PR0053,9,54,25,38,0,27576.98
2025-12-01,ST018,PR0054,43,26,35,34,0,33946.62
2025-12-01,ST018,PR0055,21,16,14,23,0,22160.73
2025-12-01,ST018,PR0056,40,1,25,16,0,2841.76
2025-12-01,ST018,PR0057,35,45,13,67,0,13303.52
2025-12-01,ST018,PR0058,19,12,27,4,0,1238.32
2025-12-01,ST018,PR0059,52,0,14,38,0,11288.66
2025-12-01,ST018,PR0060,37,51,23,65,0,24692.85
2025-12-01,ST019,PR0001,9,22,16,15,0,3595.05
2025-12-01,ST019,PR0002,25,41,26,40,0,9291.6
2025-12-01,ST019,PR0003,28,6,19,15,0,4676.7
2025-12-01,ST019,PR0004,25,40,0,65,0,23131.55
2025-12-01,ST019,PR0005,11,8,19,0,12,0.0
2025-12-01,ST019,PR0006,33,2,5,30,0,16421.4
2025-12-01,ST019,PR0007,47,48,16,79,0,51793.98
2025-12-01,ST019,PR0008,11,29,25,15,0,7898.4
2025-12-01,ST019,PR0009,53,2,4,51,0,33804.33
2025-12-01,ST019,PR0010,18,31,25,24,0,14545.44
2025-12-01,ST019,PR0011,19,4,22,1,12,710.83
2025-12-01,ST019,PR0012,31,21,10,42,0,35960.4
2025-12-01,ST019,PR0013,27,11,36,2,4,1489.74
2025-12-01,ST019,PR0014,16,49,26,39,0,5874.18
2025-12-01,ST019,PR0015,18,24,34,8,0,1924.72
2025-12-01,ST019,PR0016,51,52,21,82,0,23727.52
2025-12-01,ST019,PR0017,53,17,36,34,0,10356.06
2025-12-01,ST019,PR0018,52,1,18,35,0,14425.6
2025-12-01,ST019,PR0019,26,37,5,58,0,29569.56
2025-12-01,ST019,PR0020,59,26,9,76,0,31527.08
2025-12-01,ST019,PR0021,24,12,35,1,5,636.64
2025-12-01,ST019,PR0022,29,8,9,28,0,18881.52
2025-12-01,ST019,PR0023,17,9,26,0,5,0.0
2025-12-01,ST019,PR0024,22,1,23,0,6,0.0
2025-12-01,ST019,PR0025,21,48,14,55,0,51598.25
2025-12-01,ST019,PR0026,22,30,7,45,0,36024.3
2025-12-01,ST019,PR0027,24,17,30,11,0,8449.87
2025-12-01,ST019,PR0028,31,17,26,22,0,3165.8
2025-12-01,ST019,PR0029,6,10,16,0,8,0.0
2025-12-01,ST019,PR0030,25,24,13,36,0,10649.52
2025-12-01,ST019,PR0031,57,25,23,59,0,22532.1
2025-12-01,ST019,PR0032,27,1,22,6,0,2602.56
2025-12-01,ST019,PR0033,55,19,20,54,0,24937.2
2025-12-01,ST019,PR0034,61,2,21,42,0,25452.0
2025-12-01,ST019,PR0035,22,13,32,3,0,1628.19
2025-12-01,ST019,PR0036,29,35,26,38,0,24282.38
2025-12-01,ST019,PR0037,46,29,17,58,0,44678.56
2025-12-01,ST019,PR0038,8,40,10,38,0,29423.4
2025-12-01,ST019,PR0039,48,18,36,30,0,27262.8
2025-12-01,ST019,PR0040,10,4,14,0,4,0.0
2025-12-01,ST019,PR0041,9,39,12,36,0,35402.04
2025-12-01,ST019,PR0042,39,4,3,40,0,5622.0
2025-12-01,ST019,PR0043,12,21,25,8,0,1628.32
2025-12-01,ST019,PR0044,22,35,33,24,0,6271.44
2025-12-01,ST019,PR0045,25,34,40,19,0,5434.95
2025-12-01,ST019,PR0046,16,24,23,17,0,6074.78
2025-12-01,ST019,PR0047,57,38,28,67,0,25814.43
2025-12-01,ST019,PR0048,31,50,27,54,0,25300.08
2025-12-01,ST019,PR0049,37,29,21,45,0,26966.25
2025-12-01,ST019,PR0050,14,53,7,60,0,35625.0
2025-12-01,ST019,PR0051,8,6,12,2,5,1298.38
2025-12-01,ST019,PR0052,40,20,32,28,0,18407.48
2025-12-01,ST019,PR0053,32,30,14,48,0,34834.08
2025-12-01,ST019,PR0054,19,6,21,4,0,3993.72
2025-12-01,ST019,PR0055,12,22,15,19,0,18306.69
2025-12-01,ST019,PR0056,63,50,20,93,0,16517.73
2025-12-01,ST019,PR0057,24,24,0,48,0,9530.88
2025-12-01,ST019,PR0058,52,22,21,53,0,16407.74
2025-12-01,ST019,PR0059,54,53,23,84,0,24953.88
2025-12-01,ST019,PR0060,44,16,36,24,0,9117.36
2025-12-01,ST020,PR0001,63,53,27,89,0,21330.63
2025-12-01,ST020,PR0002,6,15,21,0,7,0.0
2025-12-01,ST020,PR0003,44,50,13,81,0,25254.18
2025-12-01,ST020,PR0004,59,10,25,44,0,15658.28
2025-12-01,ST020,PR0005,51,17,9,59,0,29323.0
2025-12-01,ST020,PR0006,41,31,0,72,0,39411.36
2025-12-01,ST020,PR0007,17,32,15,34,0,22291.08
2025-12-01,ST020,PR0008,10,51,27,34,0,17903.04
2025-12-01,ST020,PR0009,27,6,20,13,0,8616.79
2025-12-01,ST020,PR0010,44,37,17,64,0,38787.84
2025-12-01,ST020,PR0011,19,21,36,4,0,2843.32
2025-12-01,ST020,PR0012,52,39,26,65,0,55653.0
2025-12-01,ST020,PR0013,54,10,6,58,0,43202.46
2025-12-01,ST020,PR0014,25,3,28,0,8,0.0
2025-12-01,ST020,PR0015,16,7,13,10,0,2405.9
2025-12-01,ST020,PR0016,6,15,21,0,2,0.0
2025-12-01,ST020,PR0017,36,29,23,42,0,12792.78
2025-12-01,ST020,PR0018,19,49,34,34,0,14013.44
2025-12-01,ST020,PR0019,61,21,35,47,0,23961.54
2025-12-01,ST020,PR0020,11,18,1,28,0,11615.24
2025-12-01,ST020,PR0021,31,39,13,57,0,36288.48
2025-12-01,ST020,PR0022,20,1,21,0,10,0.0
2025-12-01,ST020,PR0023,11,17,24,4,0,2565.16
2025-12-01,ST020,PR0024,17,15,9,23,0,14765.31
2025-12-01,ST020,PR0025,12,6,18,0,5,0.0
2025-12-01,ST020,PR0026,50,5,20,35,0,28018.9
2025-12-01,ST020,PR0027,41,43,32,52,0,39944.84
2025-12-01,ST020,PR0028,6,43,32,17,0,2446.3
2025-12-01,ST020,PR0029,58,23,36,45,0,11606.85
2025-12-01,ST020,PR0030,39,20,26,33,0,9762.06
2025-12-01,ST020,PR0031,38,38,22,54,0,20622.6
2025-12-01,ST020,PR0032,31,22,48,5,0,2168.8
2025-12-01,ST020,PR0033,28,31,36,23,0,10621.4
2025-12-01,ST020,PR0034,34,5,11,28,0,16968.0
2025-12-01,ST020,PR0035,10,48,22,36,0,19538.28
2025-12-01,ST020,PR0036,18,19,5,32,0,20448.32
2025-12-01,ST020,PR0037,26,49,35,40,0,30812.8
2025-12-01,ST020,PR0038,23,50,32,41,0,31746.3
2025-12-01,ST020,PR0039,51,28,33,46,0,41802.96
2025-12-01,ST020,PR0040,18,41,10,49,0,43117.06
2025-12-01,ST020,PR0041,42,54,18,78,0,76704.42
2025-12-01,ST020,PR0042,37,55,6,86,0,12087.3
2025-12-01,ST020,PR0043,52,29,19,62,0,12619.48
2025-12-01,ST020,PR0044,8,2,10,0,8,0.0
2025-12-01,ST020,PR0045,15,28,35,8,0,2288.4
2025-12-01,ST020,PR0046,30,19,38,11,0,3930.74
2025-12-01,ST020,PR0047,19,49,19,49,0,18879.21
2025-12-01,ST020,PR0048,16,27,39,4,0,1874.08
2025-12-01,ST020,PR0049,59,51,31,79,0,47340.75
2025-12-01,ST020,PR0050,59,13,0,72,0,42750.0
2025-12-01,ST020,PR0051,48,4,20,32,0,20774.08
2025-12-01,ST020,PR0052,14,34,33,15,0,9861.15
2025-12-01,ST020,PR0053,30,1,24,7,0,5079.97
2025-12-01,ST020,PR0054,26,38,36,28,0,27956.04
2025-12-01,ST020,PR0055,56,28,21,63,0,60701.13
2025-12-01,ST020,PR0056,31,42,2,71,0,12610.31
2025-12-01,ST020,PR0057,15,16,14,17,0,3375.52
2025-12-01,ST020,PR0058,22,55,9,68,0,21051.44
2025-12-01,ST020,PR0059,5,55,36,24,0,7129.68
2025-12-01,ST020,PR0060,29,55,24,60,0,22793.4
2025-12-01,ST021,PR0001,28,51,30,49,0,11743.83
2025-12-01,ST021,PR0002,48,24,26,46,0,10685.34
2025-12-01,ST021,PR0003,18,42,35,25,0,7794.5
2025-12-01,ST021,PR0004,64,35,13,86,0,30604.82
2025-12-01,ST021,PR0005,40,21,0,61,0,30317.0
2025-12-01,ST021,PR0006,47,20,19,48,0,26274.24
2025-12-01,ST021,PR0007,14,48,31,31,0,20324.22
2025-12-01,ST021,PR0008,18,39,11,46,0,24221.76
2025-12-01,ST021,PR0009,9,44,40,13,0,8616.79
2025-12-01,ST021,PR0010,36,32,21,47,0,28484.82
2025-12-01,ST021,PR0011,9,12,16,5,0,3554.15
2025-12-01,ST021,PR0012,34,45,17,62,0,53084.4
2025-12-01,ST021,PR0013,51,38,39,50,0,37243.5
2025-12-01,ST021,PR0014,34,2,36,0,9,0.0
2025-12-01,ST021,PR0015,21,24,29,16,0,3849.44
2025-12-01,ST021,PR0016,20,27,19,28,0,8102.08
2025-12-01,ST021,PR0017,51,34,4,81,0,24671.79
2025-12-01,ST021,PR0018,41,29,23,47,0,19371.52
2025-12-01,ST021,PR0019,45,15,23,37,0,18863.34
2025-12-01,ST021,PR0020,58,29,17,70,0,29038.1
2025-12-01,ST021,PR0021,31,35,23,43,0,27375.52
2025-12-01,ST021,PR0022,14,22,3,33,0,22253.22
2025-12-01,ST021,PR0023,9,4,13,0,3,0.0
2025-12-01,ST021,PR0024,32,24,9,47,0,30172.59
2025-12-01,ST021,PR0025,19,53,28,44,0,41278.6
2025-12-01,ST021,PR0026,22,33,0,55,0,44029.7
2025-12-01,ST021,PR0027,21,51,18,54,0,41481.18
2025-12-01,ST021,PR0028,31,32,30,33,0,4748.7
2025-12-01,ST021,PR0029,50,17,17,50,0,12896.5
2025-12-01,ST021,PR0030,32,41,32,41,0,12128.62
2025-12-01,ST021,PR0031,17,1,11,7,0,2673.3
2025-12-01,ST021,PR0032,39,23,38,24,0,10410.24
2025-12-01,ST021,PR0033,33,19,35,17,0,7850.6
2025-12-01,ST021,PR0034,59,23,39,43,0,26058.0
2025-12-01,ST021,PR0035,26,3,8,21,0,11397.33
2025-12-01,ST021,PR0036,29,16,23,22,0,14058.22
2025-12-01,ST021,PR0037,61,22,14,69,0,53152.08
2025-12-01,ST021,PR0038,17,50,42,25,0,19357.5
2025-12-01,ST021,PR0039,32,26,26,32,0,29080.32
2025-12-01,ST021,PR0040,40,53,7,86,0,75674.84
2025-12-01,ST021,PR0041,63,44,34,73,0,71787.47
2025-12-01,ST021,PR0042,55,19,26,48,0,6746.4
2025-12-01,ST021,PR0043,13,18,0,31,0,6309.74
2025-12-01,ST021,PR0044,62,28,22,68,0,17769.08
2025-12-01,ST021,PR0045,62,7,17,52,0,14874.6
2025-12-01,ST021,PR0046,41,44,31,54,0,19296.36
2025-12-01,ST021,PR0047,19,49,28,40,0,15411.6
2025-12-01,ST021,PR0048,30,30,14,46,0,21551.92
2025-12-01,ST021,PR0049,56,18,18,56,0,33558.0
2025-12-01,ST021,PR0050,46,26,36,36,0,21375.0
2025-12-01,ST021,PR0051,34,18,35,17,0,11036.23
2025-12-01,ST021,PR0052,4,8,12,0,10,0.0
2025-12-01,ST021,PR0053,60,9,33,36,0,26125.56
2025-12-01,ST021,PR0054,31,33,11,53,0,52916.79
2025-12-01,ST021,PR0055,41,35,1,75,0,72263.25
2025-12-01,ST021,PR0056,40,43,18,65,0,11544.65
2025-12-01,ST021,PR0057,65,4,55,14,0,2779.84
2025-12-01,ST021,PR0058,35,21,23,33,0,10216.14
2025-12-01,ST021,PR0059,31,49,6,74,0,21983.18
2025-12-01,ST021,PR0060,33,35,14,54,0,20514.06
2025-12-01,ST022,PR0001,55,44,29,70,0,16776.9
2025-12-01,ST022,PR0002,16,50,36,30,0,6968.7
2025-12-01,ST022,PR0003,37,43,36,44,0,13718.32
2025-12-01,ST022,PR0004,43,11,29,25,0,8896.75
2025-12-01,ST022,PR0005,21,11,32,0,2,0.0
2025-12-01,ST022,PR0006,53,54,14,93,0,50906.34
2025-12-01,ST022,PR0007,16,52,14,54,0,35403.48
2025-12-01,ST022,PR0008,27,44,0,71,0,37385.76
2025-12-01,ST022,PR0009,29,13,39,3,0,1988.49
2025-12-01,ST022,PR0010,14,16,16,14,0,8484.84
2025-12-01,ST022,PR0011,46,0,19,27,0,19192.41
2025-12-01,ST022,PR0012,9,24,10,23,0,19692.6
2025-12-01,ST022,PR0013,57,45,28,74,0,55120.38
2025-12-01,ST022,PR0014,22,27,19,30,0,4518.6
2025-12-01,ST022,PR0015,16,0,16,0,3,0.0
2025-12-01,ST022,PR0016,49,15,37,27,0,7812.72
2025-12-01,ST022,PR0017,21,3,24,0,6,0.0
2025-12-01,ST022,PR0018,20,9,21,8,0,3297.28
2025-12-01,ST022,PR0019,62,34,0,96,0,48942.72
2025-12-01,ST022,PR0020,29,30,11,48,0,19911.84
2025-12-01,ST022,PR0021,44,30,20,54,0,34378.56
2025-12-01,ST022,PR0022,6,37,24,19,0,12812.46
2025-12-01,ST022,PR0023,42,8,1,49,0,31423.21
2025-12-01,ST022,PR0024,20,20,24,16,0,10271.52
2025-12-01,ST022,PR0025,19,5,24,0,5,0.0
2025-12-01,ST022,PR0026,12,45,12,45,0,36024.3
2025-12-01,ST022,PR0027,31,8,13,26,0,19972.42
2025-12-01,ST022,PR0028,41,50,39,52,0,7482.8
2025-12-01,ST022,PR0029,12,42,27,27,0,6964.11
2025-12-01,ST022,PR0030,16,16,20,12,0,3549.84
2025-12-01,ST022,PR0031,15,38,18,35,0,13366.5
2025-12-01,ST022,PR0032,39,54,21,72,0,31230.72
2025-12-01,ST022,PR0033,35,17,47,5,0,2309.0
2025-12-01,ST022,PR0034,29,6,25,10,0,6060.0
2025-12-01,ST022,PR0035,38,11,16,33,0,17910.09
2025-12-01,ST022,PR0036,46,39,29,56,0,35784.56
2025-12-01,ST022,PR0037,21,38,22,37,0,28501.84
2025-12-01,ST022,PR0038,6,43,40,9,0,6968.7
2025-12-01,ST022,PR0039,56,23,21,58,0,52708.08
2025-12-01,ST022,PR0040,29,45,14,60,0,52796.4
2025-12-01,ST022,PR0041,59,36,17,78,0,76704.42
2025-12-01,ST022,PR0042,5,36,0,41,0,5762.55
2025-12-01,ST022,PR0043,24,44,26,42,0,8548.68
2025-12-01,ST022,PR0044,52,29,23,58,0,15155.98
2025-12-01,ST022,PR0045,21,46,31,36,0,10297.8
2025-12-01,ST022,PR0046,51,2,21,32,0,11434.88
2025-12-01,ST022,PR0047,33,26,6,53,0,20420.37
2025-12-01,ST022,PR0048,42,38,18,62,0,29048.24
2025-12-01,ST022,PR0049,8,26,34,0,12,0.0
2025-12-01,ST022,PR0050,49,17,5,61,0,36218.75
2025-12-01,ST022,PR0051,31,36,0,67,0,43495.73
2025-12-01,ST022,PR0052,44,19,38,25,0,16435.25
2025-12-01,ST022,PR0053,63,40,17,86,0,62411.06
2025-12-01,ST022,PR0054,11,26,27,10,0,9984.3
2025-12-01,ST022,PR0055,51,53,16,88,0,84788.88
2025-12-01,ST022,PR0056,63,42,8,97,0,17228.17
2025-12-01,ST022,PR0057,45,5,32,18,0,3574.08
2025-12-01,ST022,PR0058,17,18,14,21,0,6501.18
2025-12-01,ST022,PR0059,21,28,18,31,0,9209.17
2025-12-01,ST022,PR0060,54,44,29,69,0,26212.41
2025-12-01,ST023,PR0001,57,42,30,69,0,16537.23
2025-12-01,ST023,PR0002,8,45,24,29,0,6736.41
2025-12-01,ST023,PR0003,24,34,16,42,0,13094.76
2025-12-01,ST023,PR0004,25,13,33,5,0,1779.35
2025-12-01,ST023,PR0005,10,5,15,0,10,0.0
2025-12-01,ST023,PR0006,17,13,30,0,7,0.0
2025-12-01,ST023,PR0007,6,18,24,0,5,0.0
2025-12-01,ST023,PR0008,37,43,11,69,0,36332.64
2025-12-01,ST023,PR0009,53,26,15,64,0,42421.12
2025-12-01,ST023,PR0010,56,46,6,96,0,58181.76
2025-12-01,ST023,PR0011,22,30,0,52,0,36963.16
2025-12-01,ST023,PR0012,43,9,36,16,0,13699.2
2025-12-01,ST023,PR0013,13,37,12,38,0,28305.06
2025-12-01,ST023,PR0014,28,39,3,64,0,9639.68
2025-12-01,ST023,PR0015,40,11,21,30,0,7217.7
2025-12-01,ST023,PR0016,38,23,22,39,0,11285.04
2025-12-01,ST023,PR0017,12,1,13,0,5,0.0
2025-12-01,ST023,PR0018,14,36,6,44,0,18135.04
2025-12-01,ST023,PR0019,25,14,21,18,0,9176.76
2025-12-01,ST023,PR0020,30,47,4,73,0,30282.59
2025-12-01,ST023,PR0021,53,44,0,97,0,61754.08
2025-12-01,ST023,PR0022,8,53,20,41,0,27647.94
2025-12-01,ST023,PR0023,45,46,32,59,0,37836.11
2025-12-01,ST023,PR0024,37,48,15,70,0,44937.9
2025-12-01,ST023,PR0025,47,2,19,30,0,28144.5
2025-12-01,ST023,PR0026,44,49,7,86,0,68846.44
2025-12-01,ST023,PR0027,33,47,25,55,0,42249.35
2025-12-01,ST023,PR0028,22,44,5,61,0,8777.9
2025-12-01,ST023,PR0029,54,36,16,74,0,19086.82
2025-12-01,ST023,PR0030,37,40,11,66,0,19524.12
2025-12-01,ST023,PR0031,44,26,30,40,0,15276.0
2025-12-01,ST023,PR0032,17,22,17,22,0,9542.72
2025-12-01,ST023,PR0033,35,24,45,14,0,6465.2
2025-12-01,ST023,PR0034,25,0,25,0,6,0.0
2025-12-01,ST023,PR0035,26,7,12,21,0,11397.33
2025-12-01,ST023,PR0036,16,45,16,45,0,28755.45
2025-12-01,ST023,PR0037,37,11,10,38,0,29272.16
2025-12-01,ST023,PR0038,44,18,23,39,0,30197.7
2025-12-01,ST023,PR0039,13,21,30,4,0,3635.04
2025-12-01,ST023,PR0040,16,35,34,17,0,14958.98
2025-12-01,ST023,PR0041,58,52,36,74,0,72770.86
2025-12-01,ST023,PR0042,46,47,29,64,0,8995.2
2025-12-01,ST023,PR0043,47,47,23,71,0,14451.34
2025-12-01,ST023,PR0044,58,35,6,87,0,22733.97
2025-12-01,ST023,PR0045,34,29,25,38,0,10869.9
2025-12-01,ST023,PR0046,42,21,23,40,0,14293.6
2025-12-01,ST023,PR0047,55,22,39,38,0,14641.02
2025-12-01,ST023,PR0048,5,50,20,35,0,16398.2
2025-12-01,ST023,PR0049,58,7,30,35,0,20973.75
2025-12-01,ST023,PR0050,24,14,0,38,0,22562.5
2025-12-01,ST023,PR0051,59,14,13,60,0,38951.4
2025-12-01,ST023,PR0052,36,0,36,0,11,0.0
2025-12-01,ST023,PR0053,43,17,36,24,0,17417.04
2025-12-01,ST023,PR0054,48,24,40,32,0,31949.76
2025-12-01,ST023,PR0055,8,2,10,0,6,0.0
2025-12-01,ST023,PR0056,53,8,28,33,0,5861.13
2025-12-01,ST023,PR0057,26,40,25,41,0,8140.96
2025-12-01,ST023,PR0058,11,8,19,0,7,0.0
2025-12-01,ST023,PR0059,36,7,31,12,0,3564.84
2025-12-01,ST023,PR0060,55,5,21,39,0,14815.71
2025-12-01,ST024,PR0001,62,9,0,71,0,17016.57
2025-12-01,ST024,PR0002,32,25,15,42,0,9756.18
2025-12-01,ST024,PR0003,50,4,32,22,0,6859.16
2025-12-01,ST024,PR0004,61,27,31,57,0,20284.59
2025-12-01,ST024,PR0005,31,51,40,42,0,20874.0
2025-12-01,ST024,PR0006,46,40,21,65,0,35579.7
2025-12-01,ST024,PR0007,58,43,20,81,0,53105.22
2025-12-01,ST024,PR0008,9,9,3,15,0,7898.4
2025-12-01,ST024,PR0009,28,25,33,20,0,13256.6
2025-12-01,ST024,PR0010,23,20,43,0,10,0.0
2025-12-01,ST024,PR0011,51,6,21,36,0,25589.88
2025-12-01,ST024,PR0012,15,20,32,3,0,2568.6
2025-12-01,ST024,PR0013,60,35,17,78,0,58099.86
2025-12-01,ST024,PR0014,39,47,29,57,0,8585.34
2025-12-01,ST024,PR0015,55,55,42,68,0,16360.12
2025-12-01,ST024,PR0016,62,6,18,50,0,14468.0
2025-12-01,ST024,PR0017,37,7,32,12,0,3655.08
2025-12-01,ST024,PR0018,45,27,17,55,0,22668.8
2025-12-01,ST024,PR0019,7,47,27,27,0,13765.14
2025-12-01,ST024,PR0020,22,19,28,13,0,5392.79
2025-12-01,ST024,PR0021,47,10,22,35,0,22282.4
2025-12-01,ST024,PR0022,25,28,5,48,0,32368.32
2025-12-01,ST024,PR0023,32,16,37,11,0,7054.19
2025-12-01,ST024,PR0024,26,8,27,7,0,4493.79
2025-12-01,ST024,PR0025,51,52,24,79,0,74113.85
2025-12-01,ST024,PR0026,4,13,0,17,0,13609.18
2025-12-01,ST024,PR0027,61,23,29,55,0,42249.35
2025-12-01,ST024,PR0028,32,10,28,14,0,2014.6
2025-12-01,ST024,PR0029,59,42,39,62,0,15991.66
2025-12-01,ST024,PR0030,63,15,23,55,0,16270.1
2025-12-01,ST024,PR0031,36,55,22,69,0,26351.1
2025-12-01,ST024,PR0032,58,51,35,74,0,32098.24
2025-12-01,ST024,PR0033,6,12,18,0,12,0.0
2025-12-01,ST024,PR0034,54,41,24,71,0,43026.0
2025-12-01,ST024,PR0035,12,12,24,0,11,0.0
2025-12-01,ST024,PR0036,47,2,19,30,0,19170.3
2025-12-01,ST024,PR0037,12,25,27,10,0,7703.2
2025-12-01,ST024,PR0038,54,33,16,71,0,54975.3
2025-12-01,ST024,PR0039,10,12,22,0,5,0.0
2025-12-01,ST024,PR0040,12,4,16,0,12,0.0
2025-12-01,ST024,PR0041,22,53,17,58,0,57036.62
2025-12-01,ST024,PR0042,35,3,38,0,6,0.0
2025-12-01,ST024,PR0043,65,31,28,68,0,13840.72
2025-12-01,ST024,PR0044,12,13,4,21,0,5487.51
2025-12-01,ST024,PR0045,25,39,23,41,0,11728.05
2025-12-01,ST024,PR0046,49,16,13,52,0,18581.68
2025-12-01,ST024,PR0047,37,39,39,37,0,14255.73
2025-12-01,ST024,PR0048,6,45,43,8,0,3748.16
2025-12-01,ST024,PR0049,44,24,15,53,0,31760.25
2025-12-01,ST024,PR0050,59,24,28,55,0,32656.25
2025-12-01,ST024,PR0051,62,34,20,76,0,49338.44
2025-12-01,ST024,PR0052,47,52,12,87,0,57194.67
2025-12-01,ST024,PR0053,60,54,28,86,0,62411.06
2025-12-01,ST024,PR0054,53,50,35,68,0,67893.24
2025-12-01,ST024,PR0055,43,25,7,61,0,58774.11
2025-12-01,ST024,PR0056,41,27,33,35,0,6216.35
2025-12-01,ST024,PR0057,64,3,43,24,0,4765.44
2025-12-01,ST024,PR0058,17,28,24,21,0,6501.18
2025-12-01,ST024,PR0059,25,18,21,22,0,6535.54
2025-12-01,ST024,PR0060,63,25,21,67,0,25452.63
